
     =--------------------------------------------------------------------------------=
                      :::    :::           ::::::::         :::       ::: 
                     :+:   :+:           :+:    :+:        :+:       :+:  
                    +:+  +:+            +:+               +:+       +:+   
                   +#++:++             +#+               +#+  +:+  +#+    
                  +#+  +#+            +#+               +#+ +#+#+ +#+     
                 #+#   #+#           #+#    #+#         #+#+# #+#+#       
                ###    ###           ########           ###   ###         

       Koopmans functional implementation based on DFPT; please cite this program as

        N.Colonna, R. De Gennaro, E. Linscott, and N. Marzari, JCTC 18, 5435 (2022) 

                                                                                    

       If you use the non-collinear mode (with/without spin-orbit coupling) please cite

        A. Marrazzo and N. Colonna, Phys. Rev. Research 6, 033085 (2024)  
     =--------------------------------------------------------------------------------=

     Program KCW v.7.5 starts on 16Sep2025 at 20:34:42 
        Git branch: develop
        Last git commit: 7e86c4d7f8b367fcfbff0156d653f13ca55b1b03-dirty
        Last git commit date: Tue Sep 16 17:33:36 2025 +0000
        Last git commit subject: Merge branch 'vhpsi' into 'develop'

     This program is part of the open-source Quantum ESPRESSO suite
     for quantum simulation of materials; please cite
         "P. Giannozzi et al., J. Phys.:Condens. Matter 21 395502 (2009);
         "P. Giannozzi et al., J. Phys.:Condens. Matter 29 465901 (2017);
         "P. Giannozzi et al., J. Chem. Phys. 152 154105 (2020);
          URL http://www.quantum-espresso.org", 
     in publications or presentations arising from this work. More details at
     http://www.quantum-espresso.org/quote

     Parallel version (MPI), running on     4 processors

     MPI processes distributed on     1 nodes
     R & G space division:  proc/nbgrp/npool/nimage =       4
     4917 MiB available memory on the printing compute node when the environment starts


     KCW INPUT SUMMARY 
     ============================================

      CONTROL 
       # title               =KCW Silicon screen
       # out_dir             =/home/nicola/CODES
       # prefix              =                Si
       # calculation         =            screen
       # kcw_iverbosity      =                 2
       # kcw_at_ks           =                 F
       # MP grid             =     2     2     2
       # spin_component      =                 1
       # homo_only           =                 F
       # read_unitary_matrix =                 T
       # check_ks            =                 T
       # l_vcut              =                 F
       # assume_isolated     =              none
       # io_sp               =                 F
       # io_real_space       =                 F
       # irr_bz              =                 T
           # use_wct         =                 F

      WANNIER 
       # seedname            =                Si
       # num_wann_occ        =                 4
       # num_wann_emp        =                 4
       # have_empty          =                 T
       # has_disentangle     =                 T
       # l_unique_manifold   =                 F

      SCREEN 
       # lrpa                =                 F
       # tr2                 =        0.1000E-17
       # niter               =                33
       # nmix                =                 4
       # eps_inf             =        0.1000E+01
       # check_spread        =                 F
     ============================================

     INFO: Reading pwscf data

     Reading xml data from directory:

     /home/nicola/CODES/q-e-kcw/tempdir/Si.save/

     IMPORTANT: XC functional enforced from input :
     Exchange-correlation= PW
                           (   1   4   0   0   0   0   0)
     Any further DFT definition will be discarded
     Please, verify this is what you really want


     Parallelization info
     --------------------
     sticks:   dense  smooth     PW     G-vecs:    dense   smooth      PW
     Min          73      73     22                  821      821     152
     Max          74      74     23                  823      823     153
     Sum         295     295     91                 3287     3287     609

     Using Slab Decomposition

     Reading collected, re-writing distributed wavefunctions

     INFO: Buffer for KS wfcs, OPENED

     INFO: Optimal Matrix READ

     INFO: total number of Wannier functions    8

     INFO: Unitary matrix, READ from file

     INFO: Buffer for WF rho, OPENED

     INFO: Coulomb q+G=0 treatment:
     INFO: Divergence            none    
     INFO: q-grid dimension         2   2   2
     INFO: cell volume               270.256360799503
     INFO: Gamma Extrapolation       F
     INFO: extrapolation q->0 term not estimated
     INFO: Bare Coulomb q+G=0            0.00000E+00

     INFO: READING Wannier-orbital Densities ...

        ==============================================================================
        iq =     1
        The  Wannier density at  q =    0.0000000   0.0000000   0.0000000  [Cart ]
        The  Wannier density at  q =    0.0000000   0.0000000   0.0000000  [Cryst]
        ==============================================================================


        ==============================================================================
        iq =     2
        The  Wannier density at  q =   -0.5000000   0.5000000  -0.5000000  [Cart ]
        The  Wannier density at  q =    0.0000000   0.0000000   0.5000000  [Cryst]
        ==============================================================================


        ==============================================================================
        iq =     3
        The  Wannier density at  q =    0.5000000   0.5000000   0.5000000  [Cart ]
        The  Wannier density at  q =    0.0000000   0.5000000   0.0000000  [Cryst]
        ==============================================================================


        ==============================================================================
        iq =     4
        The  Wannier density at  q =    0.0000000   1.0000000   0.0000000  [Cart ]
        The  Wannier density at  q =    0.0000000   0.5000000   0.5000000  [Cryst]
        ==============================================================================


        ==============================================================================
        iq =     5
        The  Wannier density at  q =   -0.5000000  -0.5000000   0.5000000  [Cart ]
        The  Wannier density at  q =    0.5000000   0.0000000   0.0000000  [Cryst]
        ==============================================================================


        ==============================================================================
        iq =     6
        The  Wannier density at  q =   -1.0000000   0.0000000   0.0000000  [Cart ]
        The  Wannier density at  q =    0.5000000   0.0000000   0.5000000  [Cryst]
        ==============================================================================


        ==============================================================================
        iq =     7
        The  Wannier density at  q =    0.0000000   0.0000000   1.0000000  [Cart ]
        The  Wannier density at  q =    0.5000000   0.5000000   0.0000000  [Cryst]
        ==============================================================================


        ==============================================================================
        iq =     8
        The  Wannier density at  q =   -0.5000000   0.5000000   0.5000000  [Cart ]
        The  Wannier density at  q =    0.5000000   0.5000000   0.5000000  [Cryst]
        ==============================================================================

     INFO: total number of wannier to compute    8 from     1 to     8

     INFO: PREPARING THE KCW CALCULATION ... DONE




     INFO: LR CALCULATION ...

        INFO: nbnd REDIFINED   20 -->     7


     ==============================================================================
     Calculation of q =    0.0000000   0.0000000   0.0000000  [Cart ]
     Calculation of q =    0.0000000   0.0000000   0.0000000  [Cryst]
     ==============================================================================

        INFO: prepare_q DONE

        INFO: rhowan_q(r) RETRIEVED

        DEBUG: \int dr [rho - rho_PWSCF] =       0.156146E-13


        Start LR calculation for the wannier #  1   iq =  1   spin =  1

        SYM : number of symmetry for iwann =    1 :    6   (out of    48 )
        SYM : iwann=     1 iq =     1 weight =   0.12500000
     Subspace diagonalization in iterative solution of the eigenvalue problem:
     a serial algorithm will be used


     Parallelization info
     --------------------
     sticks:   dense  smooth     PW     G-vecs:    dense   smooth      PW
     Min          73      73     22                  821      821     152
     Max          74      74     23                  823      823     153
     Sum         295     295     91                 3287     3287     609

     Using Slab Decomposition


     Title: 
     KCW Silicon screen                                                         


     bravais-lattice index     =            2
     lattice parameter (alat)  =      10.2631  a.u.
     unit-cell volume          =     270.2564 (a.u.)^3
     number of atoms/cell      =            2
     number of atomic types    =            1
     number of electrons       =         8.00 (up:   4.00, down:   4.00)
     number of Kohn-Sham states=            7
     kinetic-energy cutoff     =      20.0000  Ry
     charge density cutoff     =      80.0000  Ry
     Exchange-correlation= PW
                           (   1   4   0   0   0   0   0)

     celldm(1)=  10.263102  celldm(2)=   0.000000  celldm(3)=   0.000000
     celldm(4)=   0.000000  celldm(5)=   0.000000  celldm(6)=   0.000000

     crystal axes: (cart. coord. in units of alat)
               a(1) = (  -0.500000   0.000000   0.500000 )  
               a(2) = (   0.000000   0.500000   0.500000 )  
               a(3) = (  -0.500000   0.500000   0.000000 )  

     reciprocal axes: (cart. coord. in units 2 pi/alat)
               b(1) = ( -1.000000 -1.000000  1.000000 )  
               b(2) = (  1.000000  1.000000  1.000000 )  
               b(3) = ( -1.000000  1.000000 -1.000000 )  


     PseudoPot. # 1 for Si read from file:
     /home/nicola/CODES/q-e-kcw/pseudo/Si.upf
     MD5 check sum: 9e2d726316af3d4752eea8ab0afbb951
     Pseudo is Norm-conserving + core correction, Zval =  4.0
     Generated using ONCVPSP code by D. R. Hamann
     Using radial grid of 1510 points,  6 beta functions with: 
                l(1) =   0
                l(2) =   0
                l(3) =   1
                l(4) =   1
                l(5) =   2
                l(6) =   2

     atomic species   valence    mass     pseudopotential
     Si                4.00    28.08500     Si( 1.00)

     Starting magnetic structure 
     atomic species   magnetization
     Si              0.000

      6 Sym. Ops. (no inversion) found



   Cartesian axes

     site n.     atom                  positions (alat units)
         1        Si     tau(   1) = (   0.0000000   0.0000000   0.0000000  )
         2        Si     tau(   2) = (  -0.2500000   0.2500000   0.2500000  )

     number of k points=     4
                       cart. coord. in units 2pi/alat
        k(    1) = (   0.0000000   0.0000000   0.0000000), wk =   0.1250000
        k(    2) = (   0.5000000  -0.5000000   0.5000000), wk =   0.3750000
        k(    3) = (   0.0000000  -1.0000000   0.0000000), wk =   0.3750000
        k(    4) = (   0.5000000   0.5000000   0.5000000), wk =   0.1250000

     Dense  grid:     3287 G-vectors     FFT dimensions: (  24,  24,  24)

     Estimated max dynamical RAM per process >       1.40 MB

     Estimated total dynamical RAM >       5.59 MB

     The potential is recalculated from file :
     /home/nicola/CODES/q-e-kcw/tempdir/kcw/q1/Si.save/charge-density

     Starting wfcs are    8 atomic wfcs

     Band Structure Calculation
     Davidson diagonalization with overlap

     ethr =  1.25E-10,  avg # of iterations =  9.8

     total cpu time spent up to now is       -1.0 secs

     End of band structure calculation

 ------ SPIN UP ------------


          k = 0.0000 0.0000 0.0000 (   411 PWs)   bands (ev):

    -5.7058   6.3432   6.3432   6.3432   8.7374   8.7374   8.7374

          k = 0.5000-0.5000 0.5000 (   410 PWs)   bands (ev):

    -3.3376  -0.7612   5.1093   5.1093   7.6771   9.4935   9.4935

          k = 0.0000-1.0000 0.0000 (   412 PWs)   bands (ev):

    -1.5321  -1.5321   3.4046   3.4046   6.7657   6.7657  16.2469

          k = 0.5000 0.5000 0.5000 (   410 PWs)   bands (ev):

    -3.3376  -0.7612   5.1093   5.1093   7.6771   9.4935   9.4935

 ------ SPIN DOWN ----------


          k = 0.0000 0.0000 0.0000 (   411 PWs)   bands (ev):

    -5.7058   6.3432   6.3432   6.3432   8.7374   8.7374   8.7374

          k = 0.5000-0.5000 0.5000 (   410 PWs)   bands (ev):

    -3.3376  -0.7612   5.1093   5.1093   7.6771   9.4935   9.4935

          k = 0.0000-1.0000 0.0000 (   412 PWs)   bands (ev):

    -1.5321  -1.5321   3.4046   3.4046   6.7657   6.7657  16.2469

          k = 0.5000 0.5000 0.5000 (   410 PWs)   bands (ev):

    -3.3376  -0.7612   5.1093   5.1093   7.6771   9.4935   9.4935

     highest occupied, lowest unoccupied level (ev):     6.3432    6.7657

     Writing all to output data dir /home/nicola/CODES/q-e-kcw/tempdir/kcw/q1/Si.save/ :
     XML data file, pseudopotentials, collected wavefunctions

        INFO: NSCF calculation DONE


      iter #   1 total cpu time :     0.3 secs   av.it.:  10.0
      thresh= 1.000E-06 alpha_mix =  0.700 |ddv_scf|^2 =  2.470E-08

      iter #   2 total cpu time :     0.3 secs   av.it.:   9.5
      thresh= 1.000E-06 alpha_mix =  0.700 |ddv_scf|^2 =  2.103E-10

      iter #   3 total cpu time :     0.3 secs   av.it.:   9.4
      thresh= 1.450E-07 alpha_mix =  0.700 |ddv_scf|^2 =  2.227E-12

      iter #   4 total cpu time :     0.4 secs   av.it.:   9.5
      thresh= 1.492E-08 alpha_mix =  0.700 |ddv_scf|^2 =  2.371E-13

      iter #   5 total cpu time :     0.4 secs   av.it.:  10.0
      thresh= 4.869E-09 alpha_mix =  0.700 |ddv_scf|^2 =  1.412E-15

      iter #   6 total cpu time :     0.4 secs   av.it.:   9.6
      thresh= 3.758E-10 alpha_mix =  0.700 |ddv_scf|^2 =  5.422E-17

      iter #   7 total cpu time :     0.5 secs   av.it.:   9.9
      thresh= 7.364E-11 alpha_mix =  0.700 |ddv_scf|^2 =  1.477E-18

      iter #   8 total cpu time :     0.5 secs   av.it.:  10.6
      thresh= 1.215E-11 alpha_mix =  0.700 |ddv_scf|^2 =  1.431E-20

        iq =   1   iwann =   1   rPi_q =     0.00413912    -0.00000000   uPi_q =     0.01275977    -0.00000000   SH_q =     0.01448077     0.00000000

        Start LR calculation for the wannier #  2   iq =  1   spin =  1

        SYM : number of symmetry for iwann =    2 :    6   (out of    48 )
        SYM : iwann=     2 iq =     1 weight =   0.12500000

     Parallelization info
     --------------------
     sticks:   dense  smooth     PW     G-vecs:    dense   smooth      PW
     Min          73      73     22                  821      821     152
     Max          74      74     23                  823      823     153
     Sum         295     295     91                 3287     3287     609

     Using Slab Decomposition


     Title: 
     KCW Silicon screen                                                         


     bravais-lattice index     =            2
     lattice parameter (alat)  =      10.2631  a.u.
     unit-cell volume          =     270.2564 (a.u.)^3
     number of atoms/cell      =            2
     number of atomic types    =            1
     number of electrons       =         8.00 (up:   4.00, down:   4.00)
     number of Kohn-Sham states=            7
     kinetic-energy cutoff     =      20.0000  Ry
     charge density cutoff     =      80.0000  Ry
     Exchange-correlation= PW
                           (   1   4   0   0   0   0   0)

     celldm(1)=  10.263102  celldm(2)=   0.000000  celldm(3)=   0.000000
     celldm(4)=   0.000000  celldm(5)=   0.000000  celldm(6)=   0.000000

     crystal axes: (cart. coord. in units of alat)
               a(1) = (  -0.500000   0.000000   0.500000 )  
               a(2) = (   0.000000   0.500000   0.500000 )  
               a(3) = (  -0.500000   0.500000   0.000000 )  

     reciprocal axes: (cart. coord. in units 2 pi/alat)
               b(1) = ( -1.000000 -1.000000  1.000000 )  
               b(2) = (  1.000000  1.000000  1.000000 )  
               b(3) = ( -1.000000  1.000000 -1.000000 )  


     PseudoPot. # 1 for Si read from file:
     /home/nicola/CODES/q-e-kcw/pseudo/Si.upf
     MD5 check sum: 9e2d726316af3d4752eea8ab0afbb951
     Pseudo is Norm-conserving + core correction, Zval =  4.0
     Generated using ONCVPSP code by D. R. Hamann
     Using radial grid of 1510 points,  6 beta functions with: 
                l(1) =   0
                l(2) =   0
                l(3) =   1
                l(4) =   1
                l(5) =   2
                l(6) =   2

     atomic species   valence    mass     pseudopotential
     Si                4.00    28.08500     Si( 1.00)

     Starting magnetic structure 
     atomic species   magnetization
     Si              0.000

      6 Sym. Ops. (no inversion) found



   Cartesian axes

     site n.     atom                  positions (alat units)
         1        Si     tau(   1) = (   0.0000000   0.0000000   0.0000000  )
         2        Si     tau(   2) = (  -0.2500000   0.2500000   0.2500000  )

     number of k points=     4
                       cart. coord. in units 2pi/alat
        k(    1) = (   0.0000000   0.0000000   0.0000000), wk =   0.1250000
        k(    2) = (   0.5000000  -0.5000000   0.5000000), wk =   0.1250000
        k(    3) = (   0.0000000  -1.0000000   0.0000000), wk =   0.3750000
        k(    4) = (  -0.5000000  -0.5000000   0.5000000), wk =   0.3750000

     Dense  grid:     3287 G-vectors     FFT dimensions: (  24,  24,  24)

     Estimated max dynamical RAM per process >       1.40 MB

     Estimated total dynamical RAM >       5.59 MB

     The potential is recalculated from file :
     /home/nicola/CODES/q-e-kcw/tempdir/kcw/q1/Si.save/charge-density

     Starting wfcs are    8 atomic wfcs

     Band Structure Calculation
     Davidson diagonalization with overlap

     ethr =  1.25E-10,  avg # of iterations =  9.8

     total cpu time spent up to now is       -1.0 secs

     End of band structure calculation

 ------ SPIN UP ------------


          k = 0.0000 0.0000 0.0000 (   411 PWs)   bands (ev):

    -5.7058   6.3432   6.3432   6.3432   8.7374   8.7374   8.7374

          k = 0.5000-0.5000 0.5000 (   410 PWs)   bands (ev):

    -3.3376  -0.7612   5.1093   5.1093   7.6771   9.4935   9.4935

          k = 0.0000-1.0000 0.0000 (   412 PWs)   bands (ev):

    -1.5321  -1.5321   3.4046   3.4046   6.7657   6.7657  16.2469

          k =-0.5000-0.5000 0.5000 (   410 PWs)   bands (ev):

    -3.3376  -0.7612   5.1093   5.1093   7.6771   9.4935   9.4935

 ------ SPIN DOWN ----------


          k = 0.0000 0.0000 0.0000 (   411 PWs)   bands (ev):

    -5.7058   6.3432   6.3432   6.3432   8.7374   8.7374   8.7374

          k = 0.5000-0.5000 0.5000 (   410 PWs)   bands (ev):

    -3.3376  -0.7612   5.1093   5.1093   7.6771   9.4935   9.4935

          k = 0.0000-1.0000 0.0000 (   412 PWs)   bands (ev):

    -1.5321  -1.5321   3.4046   3.4046   6.7657   6.7657  16.2469

          k =-0.5000-0.5000 0.5000 (   410 PWs)   bands (ev):

    -3.3376  -0.7612   5.1093   5.1093   7.6771   9.4935   9.4935

     highest occupied, lowest unoccupied level (ev):     6.3432    6.7657

     Writing all to output data dir /home/nicola/CODES/q-e-kcw/tempdir/kcw/q1/Si.save/ :
     XML data file, pseudopotentials, collected wavefunctions

        INFO: NSCF calculation DONE


      iter #   1 total cpu time :     0.6 secs   av.it.:  10.0
      thresh= 1.000E-06 alpha_mix =  0.700 |ddv_scf|^2 =  2.470E-08

      iter #   2 total cpu time :     0.6 secs   av.it.:   9.6
      thresh= 1.000E-06 alpha_mix =  0.700 |ddv_scf|^2 =  2.103E-10

      iter #   3 total cpu time :     0.7 secs   av.it.:   9.2
      thresh= 1.450E-07 alpha_mix =  0.700 |ddv_scf|^2 =  2.227E-12

      iter #   4 total cpu time :     0.7 secs   av.it.:   9.5
      thresh= 1.492E-08 alpha_mix =  0.700 |ddv_scf|^2 =  2.371E-13

      iter #   5 total cpu time :     0.7 secs   av.it.:  10.0
      thresh= 4.869E-09 alpha_mix =  0.700 |ddv_scf|^2 =  1.413E-15

      iter #   6 total cpu time :     0.8 secs   av.it.:   9.5
      thresh= 3.758E-10 alpha_mix =  0.700 |ddv_scf|^2 =  5.422E-17

      iter #   7 total cpu time :     0.8 secs   av.it.:   9.9
      thresh= 7.364E-11 alpha_mix =  0.700 |ddv_scf|^2 =  1.477E-18

      iter #   8 total cpu time :     0.8 secs   av.it.:  10.8
      thresh= 1.215E-11 alpha_mix =  0.700 |ddv_scf|^2 =  1.430E-20

        iq =   1   iwann =   2   rPi_q =     0.00413912    -0.00000000   uPi_q =     0.01275977     0.00000000   SH_q =     0.01448077     0.00000000

        Start LR calculation for the wannier #  3   iq =  1   spin =  1

        SYM : number of symmetry for iwann =    3 :    6   (out of    48 )
        SYM : iwann=     3 iq =     1 weight =   0.12500000

     Parallelization info
     --------------------
     sticks:   dense  smooth     PW     G-vecs:    dense   smooth      PW
     Min          73      73     22                  821      821     152
     Max          74      74     23                  823      823     153
     Sum         295     295     91                 3287     3287     609

     Using Slab Decomposition


     Title: 
     KCW Silicon screen                                                         


     bravais-lattice index     =            2
     lattice parameter (alat)  =      10.2631  a.u.
     unit-cell volume          =     270.2564 (a.u.)^3
     number of atoms/cell      =            2
     number of atomic types    =            1
     number of electrons       =         8.00 (up:   4.00, down:   4.00)
     number of Kohn-Sham states=            7
     kinetic-energy cutoff     =      20.0000  Ry
     charge density cutoff     =      80.0000  Ry
     Exchange-correlation= PW
                           (   1   4   0   0   0   0   0)

     celldm(1)=  10.263102  celldm(2)=   0.000000  celldm(3)=   0.000000
     celldm(4)=   0.000000  celldm(5)=   0.000000  celldm(6)=   0.000000

     crystal axes: (cart. coord. in units of alat)
               a(1) = (  -0.500000   0.000000   0.500000 )  
               a(2) = (   0.000000   0.500000   0.500000 )  
               a(3) = (  -0.500000   0.500000   0.000000 )  

     reciprocal axes: (cart. coord. in units 2 pi/alat)
               b(1) = ( -1.000000 -1.000000  1.000000 )  
               b(2) = (  1.000000  1.000000  1.000000 )  
               b(3) = ( -1.000000  1.000000 -1.000000 )  


     PseudoPot. # 1 for Si read from file:
     /home/nicola/CODES/q-e-kcw/pseudo/Si.upf
     MD5 check sum: 9e2d726316af3d4752eea8ab0afbb951
     Pseudo is Norm-conserving + core correction, Zval =  4.0
     Generated using ONCVPSP code by D. R. Hamann
     Using radial grid of 1510 points,  6 beta functions with: 
                l(1) =   0
                l(2) =   0
                l(3) =   1
                l(4) =   1
                l(5) =   2
                l(6) =   2

     atomic species   valence    mass     pseudopotential
     Si                4.00    28.08500     Si( 1.00)

     Starting magnetic structure 
     atomic species   magnetization
     Si              0.000

      6 Sym. Ops. (no inversion) found



   Cartesian axes

     site n.     atom                  positions (alat units)
         1        Si     tau(   1) = (   0.0000000   0.0000000   0.0000000  )
         2        Si     tau(   2) = (  -0.2500000   0.2500000   0.2500000  )

     number of k points=     4
                       cart. coord. in units 2pi/alat
        k(    1) = (   0.0000000   0.0000000   0.0000000), wk =   0.1250000
        k(    2) = (   0.5000000  -0.5000000   0.5000000), wk =   0.3750000
        k(    3) = (   0.0000000  -1.0000000   0.0000000), wk =   0.3750000
        k(    4) = (  -0.5000000  -0.5000000   0.5000000), wk =   0.1250000

     Dense  grid:     3287 G-vectors     FFT dimensions: (  24,  24,  24)

     Estimated max dynamical RAM per process >       1.40 MB

     Estimated total dynamical RAM >       5.59 MB

     The potential is recalculated from file :
     /home/nicola/CODES/q-e-kcw/tempdir/kcw/q1/Si.save/charge-density

     Starting wfcs are    8 atomic wfcs

     Band Structure Calculation
     Davidson diagonalization with overlap

     ethr =  1.25E-10,  avg # of iterations =  9.8

     total cpu time spent up to now is       -1.0 secs

     End of band structure calculation

 ------ SPIN UP ------------


          k = 0.0000 0.0000 0.0000 (   411 PWs)   bands (ev):

    -5.7058   6.3432   6.3432   6.3432   8.7374   8.7374   8.7374

          k = 0.5000-0.5000 0.5000 (   410 PWs)   bands (ev):

    -3.3376  -0.7612   5.1093   5.1093   7.6771   9.4935   9.4935

          k = 0.0000-1.0000 0.0000 (   412 PWs)   bands (ev):

    -1.5321  -1.5321   3.4046   3.4046   6.7657   6.7657  16.2469

          k =-0.5000-0.5000 0.5000 (   410 PWs)   bands (ev):

    -3.3376  -0.7612   5.1093   5.1093   7.6771   9.4935   9.4935

 ------ SPIN DOWN ----------


          k = 0.0000 0.0000 0.0000 (   411 PWs)   bands (ev):

    -5.7058   6.3432   6.3432   6.3432   8.7374   8.7374   8.7374

          k = 0.5000-0.5000 0.5000 (   410 PWs)   bands (ev):

    -3.3376  -0.7612   5.1093   5.1093   7.6771   9.4935   9.4935

          k = 0.0000-1.0000 0.0000 (   412 PWs)   bands (ev):

    -1.5321  -1.5321   3.4046   3.4046   6.7657   6.7657  16.2469

          k =-0.5000-0.5000 0.5000 (   410 PWs)   bands (ev):

    -3.3376  -0.7612   5.1093   5.1093   7.6771   9.4935   9.4935

     highest occupied, lowest unoccupied level (ev):     6.3432    6.7657

     Writing all to output data dir /home/nicola/CODES/q-e-kcw/tempdir/kcw/q1/Si.save/ :
     XML data file, pseudopotentials, collected wavefunctions

        INFO: NSCF calculation DONE


      iter #   1 total cpu time :     0.9 secs   av.it.:  10.0
      thresh= 1.000E-06 alpha_mix =  0.700 |ddv_scf|^2 =  2.470E-08

      iter #   2 total cpu time :     1.0 secs   av.it.:   9.5
      thresh= 1.000E-06 alpha_mix =  0.700 |ddv_scf|^2 =  2.103E-10

      iter #   3 total cpu time :     1.0 secs   av.it.:   9.4
      thresh= 1.450E-07 alpha_mix =  0.700 |ddv_scf|^2 =  2.227E-12

      iter #   4 total cpu time :     1.0 secs   av.it.:   9.5
      thresh= 1.492E-08 alpha_mix =  0.700 |ddv_scf|^2 =  2.371E-13

      iter #   5 total cpu time :     1.1 secs   av.it.:   9.9
      thresh= 4.869E-09 alpha_mix =  0.700 |ddv_scf|^2 =  1.412E-15

      iter #   6 total cpu time :     1.1 secs   av.it.:   9.6
      thresh= 3.758E-10 alpha_mix =  0.700 |ddv_scf|^2 =  5.423E-17

      iter #   7 total cpu time :     1.1 secs   av.it.:   9.9
      thresh= 7.364E-11 alpha_mix =  0.700 |ddv_scf|^2 =  1.477E-18

      iter #   8 total cpu time :     1.2 secs   av.it.:  10.8
      thresh= 1.215E-11 alpha_mix =  0.700 |ddv_scf|^2 =  1.431E-20

        iq =   1   iwann =   3   rPi_q =     0.00413912    -0.00000000   uPi_q =     0.01275977     0.00000000   SH_q =     0.01448077     0.00000000

        Start LR calculation for the wannier #  4   iq =  1   spin =  1

        SYM : number of symmetry for iwann =    4 :   12   (out of    48 )
        SYM : iwann=     4 iq =     1 weight =   0.12500000

     Parallelization info
     --------------------
     sticks:   dense  smooth     PW     G-vecs:    dense   smooth      PW
     Min          73      73     22                  821      821     152
     Max          74      74     23                  823      823     153
     Sum         295     295     91                 3287     3287     609

     Using Slab Decomposition


     Title: 
     KCW Silicon screen                                                         


     bravais-lattice index     =            2
     lattice parameter (alat)  =      10.2631  a.u.
     unit-cell volume          =     270.2564 (a.u.)^3
     number of atoms/cell      =            2
     number of atomic types    =            1
     number of electrons       =         8.00 (up:   4.00, down:   4.00)
     number of Kohn-Sham states=            7
     kinetic-energy cutoff     =      20.0000  Ry
     charge density cutoff     =      80.0000  Ry
     Exchange-correlation= PW
                           (   1   4   0   0   0   0   0)

     celldm(1)=  10.263102  celldm(2)=   0.000000  celldm(3)=   0.000000
     celldm(4)=   0.000000  celldm(5)=   0.000000  celldm(6)=   0.000000

     crystal axes: (cart. coord. in units of alat)
               a(1) = (  -0.500000   0.000000   0.500000 )  
               a(2) = (   0.000000   0.500000   0.500000 )  
               a(3) = (  -0.500000   0.500000   0.000000 )  

     reciprocal axes: (cart. coord. in units 2 pi/alat)
               b(1) = ( -1.000000 -1.000000  1.000000 )  
               b(2) = (  1.000000  1.000000  1.000000 )  
               b(3) = ( -1.000000  1.000000 -1.000000 )  


     PseudoPot. # 1 for Si read from file:
     /home/nicola/CODES/q-e-kcw/pseudo/Si.upf
     MD5 check sum: 9e2d726316af3d4752eea8ab0afbb951
     Pseudo is Norm-conserving + core correction, Zval =  4.0
     Generated using ONCVPSP code by D. R. Hamann
     Using radial grid of 1510 points,  6 beta functions with: 
                l(1) =   0
                l(2) =   0
                l(3) =   1
                l(4) =   1
                l(5) =   2
                l(6) =   2

     atomic species   valence    mass     pseudopotential
     Si                4.00    28.08500     Si( 1.00)

     Starting magnetic structure 
     atomic species   magnetization
     Si              0.000

     12 Sym. Ops. (no inversion) found



   Cartesian axes

     site n.     atom                  positions (alat units)
         1        Si     tau(   1) = (   0.0000000   0.0000000   0.0000000  )
         2        Si     tau(   2) = (  -0.2500000   0.2500000   0.2500000  )

     number of k points=     4
                       cart. coord. in units 2pi/alat
        k(    1) = (   0.0000000   0.0000000   0.0000000), wk =   0.1250000
        k(    2) = (   0.5000000  -0.5000000   0.5000000), wk =   0.3750000
        k(    3) = (   0.0000000  -1.0000000   0.0000000), wk =   0.3750000
        k(    4) = (  -0.5000000   0.5000000   0.5000000), wk =   0.1250000

     Dense  grid:     3287 G-vectors     FFT dimensions: (  24,  24,  24)

     Estimated max dynamical RAM per process >       1.40 MB

     Estimated total dynamical RAM >       5.59 MB

     The potential is recalculated from file :
     /home/nicola/CODES/q-e-kcw/tempdir/kcw/q1/Si.save/charge-density

     Starting wfcs are    8 atomic wfcs

     Band Structure Calculation
     Davidson diagonalization with overlap

     ethr =  1.25E-10,  avg # of iterations =  9.8

     total cpu time spent up to now is       -1.0 secs

     End of band structure calculation

 ------ SPIN UP ------------


          k = 0.0000 0.0000 0.0000 (   411 PWs)   bands (ev):

    -5.7058   6.3432   6.3432   6.3432   8.7374   8.7374   8.7374

          k = 0.5000-0.5000 0.5000 (   410 PWs)   bands (ev):

    -3.3376  -0.7612   5.1093   5.1093   7.6771   9.4935   9.4935

          k = 0.0000-1.0000 0.0000 (   412 PWs)   bands (ev):

    -1.5321  -1.5321   3.4046   3.4046   6.7657   6.7657  16.2469

          k =-0.5000 0.5000 0.5000 (   410 PWs)   bands (ev):

    -3.3376  -0.7612   5.1093   5.1093   7.6771   9.4935   9.4935

 ------ SPIN DOWN ----------


          k = 0.0000 0.0000 0.0000 (   411 PWs)   bands (ev):

    -5.7058   6.3432   6.3432   6.3432   8.7374   8.7374   8.7374

          k = 0.5000-0.5000 0.5000 (   410 PWs)   bands (ev):

    -3.3376  -0.7612   5.1093   5.1093   7.6771   9.4935   9.4935

          k = 0.0000-1.0000 0.0000 (   412 PWs)   bands (ev):

    -1.5321  -1.5321   3.4046   3.4046   6.7657   6.7657  16.2469

          k =-0.5000 0.5000 0.5000 (   410 PWs)   bands (ev):

    -3.3376  -0.7612   5.1093   5.1093   7.6771   9.4935   9.4935

     highest occupied, lowest unoccupied level (ev):     6.3432    6.7657

     Writing all to output data dir /home/nicola/CODES/q-e-kcw/tempdir/kcw/q1/Si.save/ :
     XML data file, pseudopotentials, collected wavefunctions

        INFO: NSCF calculation DONE


      iter #   1 total cpu time :     1.3 secs   av.it.:  10.0
      thresh= 1.000E-06 alpha_mix =  0.700 |ddv_scf|^2 =  2.470E-08

      iter #   2 total cpu time :     1.3 secs   av.it.:   9.6
      thresh= 1.000E-06 alpha_mix =  0.700 |ddv_scf|^2 =  2.103E-10

      iter #   3 total cpu time :     1.4 secs   av.it.:   9.4
      thresh= 1.450E-07 alpha_mix =  0.700 |ddv_scf|^2 =  2.227E-12

      iter #   4 total cpu time :     1.4 secs   av.it.:   9.5
      thresh= 1.492E-08 alpha_mix =  0.700 |ddv_scf|^2 =  2.371E-13

      iter #   5 total cpu time :     1.4 secs   av.it.:  10.0
      thresh= 4.869E-09 alpha_mix =  0.700 |ddv_scf|^2 =  1.413E-15

      iter #   6 total cpu time :     1.5 secs   av.it.:   9.5
      thresh= 3.758E-10 alpha_mix =  0.700 |ddv_scf|^2 =  5.422E-17

      iter #   7 total cpu time :     1.5 secs   av.it.:   9.2
      thresh= 7.364E-11 alpha_mix =  0.700 |ddv_scf|^2 =  1.477E-18

      iter #   8 total cpu time :     1.5 secs   av.it.:   9.6
      thresh= 1.215E-11 alpha_mix =  0.700 |ddv_scf|^2 =  1.429E-20

        iq =   1   iwann =   4   rPi_q =     0.00413912     0.00000000   uPi_q =     0.01275977    -0.00000000   SH_q =     0.01448077     0.00000000

        Start LR calculation for the wannier #  5   iq =  1   spin =  1

        SYM : number of symmetry for iwann =    5 :    2   (out of    48 )
        SYM : iwann=     5 iq =     1 weight =   0.12500000

     Parallelization info
     --------------------
     sticks:   dense  smooth     PW     G-vecs:    dense   smooth      PW
     Min          73      73     22                  821      821     152
     Max          74      74     23                  823      823     153
     Sum         295     295     91                 3287     3287     609

     Using Slab Decomposition


     Title: 
     KCW Silicon screen                                                         


     bravais-lattice index     =            2
     lattice parameter (alat)  =      10.2631  a.u.
     unit-cell volume          =     270.2564 (a.u.)^3
     number of atoms/cell      =            2
     number of atomic types    =            1
     number of electrons       =         8.00 (up:   4.00, down:   4.00)
     number of Kohn-Sham states=            7
     kinetic-energy cutoff     =      20.0000  Ry
     charge density cutoff     =      80.0000  Ry
     Exchange-correlation= PW
                           (   1   4   0   0   0   0   0)

     celldm(1)=  10.263102  celldm(2)=   0.000000  celldm(3)=   0.000000
     celldm(4)=   0.000000  celldm(5)=   0.000000  celldm(6)=   0.000000

     crystal axes: (cart. coord. in units of alat)
               a(1) = (  -0.500000   0.000000   0.500000 )  
               a(2) = (   0.000000   0.500000   0.500000 )  
               a(3) = (  -0.500000   0.500000   0.000000 )  

     reciprocal axes: (cart. coord. in units 2 pi/alat)
               b(1) = ( -1.000000 -1.000000  1.000000 )  
               b(2) = (  1.000000  1.000000  1.000000 )  
               b(3) = ( -1.000000  1.000000 -1.000000 )  


     PseudoPot. # 1 for Si read from file:
     /home/nicola/CODES/q-e-kcw/pseudo/Si.upf
     MD5 check sum: 9e2d726316af3d4752eea8ab0afbb951
     Pseudo is Norm-conserving + core correction, Zval =  4.0
     Generated using ONCVPSP code by D. R. Hamann
     Using radial grid of 1510 points,  6 beta functions with: 
                l(1) =   0
                l(2) =   0
                l(3) =   1
                l(4) =   1
                l(5) =   2
                l(6) =   2

     atomic species   valence    mass     pseudopotential
     Si                4.00    28.08500     Si( 1.00)

     Starting magnetic structure 
     atomic species   magnetization
     Si              0.000

      2 Sym. Ops. (no inversion) found



   Cartesian axes

     site n.     atom                  positions (alat units)
         1        Si     tau(   1) = (   0.0000000   0.0000000   0.0000000  )
         2        Si     tau(   2) = (  -0.2500000   0.2500000   0.2500000  )

     number of k points=     6
                       cart. coord. in units 2pi/alat
        k(    1) = (   0.0000000   0.0000000   0.0000000), wk =   0.1250000
        k(    2) = (   0.5000000  -0.5000000   0.5000000), wk =   0.2500000
        k(    3) = (   0.0000000  -1.0000000   0.0000000), wk =   0.2500000
        k(    4) = (   0.5000000   0.5000000   0.5000000), wk =   0.1250000
        k(    5) = (  -0.5000000   0.5000000   0.5000000), wk =   0.1250000
        k(    6) = (   1.0000000   0.0000000   0.0000000), wk =   0.1250000

     Dense  grid:     3287 G-vectors     FFT dimensions: (  24,  24,  24)

     Estimated max dynamical RAM per process >       1.40 MB

     Estimated total dynamical RAM >       5.59 MB

     The potential is recalculated from file :
     /home/nicola/CODES/q-e-kcw/tempdir/kcw/q1/Si.save/charge-density

     Starting wfcs are    8 atomic wfcs

     Band Structure Calculation
     Davidson diagonalization with overlap

     ethr =  1.25E-10,  avg # of iterations = 10.0

     total cpu time spent up to now is       -1.0 secs

     End of band structure calculation

 ------ SPIN UP ------------


          k = 0.0000 0.0000 0.0000 (   411 PWs)   bands (ev):

    -5.7058   6.3432   6.3432   6.3432   8.7374   8.7374   8.7374

          k = 0.5000-0.5000 0.5000 (   410 PWs)   bands (ev):

    -3.3376  -0.7612   5.1093   5.1093   7.6771   9.4935   9.4935

          k = 0.0000-1.0000 0.0000 (   412 PWs)   bands (ev):

    -1.5321  -1.5321   3.4046   3.4046   6.7657   6.7657  16.2469

          k = 0.5000 0.5000 0.5000 (   410 PWs)   bands (ev):

    -3.3376  -0.7612   5.1093   5.1093   7.6771   9.4935   9.4935

          k =-0.5000 0.5000 0.5000 (   410 PWs)   bands (ev):

    -3.3376  -0.7612   5.1093   5.1093   7.6771   9.4935   9.4935

          k = 1.0000 0.0000 0.0000 (   412 PWs)   bands (ev):

    -1.5321  -1.5321   3.4046   3.4046   6.7657   6.7657  16.2469

 ------ SPIN DOWN ----------


          k = 0.0000 0.0000 0.0000 (   411 PWs)   bands (ev):

    -5.7058   6.3432   6.3432   6.3432   8.7374   8.7374   8.7374

          k = 0.5000-0.5000 0.5000 (   410 PWs)   bands (ev):

    -3.3376  -0.7612   5.1093   5.1093   7.6771   9.4935   9.4935

          k = 0.0000-1.0000 0.0000 (   412 PWs)   bands (ev):

    -1.5321  -1.5321   3.4046   3.4046   6.7657   6.7657  16.2469

          k = 0.5000 0.5000 0.5000 (   410 PWs)   bands (ev):

    -3.3376  -0.7612   5.1093   5.1093   7.6771   9.4935   9.4935

          k =-0.5000 0.5000 0.5000 (   410 PWs)   bands (ev):

    -3.3376  -0.7612   5.1093   5.1093   7.6771   9.4935   9.4935

          k = 1.0000 0.0000 0.0000 (   412 PWs)   bands (ev):

    -1.5321  -1.5321   3.4046   3.4046   6.7657   6.7657  16.2469

     highest occupied, lowest unoccupied level (ev):     6.3432    6.7657

     Writing all to output data dir /home/nicola/CODES/q-e-kcw/tempdir/kcw/q1/Si.save/ :
     XML data file, pseudopotentials, collected wavefunctions

        INFO: NSCF calculation DONE


      iter #   1 total cpu time :     1.7 secs   av.it.:   9.2
      thresh= 1.000E-06 alpha_mix =  0.700 |ddv_scf|^2 =  1.654E-09

      iter #   2 total cpu time :     1.7 secs   av.it.:   9.2
      thresh= 4.067E-07 alpha_mix =  0.700 |ddv_scf|^2 =  1.136E-11

      iter #   3 total cpu time :     1.8 secs   av.it.:  10.0
      thresh= 3.371E-08 alpha_mix =  0.700 |ddv_scf|^2 =  9.298E-13

      iter #   4 total cpu time :     1.8 secs   av.it.:  10.9
      thresh= 9.642E-09 alpha_mix =  0.700 |ddv_scf|^2 =  1.088E-14

      iter #   5 total cpu time :     1.9 secs   av.it.:  11.5
      thresh= 1.043E-09 alpha_mix =  0.700 |ddv_scf|^2 =  4.646E-16

      iter #   6 total cpu time :     1.9 secs   av.it.:  11.7
      thresh= 2.155E-10 alpha_mix =  0.700 |ddv_scf|^2 =  1.957E-17

      iter #   7 total cpu time :     2.0 secs   av.it.:  11.8
      thresh= 4.424E-11 alpha_mix =  0.700 |ddv_scf|^2 =  2.960E-18

      iter #   8 total cpu time :     2.1 secs   av.it.:  11.3
      thresh= 1.721E-11 alpha_mix =  0.700 |ddv_scf|^2 =  1.676E-19

        iq =   1   iwann =   5   rPi_q =    -0.00629525     0.00000000   uPi_q =    -0.00510229    -0.00000000   SH_q =     0.00204035    -0.00000000

        Start LR calculation for the wannier #  6   iq =  1   spin =  1

        SYM : number of symmetry for iwann =    6 :   12   (out of    48 )
        SYM : iwann=     6 iq =     1 weight =   0.12500000

     Parallelization info
     --------------------
     sticks:   dense  smooth     PW     G-vecs:    dense   smooth      PW
     Min          73      73     22                  821      821     152
     Max          74      74     23                  823      823     153
     Sum         295     295     91                 3287     3287     609

     Using Slab Decomposition


     Title: 
     KCW Silicon screen                                                         


     bravais-lattice index     =            2
     lattice parameter (alat)  =      10.2631  a.u.
     unit-cell volume          =     270.2564 (a.u.)^3
     number of atoms/cell      =            2
     number of atomic types    =            1
     number of electrons       =         8.00 (up:   4.00, down:   4.00)
     number of Kohn-Sham states=            7
     kinetic-energy cutoff     =      20.0000  Ry
     charge density cutoff     =      80.0000  Ry
     Exchange-correlation= PW
                           (   1   4   0   0   0   0   0)

     celldm(1)=  10.263102  celldm(2)=   0.000000  celldm(3)=   0.000000
     celldm(4)=   0.000000  celldm(5)=   0.000000  celldm(6)=   0.000000

     crystal axes: (cart. coord. in units of alat)
               a(1) = (  -0.500000   0.000000   0.500000 )  
               a(2) = (   0.000000   0.500000   0.500000 )  
               a(3) = (  -0.500000   0.500000   0.000000 )  

     reciprocal axes: (cart. coord. in units 2 pi/alat)
               b(1) = ( -1.000000 -1.000000  1.000000 )  
               b(2) = (  1.000000  1.000000  1.000000 )  
               b(3) = ( -1.000000  1.000000 -1.000000 )  


     PseudoPot. # 1 for Si read from file:
     /home/nicola/CODES/q-e-kcw/pseudo/Si.upf
     MD5 check sum: 9e2d726316af3d4752eea8ab0afbb951
     Pseudo is Norm-conserving + core correction, Zval =  4.0
     Generated using ONCVPSP code by D. R. Hamann
     Using radial grid of 1510 points,  6 beta functions with: 
                l(1) =   0
                l(2) =   0
                l(3) =   1
                l(4) =   1
                l(5) =   2
                l(6) =   2

     atomic species   valence    mass     pseudopotential
     Si                4.00    28.08500     Si( 1.00)

     Starting magnetic structure 
     atomic species   magnetization
     Si              0.000

     12 Sym. Ops. (no inversion) found



   Cartesian axes

     site n.     atom                  positions (alat units)
         1        Si     tau(   1) = (   0.0000000   0.0000000   0.0000000  )
         2        Si     tau(   2) = (  -0.2500000   0.2500000   0.2500000  )

     number of k points=     4
                       cart. coord. in units 2pi/alat
        k(    1) = (   0.0000000   0.0000000   0.0000000), wk =   0.1250000
        k(    2) = (   0.5000000  -0.5000000   0.5000000), wk =   0.3750000
        k(    3) = (   0.0000000  -1.0000000   0.0000000), wk =   0.3750000
        k(    4) = (  -0.5000000   0.5000000   0.5000000), wk =   0.1250000

     Dense  grid:     3287 G-vectors     FFT dimensions: (  24,  24,  24)

     Estimated max dynamical RAM per process >       1.40 MB

     Estimated total dynamical RAM >       5.59 MB

     The potential is recalculated from file :
     /home/nicola/CODES/q-e-kcw/tempdir/kcw/q1/Si.save/charge-density

     Starting wfcs are    8 atomic wfcs

     Band Structure Calculation
     Davidson diagonalization with overlap

     ethr =  1.25E-10,  avg # of iterations =  9.8

     total cpu time spent up to now is       -1.0 secs

     End of band structure calculation

 ------ SPIN UP ------------


          k = 0.0000 0.0000 0.0000 (   411 PWs)   bands (ev):

    -5.7058   6.3432   6.3432   6.3432   8.7374   8.7374   8.7374

          k = 0.5000-0.5000 0.5000 (   410 PWs)   bands (ev):

    -3.3376  -0.7612   5.1093   5.1093   7.6771   9.4935   9.4935

          k = 0.0000-1.0000 0.0000 (   412 PWs)   bands (ev):

    -1.5321  -1.5321   3.4046   3.4046   6.7657   6.7657  16.2469

          k =-0.5000 0.5000 0.5000 (   410 PWs)   bands (ev):

    -3.3376  -0.7612   5.1093   5.1093   7.6771   9.4935   9.4935

 ------ SPIN DOWN ----------


          k = 0.0000 0.0000 0.0000 (   411 PWs)   bands (ev):

    -5.7058   6.3432   6.3432   6.3432   8.7374   8.7374   8.7374

          k = 0.5000-0.5000 0.5000 (   410 PWs)   bands (ev):

    -3.3376  -0.7612   5.1093   5.1093   7.6771   9.4935   9.4935

          k = 0.0000-1.0000 0.0000 (   412 PWs)   bands (ev):

    -1.5321  -1.5321   3.4046   3.4046   6.7657   6.7657  16.2469

          k =-0.5000 0.5000 0.5000 (   410 PWs)   bands (ev):

    -3.3376  -0.7612   5.1093   5.1093   7.6771   9.4935   9.4935

     highest occupied, lowest unoccupied level (ev):     6.3432    6.7657

     Writing all to output data dir /home/nicola/CODES/q-e-kcw/tempdir/kcw/q1/Si.save/ :
     XML data file, pseudopotentials, collected wavefunctions

        INFO: NSCF calculation DONE


      iter #   1 total cpu time :     2.2 secs   av.it.:   9.1
      thresh= 1.000E-06 alpha_mix =  0.700 |ddv_scf|^2 =  1.654E-09

      iter #   2 total cpu time :     2.2 secs   av.it.:   9.0
      thresh= 4.067E-07 alpha_mix =  0.700 |ddv_scf|^2 =  1.136E-11

      iter #   3 total cpu time :     2.2 secs   av.it.:   9.2
      thresh= 3.371E-08 alpha_mix =  0.700 |ddv_scf|^2 =  9.297E-13

      iter #   4 total cpu time :     2.3 secs   av.it.:   9.6
      thresh= 9.642E-09 alpha_mix =  0.700 |ddv_scf|^2 =  1.088E-14

      iter #   5 total cpu time :     2.3 secs   av.it.:  10.0
      thresh= 1.043E-09 alpha_mix =  0.700 |ddv_scf|^2 =  4.603E-16

      iter #   6 total cpu time :     2.4 secs   av.it.:   9.8
      thresh= 2.146E-10 alpha_mix =  0.700 |ddv_scf|^2 =  1.614E-17

      iter #   7 total cpu time :     2.4 secs   av.it.:   9.9
      thresh= 4.017E-11 alpha_mix =  0.700 |ddv_scf|^2 =  4.231E-19

        iq =   1   iwann =   6   rPi_q =    -0.00629522     0.00000000   uPi_q =    -0.00510225     0.00000000   SH_q =     0.00204037     0.00000000

        Start LR calculation for the wannier #  7   iq =  1   spin =  1

        SYM : number of symmetry for iwann =    7 :    2   (out of    48 )
        SYM : iwann=     7 iq =     1 weight =   0.12500000

     Parallelization info
     --------------------
     sticks:   dense  smooth     PW     G-vecs:    dense   smooth      PW
     Min          73      73     22                  821      821     152
     Max          74      74     23                  823      823     153
     Sum         295     295     91                 3287     3287     609

     Using Slab Decomposition


     Title: 
     KCW Silicon screen                                                         


     bravais-lattice index     =            2
     lattice parameter (alat)  =      10.2631  a.u.
     unit-cell volume          =     270.2564 (a.u.)^3
     number of atoms/cell      =            2
     number of atomic types    =            1
     number of electrons       =         8.00 (up:   4.00, down:   4.00)
     number of Kohn-Sham states=            7
     kinetic-energy cutoff     =      20.0000  Ry
     charge density cutoff     =      80.0000  Ry
     Exchange-correlation= PW
                           (   1   4   0   0   0   0   0)

     celldm(1)=  10.263102  celldm(2)=   0.000000  celldm(3)=   0.000000
     celldm(4)=   0.000000  celldm(5)=   0.000000  celldm(6)=   0.000000

     crystal axes: (cart. coord. in units of alat)
               a(1) = (  -0.500000   0.000000   0.500000 )  
               a(2) = (   0.000000   0.500000   0.500000 )  
               a(3) = (  -0.500000   0.500000   0.000000 )  

     reciprocal axes: (cart. coord. in units 2 pi/alat)
               b(1) = ( -1.000000 -1.000000  1.000000 )  
               b(2) = (  1.000000  1.000000  1.000000 )  
               b(3) = ( -1.000000  1.000000 -1.000000 )  


     PseudoPot. # 1 for Si read from file:
     /home/nicola/CODES/q-e-kcw/pseudo/Si.upf
     MD5 check sum: 9e2d726316af3d4752eea8ab0afbb951
     Pseudo is Norm-conserving + core correction, Zval =  4.0
     Generated using ONCVPSP code by D. R. Hamann
     Using radial grid of 1510 points,  6 beta functions with: 
                l(1) =   0
                l(2) =   0
                l(3) =   1
                l(4) =   1
                l(5) =   2
                l(6) =   2

     atomic species   valence    mass     pseudopotential
     Si                4.00    28.08500     Si( 1.00)

     Starting magnetic structure 
     atomic species   magnetization
     Si              0.000

      2 Sym. Ops. (no inversion) found



   Cartesian axes

     site n.     atom                  positions (alat units)
         1        Si     tau(   1) = (   0.0000000   0.0000000   0.0000000  )
         2        Si     tau(   2) = (  -0.2500000   0.2500000   0.2500000  )

     number of k points=     6
                       cart. coord. in units 2pi/alat
        k(    1) = (   0.0000000   0.0000000   0.0000000), wk =   0.1250000
        k(    2) = (   0.5000000  -0.5000000   0.5000000), wk =   0.1250000
        k(    3) = (   0.0000000  -1.0000000   0.0000000), wk =   0.2500000
        k(    4) = (   0.5000000   0.5000000   0.5000000), wk =   0.2500000
        k(    5) = (  -0.5000000   0.5000000   0.5000000), wk =   0.1250000
        k(    6) = (   0.0000000   0.0000000   1.0000000), wk =   0.1250000

     Dense  grid:     3287 G-vectors     FFT dimensions: (  24,  24,  24)

     Estimated max dynamical RAM per process >       1.40 MB

     Estimated total dynamical RAM >       5.59 MB

     The potential is recalculated from file :
     /home/nicola/CODES/q-e-kcw/tempdir/kcw/q1/Si.save/charge-density

     Starting wfcs are    8 atomic wfcs

     Band Structure Calculation
     Davidson diagonalization with overlap

     ethr =  1.25E-10,  avg # of iterations = 10.0

     total cpu time spent up to now is       -1.0 secs

     End of band structure calculation

 ------ SPIN UP ------------


          k = 0.0000 0.0000 0.0000 (   411 PWs)   bands (ev):

    -5.7058   6.3432   6.3432   6.3432   8.7374   8.7374   8.7374

          k = 0.5000-0.5000 0.5000 (   410 PWs)   bands (ev):

    -3.3376  -0.7612   5.1093   5.1093   7.6771   9.4935   9.4935

          k = 0.0000-1.0000 0.0000 (   412 PWs)   bands (ev):

    -1.5321  -1.5321   3.4046   3.4046   6.7657   6.7657  16.2469

          k = 0.5000 0.5000 0.5000 (   410 PWs)   bands (ev):

    -3.3376  -0.7612   5.1093   5.1093   7.6771   9.4935   9.4935

          k =-0.5000 0.5000 0.5000 (   410 PWs)   bands (ev):

    -3.3376  -0.7612   5.1093   5.1093   7.6771   9.4935   9.4935

          k = 0.0000 0.0000 1.0000 (   412 PWs)   bands (ev):

    -1.5321  -1.5321   3.4046   3.4046   6.7657   6.7657  16.2469

 ------ SPIN DOWN ----------


          k = 0.0000 0.0000 0.0000 (   411 PWs)   bands (ev):

    -5.7058   6.3432   6.3432   6.3432   8.7374   8.7374   8.7374

          k = 0.5000-0.5000 0.5000 (   410 PWs)   bands (ev):

    -3.3376  -0.7612   5.1093   5.1093   7.6771   9.4935   9.4935

          k = 0.0000-1.0000 0.0000 (   412 PWs)   bands (ev):

    -1.5321  -1.5321   3.4046   3.4046   6.7657   6.7657  16.2469

          k = 0.5000 0.5000 0.5000 (   410 PWs)   bands (ev):

    -3.3376  -0.7612   5.1093   5.1093   7.6771   9.4935   9.4935

          k =-0.5000 0.5000 0.5000 (   410 PWs)   bands (ev):

    -3.3376  -0.7612   5.1093   5.1093   7.6771   9.4935   9.4935

          k = 0.0000 0.0000 1.0000 (   412 PWs)   bands (ev):

    -1.5321  -1.5321   3.4046   3.4046   6.7657   6.7657  16.2469

     highest occupied, lowest unoccupied level (ev):     6.3432    6.7657

     Writing all to output data dir /home/nicola/CODES/q-e-kcw/tempdir/kcw/q1/Si.save/ :
     XML data file, pseudopotentials, collected wavefunctions

        INFO: NSCF calculation DONE


      iter #   1 total cpu time :     2.5 secs   av.it.:   9.3
      thresh= 1.000E-06 alpha_mix =  0.700 |ddv_scf|^2 =  1.654E-09

      iter #   2 total cpu time :     2.6 secs   av.it.:   9.2
      thresh= 4.067E-07 alpha_mix =  0.700 |ddv_scf|^2 =  1.136E-11

      iter #   3 total cpu time :     2.6 secs   av.it.:  10.0
      thresh= 3.371E-08 alpha_mix =  0.700 |ddv_scf|^2 =  9.298E-13

      iter #   4 total cpu time :     2.7 secs   av.it.:  11.0
      thresh= 9.642E-09 alpha_mix =  0.700 |ddv_scf|^2 =  1.088E-14

      iter #   5 total cpu time :     2.7 secs   av.it.:  11.5
      thresh= 1.043E-09 alpha_mix =  0.700 |ddv_scf|^2 =  4.642E-16

      iter #   6 total cpu time :     2.8 secs   av.it.:  11.7
      thresh= 2.155E-10 alpha_mix =  0.700 |ddv_scf|^2 =  1.929E-17

      iter #   7 total cpu time :     2.8 secs   av.it.:  11.8
      thresh= 4.392E-11 alpha_mix =  0.700 |ddv_scf|^2 =  2.781E-18

      iter #   8 total cpu time :     2.9 secs   av.it.:  11.3
      thresh= 1.668E-11 alpha_mix =  0.700 |ddv_scf|^2 =  1.707E-19

        iq =   1   iwann =   7   rPi_q =    -0.00629526     0.00000000   uPi_q =    -0.00510230    -0.00000000   SH_q =     0.00204034    -0.00000000

        Start LR calculation for the wannier #  8   iq =  1   spin =  1

        SYM : number of symmetry for iwann =    8 :    2   (out of    48 )
        SYM : iwann=     8 iq =     1 weight =   0.12500000

     Parallelization info
     --------------------
     sticks:   dense  smooth     PW     G-vecs:    dense   smooth      PW
     Min          73      73     22                  821      821     152
     Max          74      74     23                  823      823     153
     Sum         295     295     91                 3287     3287     609

     Using Slab Decomposition


     Title: 
     KCW Silicon screen                                                         


     bravais-lattice index     =            2
     lattice parameter (alat)  =      10.2631  a.u.
     unit-cell volume          =     270.2564 (a.u.)^3
     number of atoms/cell      =            2
     number of atomic types    =            1
     number of electrons       =         8.00 (up:   4.00, down:   4.00)
     number of Kohn-Sham states=            7
     kinetic-energy cutoff     =      20.0000  Ry
     charge density cutoff     =      80.0000  Ry
     Exchange-correlation= PW
                           (   1   4   0   0   0   0   0)

     celldm(1)=  10.263102  celldm(2)=   0.000000  celldm(3)=   0.000000
     celldm(4)=   0.000000  celldm(5)=   0.000000  celldm(6)=   0.000000

     crystal axes: (cart. coord. in units of alat)
               a(1) = (  -0.500000   0.000000   0.500000 )  
               a(2) = (   0.000000   0.500000   0.500000 )  
               a(3) = (  -0.500000   0.500000   0.000000 )  

     reciprocal axes: (cart. coord. in units 2 pi/alat)
               b(1) = ( -1.000000 -1.000000  1.000000 )  
               b(2) = (  1.000000  1.000000  1.000000 )  
               b(3) = ( -1.000000  1.000000 -1.000000 )  


     PseudoPot. # 1 for Si read from file:
     /home/nicola/CODES/q-e-kcw/pseudo/Si.upf
     MD5 check sum: 9e2d726316af3d4752eea8ab0afbb951
     Pseudo is Norm-conserving + core correction, Zval =  4.0
     Generated using ONCVPSP code by D. R. Hamann
     Using radial grid of 1510 points,  6 beta functions with: 
                l(1) =   0
                l(2) =   0
                l(3) =   1
                l(4) =   1
                l(5) =   2
                l(6) =   2

     atomic species   valence    mass     pseudopotential
     Si                4.00    28.08500     Si( 1.00)

     Starting magnetic structure 
     atomic species   magnetization
     Si              0.000

      2 Sym. Ops. (no inversion) found



   Cartesian axes

     site n.     atom                  positions (alat units)
         1        Si     tau(   1) = (   0.0000000   0.0000000   0.0000000  )
         2        Si     tau(   2) = (  -0.2500000   0.2500000   0.2500000  )

     number of k points=     6
                       cart. coord. in units 2pi/alat
        k(    1) = (   0.0000000   0.0000000   0.0000000), wk =   0.1250000
        k(    2) = (   0.5000000  -0.5000000   0.5000000), wk =   0.2500000
        k(    3) = (   0.0000000  -1.0000000   0.0000000), wk =   0.1250000
        k(    4) = (  -0.5000000  -0.5000000   0.5000000), wk =   0.1250000
        k(    5) = (  -0.5000000   0.5000000   0.5000000), wk =   0.1250000
        k(    6) = (   0.0000000   0.0000000   1.0000000), wk =   0.2500000

     Dense  grid:     3287 G-vectors     FFT dimensions: (  24,  24,  24)

     Estimated max dynamical RAM per process >       1.40 MB

     Estimated total dynamical RAM >       5.59 MB

     The potential is recalculated from file :
     /home/nicola/CODES/q-e-kcw/tempdir/kcw/q1/Si.save/charge-density

     Starting wfcs are    8 atomic wfcs

     Band Structure Calculation
     Davidson diagonalization with overlap

     ethr =  1.25E-10,  avg # of iterations = 10.0

     total cpu time spent up to now is       -1.0 secs

     End of band structure calculation

 ------ SPIN UP ------------


          k = 0.0000 0.0000 0.0000 (   411 PWs)   bands (ev):

    -5.7058   6.3432   6.3432   6.3432   8.7374   8.7374   8.7374

          k = 0.5000-0.5000 0.5000 (   410 PWs)   bands (ev):

    -3.3376  -0.7612   5.1093   5.1093   7.6771   9.4935   9.4935

          k = 0.0000-1.0000 0.0000 (   412 PWs)   bands (ev):

    -1.5321  -1.5321   3.4046   3.4046   6.7657   6.7657  16.2469

          k =-0.5000-0.5000 0.5000 (   410 PWs)   bands (ev):

    -3.3376  -0.7612   5.1093   5.1093   7.6771   9.4935   9.4935

          k =-0.5000 0.5000 0.5000 (   410 PWs)   bands (ev):

    -3.3376  -0.7612   5.1093   5.1093   7.6771   9.4935   9.4935

          k = 0.0000 0.0000 1.0000 (   412 PWs)   bands (ev):

    -1.5321  -1.5321   3.4046   3.4046   6.7657   6.7657  16.2469

 ------ SPIN DOWN ----------


          k = 0.0000 0.0000 0.0000 (   411 PWs)   bands (ev):

    -5.7058   6.3432   6.3432   6.3432   8.7374   8.7374   8.7374

          k = 0.5000-0.5000 0.5000 (   410 PWs)   bands (ev):

    -3.3376  -0.7612   5.1093   5.1093   7.6771   9.4935   9.4935

          k = 0.0000-1.0000 0.0000 (   412 PWs)   bands (ev):

    -1.5321  -1.5321   3.4046   3.4046   6.7657   6.7657  16.2469

          k =-0.5000-0.5000 0.5000 (   410 PWs)   bands (ev):

    -3.3376  -0.7612   5.1093   5.1093   7.6771   9.4935   9.4935

          k =-0.5000 0.5000 0.5000 (   410 PWs)   bands (ev):

    -3.3376  -0.7612   5.1093   5.1093   7.6771   9.4935   9.4935

          k = 0.0000 0.0000 1.0000 (   412 PWs)   bands (ev):

    -1.5321  -1.5321   3.4046   3.4046   6.7657   6.7657  16.2469

     highest occupied, lowest unoccupied level (ev):     6.3432    6.7657

     Writing all to output data dir /home/nicola/CODES/q-e-kcw/tempdir/kcw/q1/Si.save/ :
     XML data file, pseudopotentials, collected wavefunctions

        INFO: NSCF calculation DONE


      iter #   1 total cpu time :     3.0 secs   av.it.:   9.2
      thresh= 1.000E-06 alpha_mix =  0.700 |ddv_scf|^2 =  1.654E-09

      iter #   2 total cpu time :     3.1 secs   av.it.:   9.1
      thresh= 4.067E-07 alpha_mix =  0.700 |ddv_scf|^2 =  1.136E-11

      iter #   3 total cpu time :     3.1 secs   av.it.:  10.0
      thresh= 3.371E-08 alpha_mix =  0.700 |ddv_scf|^2 =  9.298E-13

      iter #   4 total cpu time :     3.2 secs   av.it.:  10.9
      thresh= 9.642E-09 alpha_mix =  0.700 |ddv_scf|^2 =  1.088E-14

      iter #   5 total cpu time :     3.2 secs   av.it.:  11.4
      thresh= 1.043E-09 alpha_mix =  0.700 |ddv_scf|^2 =  4.645E-16

      iter #   6 total cpu time :     3.3 secs   av.it.:  11.7
      thresh= 2.155E-10 alpha_mix =  0.700 |ddv_scf|^2 =  1.948E-17

      iter #   7 total cpu time :     3.4 secs   av.it.:  11.8
      thresh= 4.414E-11 alpha_mix =  0.700 |ddv_scf|^2 =  2.903E-18

      iter #   8 total cpu time :     3.4 secs   av.it.:  11.3
      thresh= 1.704E-11 alpha_mix =  0.700 |ddv_scf|^2 =  1.686E-19

        iq =   1   iwann =   8   rPi_q =    -0.00629524    -0.00000000   uPi_q =    -0.00510227    -0.00000000   SH_q =     0.00204036    -0.00000000


     ==============================================================================
     Calculation of q =   -0.5000000   0.5000000  -0.5000000  [Cart ]
     Calculation of q =    0.0000000   0.0000000   0.5000000  [Cryst]
     ==============================================================================

        INFO: prepare_q DONE

        INFO: rhowan_q(r) RETRIEVED


        Start LR calculation for the wannier #  1   iq =  2   spin =  1

        SYM : number of symmetry for iwann =    1 :    6   (out of    48 )
        SYM : iwann=     1 iq =     2 weight =   0.37500000

     Parallelization info
     --------------------
     sticks:   dense  smooth     PW     G-vecs:    dense   smooth      PW
     Min          73      73     27                  821      821     186
     Max          74      74     28                  823      823     189
     Sum         295     295    109                 3287     3287     749

     Using Slab Decomposition


     Title: 
     KCW Silicon screen                                                         


     bravais-lattice index     =            2
     lattice parameter (alat)  =      10.2631  a.u.
     unit-cell volume          =     270.2564 (a.u.)^3
     number of atoms/cell      =            2
     number of atomic types    =            1
     number of electrons       =         8.00 (up:   4.00, down:   4.00)
     number of Kohn-Sham states=            7
     kinetic-energy cutoff     =      20.0000  Ry
     charge density cutoff     =      80.0000  Ry
     Exchange-correlation= PW
                           (   1   4   0   0   0   0   0)

     celldm(1)=  10.263102  celldm(2)=   0.000000  celldm(3)=   0.000000
     celldm(4)=   0.000000  celldm(5)=   0.000000  celldm(6)=   0.000000

     crystal axes: (cart. coord. in units of alat)
               a(1) = (  -0.500000   0.000000   0.500000 )  
               a(2) = (   0.000000   0.500000   0.500000 )  
               a(3) = (  -0.500000   0.500000   0.000000 )  

     reciprocal axes: (cart. coord. in units 2 pi/alat)
               b(1) = ( -1.000000 -1.000000  1.000000 )  
               b(2) = (  1.000000  1.000000  1.000000 )  
               b(3) = ( -1.000000  1.000000 -1.000000 )  


     PseudoPot. # 1 for Si read from file:
     /home/nicola/CODES/q-e-kcw/pseudo/Si.upf
     MD5 check sum: 9e2d726316af3d4752eea8ab0afbb951
     Pseudo is Norm-conserving + core correction, Zval =  4.0
     Generated using ONCVPSP code by D. R. Hamann
     Using radial grid of 1510 points,  6 beta functions with: 
                l(1) =   0
                l(2) =   0
                l(3) =   1
                l(4) =   1
                l(5) =   2
                l(6) =   2

     atomic species   valence    mass     pseudopotential
     Si                4.00    28.08500     Si( 1.00)

     Starting magnetic structure 
     atomic species   magnetization
     Si              0.000

      6 Sym. Ops. (no inversion) found



   Cartesian axes

     site n.     atom                  positions (alat units)
         1        Si     tau(   1) = (   0.0000000   0.0000000   0.0000000  )
         2        Si     tau(   2) = (  -0.2500000   0.2500000   0.2500000  )

     number of k points=    12
                       cart. coord. in units 2pi/alat
        k(    1) = (   0.0000000   0.0000000   0.0000000), wk =   0.1250000
        k(    2) = (  -0.5000000   0.5000000  -0.5000000), wk =   0.0000000
        k(    3) = (   0.5000000  -0.5000000   0.5000000), wk =   0.1250000
        k(    4) = (   0.0000000   0.0000000   0.0000000), wk =   0.0000000
        k(    5) = (   0.0000000  -1.0000000   0.0000000), wk =   0.1250000
        k(    6) = (  -0.5000000  -0.5000000  -0.5000000), wk =   0.0000000
        k(    7) = (  -0.5000000   0.5000000   0.5000000), wk =   0.2500000
        k(    8) = (  -1.0000000   1.0000000   0.0000000), wk =   0.0000000
        k(    9) = (  -0.5000000  -0.5000000  -0.5000000), wk =   0.1250000
        k(   10) = (  -1.0000000   0.0000000  -1.0000000), wk =   0.0000000
        k(   11) = (  -1.0000000   0.0000000   0.0000000), wk =   0.2500000
        k(   12) = (  -1.5000000   0.5000000  -0.5000000), wk =   0.0000000

     Dense  grid:     3287 G-vectors     FFT dimensions: (  24,  24,  24)

     Estimated max dynamical RAM per process >       1.44 MB

     Estimated total dynamical RAM >       5.76 MB

     The potential is recalculated from file :
     /home/nicola/CODES/q-e-kcw/tempdir/kcw/q2/Si.save/charge-density

     Starting wfcs are    8 atomic wfcs

     Band Structure Calculation
     Davidson diagonalization with overlap

     ethr =  1.25E-10,  avg # of iterations = 10.0

     total cpu time spent up to now is       -1.0 secs

     End of band structure calculation

 ------ SPIN UP ------------


          k = 0.0000 0.0000 0.0000 (   411 PWs)   bands (ev):

    -5.7058   6.3432   6.3432   6.3432   8.7374   8.7374   8.7374

          k =-0.5000 0.5000-0.5000 (   410 PWs)   bands (ev):

    -3.3376  -0.7612   5.1093   5.1093   7.6771   9.4935   9.4935

          k = 0.5000-0.5000 0.5000 (   410 PWs)   bands (ev):

    -3.3376  -0.7612   5.1093   5.1093   7.6771   9.4935   9.4935

          k = 0.0000 0.0000 0.0000 (   411 PWs)   bands (ev):

    -5.7058   6.3432   6.3432   6.3432   8.7374   8.7374   8.7374

          k = 0.0000-1.0000 0.0000 (   412 PWs)   bands (ev):

    -1.5321  -1.5321   3.4046   3.4046   6.7657   6.7657  16.2469

          k =-0.5000-0.5000-0.5000 (   410 PWs)   bands (ev):

    -3.3376  -0.7612   5.1093   5.1093   7.6771   9.4935   9.4935

          k =-0.5000 0.5000 0.5000 (   410 PWs)   bands (ev):

    -3.3376  -0.7612   5.1093   5.1093   7.6771   9.4935   9.4935

          k =-1.0000 1.0000 0.0000 (   412 PWs)   bands (ev):

    -1.5321  -1.5321   3.4046   3.4046   6.7657   6.7657  16.2469

          k =-0.5000-0.5000-0.5000 (   410 PWs)   bands (ev):

    -3.3376  -0.7612   5.1093   5.1093   7.6771   9.4935   9.4935

          k =-1.0000 0.0000-1.0000 (   412 PWs)   bands (ev):

    -1.5321  -1.5321   3.4046   3.4046   6.7657   6.7657  16.2469

          k =-1.0000 0.0000 0.0000 (   412 PWs)   bands (ev):

    -1.5321  -1.5321   3.4046   3.4046   6.7657   6.7657  16.2469

          k =-1.5000 0.5000-0.5000 (   410 PWs)   bands (ev):

    -3.3376  -0.7612   5.1093   5.1093   7.6771   9.4935   9.4935

 ------ SPIN DOWN ----------


          k = 0.0000 0.0000 0.0000 (   411 PWs)   bands (ev):

    -5.7058   6.3432   6.3432   6.3432   8.7374   8.7374   8.7374

          k =-0.5000 0.5000-0.5000 (   410 PWs)   bands (ev):

    -3.3376  -0.7612   5.1093   5.1093   7.6771   9.4935   9.4935

          k = 0.5000-0.5000 0.5000 (   410 PWs)   bands (ev):

    -3.3376  -0.7612   5.1093   5.1093   7.6771   9.4935   9.4935

          k = 0.0000 0.0000 0.0000 (   411 PWs)   bands (ev):

    -5.7058   6.3432   6.3432   6.3432   8.7374   8.7374   8.7374

          k = 0.0000-1.0000 0.0000 (   412 PWs)   bands (ev):

    -1.5321  -1.5321   3.4046   3.4046   6.7657   6.7657  16.2469

          k =-0.5000-0.5000-0.5000 (   410 PWs)   bands (ev):

    -3.3376  -0.7612   5.1093   5.1093   7.6771   9.4935   9.4935

          k =-0.5000 0.5000 0.5000 (   410 PWs)   bands (ev):

    -3.3376  -0.7612   5.1093   5.1093   7.6771   9.4935   9.4935

          k =-1.0000 1.0000 0.0000 (   412 PWs)   bands (ev):

    -1.5321  -1.5321   3.4046   3.4046   6.7657   6.7657  16.2469

          k =-0.5000-0.5000-0.5000 (   410 PWs)   bands (ev):

    -3.3376  -0.7612   5.1093   5.1093   7.6771   9.4935   9.4935

          k =-1.0000 0.0000-1.0000 (   412 PWs)   bands (ev):

    -1.5321  -1.5321   3.4046   3.4046   6.7657   6.7657  16.2469

          k =-1.0000 0.0000 0.0000 (   412 PWs)   bands (ev):

    -1.5321  -1.5321   3.4046   3.4046   6.7657   6.7657  16.2469

          k =-1.5000 0.5000-0.5000 (   410 PWs)   bands (ev):

    -3.3376  -0.7612   5.1093   5.1093   7.6771   9.4935   9.4935

     highest occupied, lowest unoccupied level (ev):     6.3432    6.7657

     Writing all to output data dir /home/nicola/CODES/q-e-kcw/tempdir/kcw/q2/Si.save/ :
     XML data file, pseudopotentials, collected wavefunctions

        INFO: NSCF calculation DONE


      iter #   1 total cpu time :     3.7 secs   av.it.:  11.9
      thresh= 1.000E-06 alpha_mix =  0.700 |ddv_scf|^2 =  2.907E-06

      iter #   2 total cpu time :     3.7 secs   av.it.:  11.8
      thresh= 1.000E-06 alpha_mix =  0.700 |ddv_scf|^2 =  2.101E-06

      iter #   3 total cpu time :     3.8 secs   av.it.:  11.8
      thresh= 1.000E-06 alpha_mix =  0.700 |ddv_scf|^2 =  1.045E-09

      iter #   4 total cpu time :     3.8 secs   av.it.:  10.0
      thresh= 3.233E-07 alpha_mix =  0.700 |ddv_scf|^2 =  2.684E-11

      iter #   5 total cpu time :     3.9 secs   av.it.:  10.2
      thresh= 5.181E-08 alpha_mix =  0.700 |ddv_scf|^2 =  8.250E-13

      iter #   6 total cpu time :     3.9 secs   av.it.:  11.5
      thresh= 9.083E-09 alpha_mix =  0.700 |ddv_scf|^2 =  4.987E-14

      iter #   7 total cpu time :     4.0 secs   av.it.:  11.5
      thresh= 2.233E-09 alpha_mix =  0.700 |ddv_scf|^2 =  9.586E-16

      iter #   8 total cpu time :     4.1 secs   av.it.:  12.0
      thresh= 3.096E-10 alpha_mix =  0.700 |ddv_scf|^2 =  2.636E-15

      iter #   9 total cpu time :     4.1 secs   av.it.:  10.5
      thresh= 5.134E-10 alpha_mix =  0.700 |ddv_scf|^2 =  1.705E-16

      iter #  10 total cpu time :     4.2 secs   av.it.:  11.7
      thresh= 1.306E-10 alpha_mix =  0.700 |ddv_scf|^2 =  4.483E-18

      iter #  11 total cpu time :     4.2 secs   av.it.:  11.3
      thresh= 2.117E-11 alpha_mix =  0.700 |ddv_scf|^2 =  2.640E-19

        iq =   2   iwann =   1   rPi_q =     0.07280191     0.00000000   uPi_q =     0.19447609    -0.00000000   SH_q =     0.12108476    -0.00000000

        Start LR calculation for the wannier #  2   iq =  2   spin =  1

        SYM : number of symmetry for iwann =    2 :    6   (out of    48 )
        SYM : iwann=     2 iq =     2 weight =   0.12500000

     Parallelization info
     --------------------
     sticks:   dense  smooth     PW     G-vecs:    dense   smooth      PW
     Min          73      73     27                  821      821     181
     Max          74      74     28                  823      823     182
     Sum         295     295    109                 3287     3287     725

     Using Slab Decomposition


     Title: 
     KCW Silicon screen                                                         


     bravais-lattice index     =            2
     lattice parameter (alat)  =      10.2631  a.u.
     unit-cell volume          =     270.2564 (a.u.)^3
     number of atoms/cell      =            2
     number of atomic types    =            1
     number of electrons       =         8.00 (up:   4.00, down:   4.00)
     number of Kohn-Sham states=            7
     kinetic-energy cutoff     =      20.0000  Ry
     charge density cutoff     =      80.0000  Ry
     Exchange-correlation= PW
                           (   1   4   0   0   0   0   0)

     celldm(1)=  10.263102  celldm(2)=   0.000000  celldm(3)=   0.000000
     celldm(4)=   0.000000  celldm(5)=   0.000000  celldm(6)=   0.000000

     crystal axes: (cart. coord. in units of alat)
               a(1) = (  -0.500000   0.000000   0.500000 )  
               a(2) = (   0.000000   0.500000   0.500000 )  
               a(3) = (  -0.500000   0.500000   0.000000 )  

     reciprocal axes: (cart. coord. in units 2 pi/alat)
               b(1) = ( -1.000000 -1.000000  1.000000 )  
               b(2) = (  1.000000  1.000000  1.000000 )  
               b(3) = ( -1.000000  1.000000 -1.000000 )  


     PseudoPot. # 1 for Si read from file:
     /home/nicola/CODES/q-e-kcw/pseudo/Si.upf
     MD5 check sum: 9e2d726316af3d4752eea8ab0afbb951
     Pseudo is Norm-conserving + core correction, Zval =  4.0
     Generated using ONCVPSP code by D. R. Hamann
     Using radial grid of 1510 points,  6 beta functions with: 
                l(1) =   0
                l(2) =   0
                l(3) =   1
                l(4) =   1
                l(5) =   2
                l(6) =   2

     atomic species   valence    mass     pseudopotential
     Si                4.00    28.08500     Si( 1.00)

     Starting magnetic structure 
     atomic species   magnetization
     Si              0.000

      6 Sym. Ops. (no inversion) found



   Cartesian axes

     site n.     atom                  positions (alat units)
         1        Si     tau(   1) = (   0.0000000   0.0000000   0.0000000  )
         2        Si     tau(   2) = (  -0.2500000   0.2500000   0.2500000  )

     number of k points=     8
                       cart. coord. in units 2pi/alat
        k(    1) = (   0.0000000   0.0000000   0.0000000), wk =   0.1250000
        k(    2) = (  -0.5000000   0.5000000  -0.5000000), wk =   0.0000000
        k(    3) = (   0.5000000  -0.5000000   0.5000000), wk =   0.1250000
        k(    4) = (   0.0000000   0.0000000   0.0000000), wk =   0.0000000
        k(    5) = (   0.0000000  -1.0000000   0.0000000), wk =   0.3750000
        k(    6) = (  -0.5000000  -0.5000000  -0.5000000), wk =   0.0000000
        k(    7) = (  -0.5000000  -0.5000000  -0.5000000), wk =   0.3750000
        k(    8) = (  -1.0000000   0.0000000  -1.0000000), wk =   0.0000000

     Dense  grid:     3287 G-vectors     FFT dimensions: (  24,  24,  24)

     Estimated max dynamical RAM per process >       1.44 MB

     Estimated total dynamical RAM >       5.76 MB

     The potential is recalculated from file :
     /home/nicola/CODES/q-e-kcw/tempdir/kcw/q2/Si.save/charge-density

     Starting wfcs are    8 atomic wfcs

     Band Structure Calculation
     Davidson diagonalization with overlap

     ethr =  1.25E-10,  avg # of iterations =  9.8

     total cpu time spent up to now is       -1.0 secs

     End of band structure calculation

 ------ SPIN UP ------------


          k = 0.0000 0.0000 0.0000 (   411 PWs)   bands (ev):

    -5.7058   6.3432   6.3432   6.3432   8.7374   8.7374   8.7374

          k =-0.5000 0.5000-0.5000 (   410 PWs)   bands (ev):

    -3.3376  -0.7612   5.1093   5.1093   7.6771   9.4935   9.4935

          k = 0.5000-0.5000 0.5000 (   410 PWs)   bands (ev):

    -3.3376  -0.7612   5.1093   5.1093   7.6771   9.4935   9.4935

          k = 0.0000 0.0000 0.0000 (   411 PWs)   bands (ev):

    -5.7058   6.3432   6.3432   6.3432   8.7374   8.7374   8.7374

          k = 0.0000-1.0000 0.0000 (   412 PWs)   bands (ev):

    -1.5321  -1.5321   3.4046   3.4046   6.7657   6.7657  16.2469

          k =-0.5000-0.5000-0.5000 (   410 PWs)   bands (ev):

    -3.3376  -0.7612   5.1093   5.1093   7.6771   9.4935   9.4935

          k =-0.5000-0.5000-0.5000 (   410 PWs)   bands (ev):

    -3.3376  -0.7612   5.1093   5.1093   7.6771   9.4935   9.4935

          k =-1.0000 0.0000-1.0000 (   412 PWs)   bands (ev):

    -1.5321  -1.5321   3.4046   3.4046   6.7657   6.7657  16.2469

 ------ SPIN DOWN ----------


          k = 0.0000 0.0000 0.0000 (   411 PWs)   bands (ev):

    -5.7058   6.3432   6.3432   6.3432   8.7374   8.7374   8.7374

          k =-0.5000 0.5000-0.5000 (   410 PWs)   bands (ev):

    -3.3376  -0.7612   5.1093   5.1093   7.6771   9.4935   9.4935

          k = 0.5000-0.5000 0.5000 (   410 PWs)   bands (ev):

    -3.3376  -0.7612   5.1093   5.1093   7.6771   9.4935   9.4935

          k = 0.0000 0.0000 0.0000 (   411 PWs)   bands (ev):

    -5.7058   6.3432   6.3432   6.3432   8.7374   8.7374   8.7374

          k = 0.0000-1.0000 0.0000 (   412 PWs)   bands (ev):

    -1.5321  -1.5321   3.4046   3.4046   6.7657   6.7657  16.2469

          k =-0.5000-0.5000-0.5000 (   410 PWs)   bands (ev):

    -3.3376  -0.7612   5.1093   5.1093   7.6771   9.4935   9.4935

          k =-0.5000-0.5000-0.5000 (   410 PWs)   bands (ev):

    -3.3376  -0.7612   5.1093   5.1093   7.6771   9.4935   9.4935

          k =-1.0000 0.0000-1.0000 (   412 PWs)   bands (ev):

    -1.5321  -1.5321   3.4046   3.4046   6.7657   6.7657  16.2469

     highest occupied, lowest unoccupied level (ev):     6.3432    6.7657

     Writing all to output data dir /home/nicola/CODES/q-e-kcw/tempdir/kcw/q2/Si.save/ :
     XML data file, pseudopotentials, collected wavefunctions

        INFO: NSCF calculation DONE


      iter #   1 total cpu time :     4.4 secs   av.it.:  11.8
      thresh= 1.000E-06 alpha_mix =  0.700 |ddv_scf|^2 =  1.579E-05

      iter #   2 total cpu time :     4.4 secs   av.it.:  12.5
      thresh= 1.000E-06 alpha_mix =  0.700 |ddv_scf|^2 =  8.514E-05

      iter #   3 total cpu time :     4.5 secs   av.it.:  12.1
      thresh= 1.000E-06 alpha_mix =  0.700 |ddv_scf|^2 =  2.211E-09

      iter #   4 total cpu time :     4.5 secs   av.it.:  10.5
      thresh= 4.702E-07 alpha_mix =  0.700 |ddv_scf|^2 =  2.058E-10

      iter #   5 total cpu time :     4.6 secs   av.it.:  10.6
      thresh= 1.434E-07 alpha_mix =  0.700 |ddv_scf|^2 =  5.232E-12

      iter #   6 total cpu time :     4.6 secs   av.it.:  11.4
      thresh= 2.287E-08 alpha_mix =  0.700 |ddv_scf|^2 =  1.101E-13

      iter #   7 total cpu time :     4.6 secs   av.it.:  11.1
      thresh= 3.318E-09 alpha_mix =  0.700 |ddv_scf|^2 =  1.123E-14

      iter #   8 total cpu time :     4.7 secs   av.it.:  11.4
      thresh= 1.060E-09 alpha_mix =  0.700 |ddv_scf|^2 =  2.250E-16

      iter #   9 total cpu time :     4.7 secs   av.it.:  11.5
      thresh= 1.500E-10 alpha_mix =  0.700 |ddv_scf|^2 =  2.303E-17

      iter #  10 total cpu time :     4.8 secs   av.it.:  12.0
      thresh= 4.798E-11 alpha_mix =  0.700 |ddv_scf|^2 =  4.442E-18

      iter #  11 total cpu time :     4.8 secs   av.it.:  12.0
      thresh= 2.107E-11 alpha_mix =  0.700 |ddv_scf|^2 =  2.644E-19

        iq =   2   iwann =   2   rPi_q =     0.00998931     0.00000000   uPi_q =     0.05952884    -0.00000000   SH_q =     0.03746804     0.00000000

        Start LR calculation for the wannier #  3   iq =  2   spin =  1

        SYM : number of symmetry for iwann =    3 :    6   (out of    48 )
        SYM : iwann=     3 iq =     2 weight =   0.37500000

     Parallelization info
     --------------------
     sticks:   dense  smooth     PW     G-vecs:    dense   smooth      PW
     Min          73      73     27                  821      821     186
     Max          74      74     28                  823      823     189
     Sum         295     295    109                 3287     3287     749

     Using Slab Decomposition


     Title: 
     KCW Silicon screen                                                         


     bravais-lattice index     =            2
     lattice parameter (alat)  =      10.2631  a.u.
     unit-cell volume          =     270.2564 (a.u.)^3
     number of atoms/cell      =            2
     number of atomic types    =            1
     number of electrons       =         8.00 (up:   4.00, down:   4.00)
     number of Kohn-Sham states=            7
     kinetic-energy cutoff     =      20.0000  Ry
     charge density cutoff     =      80.0000  Ry
     Exchange-correlation= PW
                           (   1   4   0   0   0   0   0)

     celldm(1)=  10.263102  celldm(2)=   0.000000  celldm(3)=   0.000000
     celldm(4)=   0.000000  celldm(5)=   0.000000  celldm(6)=   0.000000

     crystal axes: (cart. coord. in units of alat)
               a(1) = (  -0.500000   0.000000   0.500000 )  
               a(2) = (   0.000000   0.500000   0.500000 )  
               a(3) = (  -0.500000   0.500000   0.000000 )  

     reciprocal axes: (cart. coord. in units 2 pi/alat)
               b(1) = ( -1.000000 -1.000000  1.000000 )  
               b(2) = (  1.000000  1.000000  1.000000 )  
               b(3) = ( -1.000000  1.000000 -1.000000 )  


     PseudoPot. # 1 for Si read from file:
     /home/nicola/CODES/q-e-kcw/pseudo/Si.upf
     MD5 check sum: 9e2d726316af3d4752eea8ab0afbb951
     Pseudo is Norm-conserving + core correction, Zval =  4.0
     Generated using ONCVPSP code by D. R. Hamann
     Using radial grid of 1510 points,  6 beta functions with: 
                l(1) =   0
                l(2) =   0
                l(3) =   1
                l(4) =   1
                l(5) =   2
                l(6) =   2

     atomic species   valence    mass     pseudopotential
     Si                4.00    28.08500     Si( 1.00)

     Starting magnetic structure 
     atomic species   magnetization
     Si              0.000

      6 Sym. Ops. (no inversion) found



   Cartesian axes

     site n.     atom                  positions (alat units)
         1        Si     tau(   1) = (   0.0000000   0.0000000   0.0000000  )
         2        Si     tau(   2) = (  -0.2500000   0.2500000   0.2500000  )

     number of k points=    12
                       cart. coord. in units 2pi/alat
        k(    1) = (   0.0000000   0.0000000   0.0000000), wk =   0.1250000
        k(    2) = (  -0.5000000   0.5000000  -0.5000000), wk =   0.0000000
        k(    3) = (   0.5000000  -0.5000000   0.5000000), wk =   0.1250000
        k(    4) = (   0.0000000   0.0000000   0.0000000), wk =   0.0000000
        k(    5) = (   0.0000000  -1.0000000   0.0000000), wk =   0.2500000
        k(    6) = (  -0.5000000  -0.5000000  -0.5000000), wk =   0.0000000
        k(    7) = (  -0.5000000  -0.5000000  -0.5000000), wk =   0.2500000
        k(    8) = (  -1.0000000   0.0000000  -1.0000000), wk =   0.0000000
        k(    9) = (  -0.5000000  -0.5000000   0.5000000), wk =   0.1250000
        k(   10) = (  -1.0000000   0.0000000   0.0000000), wk =   0.0000000
        k(   11) = (  -1.0000000   0.0000000   0.0000000), wk =   0.1250000
        k(   12) = (  -1.5000000   0.5000000  -0.5000000), wk =   0.0000000

     Dense  grid:     3287 G-vectors     FFT dimensions: (  24,  24,  24)

     Estimated max dynamical RAM per process >       1.44 MB

     Estimated total dynamical RAM >       5.76 MB

     The potential is recalculated from file :
     /home/nicola/CODES/q-e-kcw/tempdir/kcw/q2/Si.save/charge-density

     Starting wfcs are    8 atomic wfcs

     Band Structure Calculation
     Davidson diagonalization with overlap

     ethr =  1.25E-10,  avg # of iterations = 10.0

     total cpu time spent up to now is       -1.0 secs

     End of band structure calculation

 ------ SPIN UP ------------


          k = 0.0000 0.0000 0.0000 (   411 PWs)   bands (ev):

    -5.7058   6.3432   6.3432   6.3432   8.7374   8.7374   8.7374

          k =-0.5000 0.5000-0.5000 (   410 PWs)   bands (ev):

    -3.3376  -0.7612   5.1093   5.1093   7.6771   9.4935   9.4935

          k = 0.5000-0.5000 0.5000 (   410 PWs)   bands (ev):

    -3.3376  -0.7612   5.1093   5.1093   7.6771   9.4935   9.4935

          k = 0.0000 0.0000 0.0000 (   411 PWs)   bands (ev):

    -5.7058   6.3432   6.3432   6.3432   8.7374   8.7374   8.7374

          k = 0.0000-1.0000 0.0000 (   412 PWs)   bands (ev):

    -1.5321  -1.5321   3.4046   3.4046   6.7657   6.7657  16.2469

          k =-0.5000-0.5000-0.5000 (   410 PWs)   bands (ev):

    -3.3376  -0.7612   5.1093   5.1093   7.6771   9.4935   9.4935

          k =-0.5000-0.5000-0.5000 (   410 PWs)   bands (ev):

    -3.3376  -0.7612   5.1093   5.1093   7.6771   9.4935   9.4935

          k =-1.0000 0.0000-1.0000 (   412 PWs)   bands (ev):

    -1.5321  -1.5321   3.4046   3.4046   6.7657   6.7657  16.2469

          k =-0.5000-0.5000 0.5000 (   410 PWs)   bands (ev):

    -3.3376  -0.7612   5.1093   5.1093   7.6771   9.4935   9.4935

          k =-1.0000 0.0000 0.0000 (   412 PWs)   bands (ev):

    -1.5321  -1.5321   3.4046   3.4046   6.7657   6.7657  16.2469

          k =-1.0000 0.0000 0.0000 (   412 PWs)   bands (ev):

    -1.5321  -1.5321   3.4046   3.4046   6.7657   6.7657  16.2469

          k =-1.5000 0.5000-0.5000 (   410 PWs)   bands (ev):

    -3.3376  -0.7612   5.1093   5.1093   7.6771   9.4935   9.4935

 ------ SPIN DOWN ----------


          k = 0.0000 0.0000 0.0000 (   411 PWs)   bands (ev):

    -5.7058   6.3432   6.3432   6.3432   8.7374   8.7374   8.7374

          k =-0.5000 0.5000-0.5000 (   410 PWs)   bands (ev):

    -3.3376  -0.7612   5.1093   5.1093   7.6771   9.4935   9.4935

          k = 0.5000-0.5000 0.5000 (   410 PWs)   bands (ev):

    -3.3376  -0.7612   5.1093   5.1093   7.6771   9.4935   9.4935

          k = 0.0000 0.0000 0.0000 (   411 PWs)   bands (ev):

    -5.7058   6.3432   6.3432   6.3432   8.7374   8.7374   8.7374

          k = 0.0000-1.0000 0.0000 (   412 PWs)   bands (ev):

    -1.5321  -1.5321   3.4046   3.4046   6.7657   6.7657  16.2469

          k =-0.5000-0.5000-0.5000 (   410 PWs)   bands (ev):

    -3.3376  -0.7612   5.1093   5.1093   7.6771   9.4935   9.4935

          k =-0.5000-0.5000-0.5000 (   410 PWs)   bands (ev):

    -3.3376  -0.7612   5.1093   5.1093   7.6771   9.4935   9.4935

          k =-1.0000 0.0000-1.0000 (   412 PWs)   bands (ev):

    -1.5321  -1.5321   3.4046   3.4046   6.7657   6.7657  16.2469

          k =-0.5000-0.5000 0.5000 (   410 PWs)   bands (ev):

    -3.3376  -0.7612   5.1093   5.1093   7.6771   9.4935   9.4935

          k =-1.0000 0.0000 0.0000 (   412 PWs)   bands (ev):

    -1.5321  -1.5321   3.4046   3.4046   6.7657   6.7657  16.2469

          k =-1.0000 0.0000 0.0000 (   412 PWs)   bands (ev):

    -1.5321  -1.5321   3.4046   3.4046   6.7657   6.7657  16.2469

          k =-1.5000 0.5000-0.5000 (   410 PWs)   bands (ev):

    -3.3376  -0.7612   5.1093   5.1093   7.6771   9.4935   9.4935

     highest occupied, lowest unoccupied level (ev):     6.3432    6.7657

     Writing all to output data dir /home/nicola/CODES/q-e-kcw/tempdir/kcw/q2/Si.save/ :
     XML data file, pseudopotentials, collected wavefunctions

        INFO: NSCF calculation DONE


      iter #   1 total cpu time :     5.1 secs   av.it.:  11.9
      thresh= 1.000E-06 alpha_mix =  0.700 |ddv_scf|^2 =  2.907E-06

      iter #   2 total cpu time :     5.1 secs   av.it.:  11.8
      thresh= 1.000E-06 alpha_mix =  0.700 |ddv_scf|^2 =  2.101E-06

      iter #   3 total cpu time :     5.2 secs   av.it.:  11.8
      thresh= 1.000E-06 alpha_mix =  0.700 |ddv_scf|^2 =  1.045E-09

      iter #   4 total cpu time :     5.2 secs   av.it.:  10.1
      thresh= 3.233E-07 alpha_mix =  0.700 |ddv_scf|^2 =  2.684E-11

      iter #   5 total cpu time :     5.3 secs   av.it.:  10.2
      thresh= 5.181E-08 alpha_mix =  0.700 |ddv_scf|^2 =  8.250E-13

      iter #   6 total cpu time :     5.3 secs   av.it.:  11.4
      thresh= 9.083E-09 alpha_mix =  0.700 |ddv_scf|^2 =  4.988E-14

      iter #   7 total cpu time :     5.4 secs   av.it.:  11.5
      thresh= 2.233E-09 alpha_mix =  0.700 |ddv_scf|^2 =  9.937E-16

      iter #   8 total cpu time :     5.5 secs   av.it.:  12.0
      thresh= 3.152E-10 alpha_mix =  0.700 |ddv_scf|^2 =  2.837E-15

      iter #   9 total cpu time :     5.5 secs   av.it.:  10.4
      thresh= 5.327E-10 alpha_mix =  0.700 |ddv_scf|^2 =  1.600E-16

      iter #  10 total cpu time :     5.6 secs   av.it.:  11.7
      thresh= 1.265E-10 alpha_mix =  0.700 |ddv_scf|^2 =  4.678E-18

      iter #  11 total cpu time :     5.6 secs   av.it.:  11.2
      thresh= 2.163E-11 alpha_mix =  0.700 |ddv_scf|^2 =  2.760E-19

        iq =   2   iwann =   3   rPi_q =     0.07280190     0.00000000   uPi_q =     0.19447609    -0.00000000   SH_q =     0.12108476     0.00000000

        Start LR calculation for the wannier #  4   iq =  2   spin =  1

        SYM : number of symmetry for iwann =    4 :   12   (out of    48 )
        SYM : iwann=     4 iq =     2 weight =   0.37500000

     Parallelization info
     --------------------
     sticks:   dense  smooth     PW     G-vecs:    dense   smooth      PW
     Min          73      73     27                  821      821     181
     Max          74      74     28                  823      823     182
     Sum         295     295    109                 3287     3287     725

     Using Slab Decomposition


     Title: 
     KCW Silicon screen                                                         


     bravais-lattice index     =            2
     lattice parameter (alat)  =      10.2631  a.u.
     unit-cell volume          =     270.2564 (a.u.)^3
     number of atoms/cell      =            2
     number of atomic types    =            1
     number of electrons       =         8.00 (up:   4.00, down:   4.00)
     number of Kohn-Sham states=            7
     kinetic-energy cutoff     =      20.0000  Ry
     charge density cutoff     =      80.0000  Ry
     Exchange-correlation= PW
                           (   1   4   0   0   0   0   0)

     celldm(1)=  10.263102  celldm(2)=   0.000000  celldm(3)=   0.000000
     celldm(4)=   0.000000  celldm(5)=   0.000000  celldm(6)=   0.000000

     crystal axes: (cart. coord. in units of alat)
               a(1) = (  -0.500000   0.000000   0.500000 )  
               a(2) = (   0.000000   0.500000   0.500000 )  
               a(3) = (  -0.500000   0.500000   0.000000 )  

     reciprocal axes: (cart. coord. in units 2 pi/alat)
               b(1) = ( -1.000000 -1.000000  1.000000 )  
               b(2) = (  1.000000  1.000000  1.000000 )  
               b(3) = ( -1.000000  1.000000 -1.000000 )  


     PseudoPot. # 1 for Si read from file:
     /home/nicola/CODES/q-e-kcw/pseudo/Si.upf
     MD5 check sum: 9e2d726316af3d4752eea8ab0afbb951
     Pseudo is Norm-conserving + core correction, Zval =  4.0
     Generated using ONCVPSP code by D. R. Hamann
     Using radial grid of 1510 points,  6 beta functions with: 
                l(1) =   0
                l(2) =   0
                l(3) =   1
                l(4) =   1
                l(5) =   2
                l(6) =   2

     atomic species   valence    mass     pseudopotential
     Si                4.00    28.08500     Si( 1.00)

     Starting magnetic structure 
     atomic species   magnetization
     Si              0.000

     12 Sym. Ops. (no inversion) found



   Cartesian axes

     site n.     atom                  positions (alat units)
         1        Si     tau(   1) = (   0.0000000   0.0000000   0.0000000  )
         2        Si     tau(   2) = (  -0.2500000   0.2500000   0.2500000  )

     number of k points=    12
                       cart. coord. in units 2pi/alat
        k(    1) = (   0.0000000   0.0000000   0.0000000), wk =   0.1250000
        k(    2) = (  -0.5000000   0.5000000  -0.5000000), wk =   0.0000000
        k(    3) = (   0.5000000  -0.5000000   0.5000000), wk =   0.1250000
        k(    4) = (   0.0000000   0.0000000   0.0000000), wk =   0.0000000
        k(    5) = (   0.0000000  -1.0000000   0.0000000), wk =   0.2500000
        k(    6) = (  -0.5000000  -0.5000000  -0.5000000), wk =   0.0000000
        k(    7) = (  -0.5000000  -0.5000000  -0.5000000), wk =   0.2500000
        k(    8) = (  -1.0000000   0.0000000  -1.0000000), wk =   0.0000000
        k(    9) = (  -0.5000000   0.5000000   0.5000000), wk =   0.1250000
        k(   10) = (  -1.0000000   1.0000000   0.0000000), wk =   0.0000000
        k(   11) = (   0.0000000   0.0000000   1.0000000), wk =   0.1250000
        k(   12) = (  -0.5000000   0.5000000   0.5000000), wk =   0.0000000

     Dense  grid:     3287 G-vectors     FFT dimensions: (  24,  24,  24)

     Estimated max dynamical RAM per process >       1.44 MB

     Estimated total dynamical RAM >       5.76 MB

     The potential is recalculated from file :
     /home/nicola/CODES/q-e-kcw/tempdir/kcw/q2/Si.save/charge-density

     Starting wfcs are    8 atomic wfcs

     Band Structure Calculation
     Davidson diagonalization with overlap

     ethr =  1.25E-10,  avg # of iterations = 10.0

     total cpu time spent up to now is       -1.0 secs

     End of band structure calculation

 ------ SPIN UP ------------


          k = 0.0000 0.0000 0.0000 (   411 PWs)   bands (ev):

    -5.7058   6.3432   6.3432   6.3432   8.7374   8.7374   8.7374

          k =-0.5000 0.5000-0.5000 (   410 PWs)   bands (ev):

    -3.3376  -0.7612   5.1093   5.1093   7.6771   9.4935   9.4935

          k = 0.5000-0.5000 0.5000 (   410 PWs)   bands (ev):

    -3.3376  -0.7612   5.1093   5.1093   7.6771   9.4935   9.4935

          k = 0.0000 0.0000 0.0000 (   411 PWs)   bands (ev):

    -5.7058   6.3432   6.3432   6.3432   8.7374   8.7374   8.7374

          k = 0.0000-1.0000 0.0000 (   412 PWs)   bands (ev):

    -1.5321  -1.5321   3.4046   3.4046   6.7657   6.7657  16.2469

          k =-0.5000-0.5000-0.5000 (   410 PWs)   bands (ev):

    -3.3376  -0.7612   5.1093   5.1093   7.6771   9.4935   9.4935

          k =-0.5000-0.5000-0.5000 (   410 PWs)   bands (ev):

    -3.3376  -0.7612   5.1093   5.1093   7.6771   9.4935   9.4935

          k =-1.0000 0.0000-1.0000 (   412 PWs)   bands (ev):

    -1.5321  -1.5321   3.4046   3.4046   6.7657   6.7657  16.2469

          k =-0.5000 0.5000 0.5000 (   410 PWs)   bands (ev):

    -3.3376  -0.7612   5.1093   5.1093   7.6771   9.4935   9.4935

          k =-1.0000 1.0000 0.0000 (   412 PWs)   bands (ev):

    -1.5321  -1.5321   3.4046   3.4046   6.7657   6.7657  16.2469

          k = 0.0000 0.0000 1.0000 (   412 PWs)   bands (ev):

    -1.5321  -1.5321   3.4046   3.4046   6.7657   6.7657  16.2469

          k =-0.5000 0.5000 0.5000 (   410 PWs)   bands (ev):

    -3.3376  -0.7612   5.1093   5.1093   7.6771   9.4935   9.4935

 ------ SPIN DOWN ----------


          k = 0.0000 0.0000 0.0000 (   411 PWs)   bands (ev):

    -5.7058   6.3432   6.3432   6.3432   8.7374   8.7374   8.7374

          k =-0.5000 0.5000-0.5000 (   410 PWs)   bands (ev):

    -3.3376  -0.7612   5.1093   5.1093   7.6771   9.4935   9.4935

          k = 0.5000-0.5000 0.5000 (   410 PWs)   bands (ev):

    -3.3376  -0.7612   5.1093   5.1093   7.6771   9.4935   9.4935

          k = 0.0000 0.0000 0.0000 (   411 PWs)   bands (ev):

    -5.7058   6.3432   6.3432   6.3432   8.7374   8.7374   8.7374

          k = 0.0000-1.0000 0.0000 (   412 PWs)   bands (ev):

    -1.5321  -1.5321   3.4046   3.4046   6.7657   6.7657  16.2469

          k =-0.5000-0.5000-0.5000 (   410 PWs)   bands (ev):

    -3.3376  -0.7612   5.1093   5.1093   7.6771   9.4935   9.4935

          k =-0.5000-0.5000-0.5000 (   410 PWs)   bands (ev):

    -3.3376  -0.7612   5.1093   5.1093   7.6771   9.4935   9.4935

          k =-1.0000 0.0000-1.0000 (   412 PWs)   bands (ev):

    -1.5321  -1.5321   3.4046   3.4046   6.7657   6.7657  16.2469

          k =-0.5000 0.5000 0.5000 (   410 PWs)   bands (ev):

    -3.3376  -0.7612   5.1093   5.1093   7.6771   9.4935   9.4935

          k =-1.0000 1.0000 0.0000 (   412 PWs)   bands (ev):

    -1.5321  -1.5321   3.4046   3.4046   6.7657   6.7657  16.2469

          k = 0.0000 0.0000 1.0000 (   412 PWs)   bands (ev):

    -1.5321  -1.5321   3.4046   3.4046   6.7657   6.7657  16.2469

          k =-0.5000 0.5000 0.5000 (   410 PWs)   bands (ev):

    -3.3376  -0.7612   5.1093   5.1093   7.6771   9.4935   9.4935

     highest occupied, lowest unoccupied level (ev):     6.3432    6.7657

     Writing all to output data dir /home/nicola/CODES/q-e-kcw/tempdir/kcw/q2/Si.save/ :
     XML data file, pseudopotentials, collected wavefunctions

        INFO: NSCF calculation DONE


      iter #   1 total cpu time :     5.9 secs   av.it.:  11.9
      thresh= 1.000E-06 alpha_mix =  0.700 |ddv_scf|^2 =  2.907E-06

      iter #   2 total cpu time :     5.9 secs   av.it.:  11.8
      thresh= 1.000E-06 alpha_mix =  0.700 |ddv_scf|^2 =  2.101E-06

      iter #   3 total cpu time :     6.0 secs   av.it.:  11.7
      thresh= 1.000E-06 alpha_mix =  0.700 |ddv_scf|^2 =  1.045E-09

      iter #   4 total cpu time :     6.0 secs   av.it.:  10.1
      thresh= 3.233E-07 alpha_mix =  0.700 |ddv_scf|^2 =  2.684E-11

      iter #   5 total cpu time :     6.1 secs   av.it.:  10.2
      thresh= 5.181E-08 alpha_mix =  0.700 |ddv_scf|^2 =  8.250E-13

      iter #   6 total cpu time :     6.2 secs   av.it.:  10.9
      thresh= 9.083E-09 alpha_mix =  0.700 |ddv_scf|^2 =  4.986E-14

      iter #   7 total cpu time :     6.2 secs   av.it.:  10.7
      thresh= 2.233E-09 alpha_mix =  0.700 |ddv_scf|^2 =  6.977E-16

      iter #   8 total cpu time :     6.3 secs   av.it.:  10.9
      thresh= 2.641E-10 alpha_mix =  0.700 |ddv_scf|^2 =  2.194E-17

      iter #   9 total cpu time :     6.3 secs   av.it.:  10.4
      thresh= 4.684E-11 alpha_mix =  0.700 |ddv_scf|^2 =  3.834E-19

        iq =   2   iwann =   4   rPi_q =     0.07280195     0.00000000   uPi_q =     0.19447609    -0.00000000   SH_q =     0.12108476     0.00000000

        Start LR calculation for the wannier #  5   iq =  2   spin =  1

        SYM : number of symmetry for iwann =    5 :    2   (out of    48 )
        SYM : iwann=     5 iq =     2 weight =   0.25000000

     Parallelization info
     --------------------
     sticks:   dense  smooth     PW     G-vecs:    dense   smooth      PW
     Min          73      73     27                  821      821     186
     Max          74      74     28                  823      823     189
     Sum         295     295    109                 3287     3287     749

     Using Slab Decomposition


     Title: 
     KCW Silicon screen                                                         


     bravais-lattice index     =            2
     lattice parameter (alat)  =      10.2631  a.u.
     unit-cell volume          =     270.2564 (a.u.)^3
     number of atoms/cell      =            2
     number of atomic types    =            1
     number of electrons       =         8.00 (up:   4.00, down:   4.00)
     number of Kohn-Sham states=            7
     kinetic-energy cutoff     =      20.0000  Ry
     charge density cutoff     =      80.0000  Ry
     Exchange-correlation= PW
                           (   1   4   0   0   0   0   0)

     celldm(1)=  10.263102  celldm(2)=   0.000000  celldm(3)=   0.000000
     celldm(4)=   0.000000  celldm(5)=   0.000000  celldm(6)=   0.000000

     crystal axes: (cart. coord. in units of alat)
               a(1) = (  -0.500000   0.000000   0.500000 )  
               a(2) = (   0.000000   0.500000   0.500000 )  
               a(3) = (  -0.500000   0.500000   0.000000 )  

     reciprocal axes: (cart. coord. in units 2 pi/alat)
               b(1) = ( -1.000000 -1.000000  1.000000 )  
               b(2) = (  1.000000  1.000000  1.000000 )  
               b(3) = ( -1.000000  1.000000 -1.000000 )  


     PseudoPot. # 1 for Si read from file:
     /home/nicola/CODES/q-e-kcw/pseudo/Si.upf
     MD5 check sum: 9e2d726316af3d4752eea8ab0afbb951
     Pseudo is Norm-conserving + core correction, Zval =  4.0
     Generated using ONCVPSP code by D. R. Hamann
     Using radial grid of 1510 points,  6 beta functions with: 
                l(1) =   0
                l(2) =   0
                l(3) =   1
                l(4) =   1
                l(5) =   2
                l(6) =   2

     atomic species   valence    mass     pseudopotential
     Si                4.00    28.08500     Si( 1.00)

     Starting magnetic structure 
     atomic species   magnetization
     Si              0.000

      2 Sym. Ops. (no inversion) found



   Cartesian axes

     site n.     atom                  positions (alat units)
         1        Si     tau(   1) = (   0.0000000   0.0000000   0.0000000  )
         2        Si     tau(   2) = (  -0.2500000   0.2500000   0.2500000  )

     number of k points=    16
                       cart. coord. in units 2pi/alat
        k(    1) = (   0.0000000   0.0000000   0.0000000), wk =   0.1250000
        k(    2) = (  -0.5000000   0.5000000  -0.5000000), wk =   0.0000000
        k(    3) = (   0.5000000  -0.5000000   0.5000000), wk =   0.1250000
        k(    4) = (   0.0000000   0.0000000   0.0000000), wk =   0.0000000
        k(    5) = (   0.0000000  -1.0000000   0.0000000), wk =   0.1250000
        k(    6) = (  -0.5000000  -0.5000000  -0.5000000), wk =   0.0000000
        k(    7) = (   0.5000000   0.5000000  -0.5000000), wk =   0.1250000
        k(    8) = (   0.0000000   1.0000000  -1.0000000), wk =   0.0000000
        k(    9) = (  -0.5000000  -0.5000000  -0.5000000), wk =   0.1250000
        k(   10) = (  -1.0000000   0.0000000  -1.0000000), wk =   0.0000000
        k(   11) = (  -0.5000000   0.5000000   0.5000000), wk =   0.1250000
        k(   12) = (  -1.0000000   1.0000000   0.0000000), wk =   0.0000000
        k(   13) = (   0.0000000   0.0000000  -1.0000000), wk =   0.1250000
        k(   14) = (  -0.5000000   0.5000000  -1.5000000), wk =   0.0000000
        k(   15) = (  -1.0000000   0.0000000   0.0000000), wk =   0.1250000
        k(   16) = (  -1.5000000   0.5000000  -0.5000000), wk =   0.0000000

     Dense  grid:     3287 G-vectors     FFT dimensions: (  24,  24,  24)

     Estimated max dynamical RAM per process >       1.44 MB

     Estimated total dynamical RAM >       5.76 MB

     The potential is recalculated from file :
     /home/nicola/CODES/q-e-kcw/tempdir/kcw/q2/Si.save/charge-density

     Starting wfcs are    8 atomic wfcs

     Band Structure Calculation
     Davidson diagonalization with overlap

     ethr =  1.25E-10,  avg # of iterations = 10.1

     total cpu time spent up to now is       -1.0 secs

     End of band structure calculation

 ------ SPIN UP ------------


          k = 0.0000 0.0000 0.0000 (   411 PWs)   bands (ev):

    -5.7058   6.3432   6.3432   6.3432   8.7374   8.7374   8.7374

          k =-0.5000 0.5000-0.5000 (   410 PWs)   bands (ev):

    -3.3376  -0.7612   5.1093   5.1093   7.6771   9.4935   9.4935

          k = 0.5000-0.5000 0.5000 (   410 PWs)   bands (ev):

    -3.3376  -0.7612   5.1093   5.1093   7.6771   9.4935   9.4935

          k = 0.0000 0.0000 0.0000 (   411 PWs)   bands (ev):

    -5.7058   6.3432   6.3432   6.3432   8.7374   8.7374   8.7374

          k = 0.0000-1.0000 0.0000 (   412 PWs)   bands (ev):

    -1.5321  -1.5321   3.4046   3.4046   6.7657   6.7657  16.2469

          k =-0.5000-0.5000-0.5000 (   410 PWs)   bands (ev):

    -3.3376  -0.7612   5.1093   5.1093   7.6771   9.4935   9.4935

          k = 0.5000 0.5000-0.5000 (   410 PWs)   bands (ev):

    -3.3376  -0.7612   5.1093   5.1093   7.6771   9.4935   9.4935

          k = 0.0000 1.0000-1.0000 (   412 PWs)   bands (ev):

    -1.5321  -1.5321   3.4046   3.4046   6.7657   6.7657  16.2469

          k =-0.5000-0.5000-0.5000 (   410 PWs)   bands (ev):

    -3.3376  -0.7612   5.1093   5.1093   7.6771   9.4935   9.4935

          k =-1.0000 0.0000-1.0000 (   412 PWs)   bands (ev):

    -1.5321  -1.5321   3.4046   3.4046   6.7657   6.7657  16.2469

          k =-0.5000 0.5000 0.5000 (   410 PWs)   bands (ev):

    -3.3376  -0.7612   5.1093   5.1093   7.6771   9.4935   9.4935

          k =-1.0000 1.0000 0.0000 (   412 PWs)   bands (ev):

    -1.5321  -1.5321   3.4046   3.4046   6.7657   6.7657  16.2469

          k = 0.0000 0.0000-1.0000 (   412 PWs)   bands (ev):

    -1.5321  -1.5321   3.4046   3.4046   6.7657   6.7657  16.2469

          k =-0.5000 0.5000-1.5000 (   410 PWs)   bands (ev):

    -3.3376  -0.7612   5.1093   5.1093   7.6771   9.4935   9.4935

          k =-1.0000 0.0000 0.0000 (   412 PWs)   bands (ev):

    -1.5321  -1.5321   3.4046   3.4046   6.7657   6.7657  16.2469

          k =-1.5000 0.5000-0.5000 (   410 PWs)   bands (ev):

    -3.3376  -0.7612   5.1093   5.1093   7.6771   9.4935   9.4935

 ------ SPIN DOWN ----------


          k = 0.0000 0.0000 0.0000 (   411 PWs)   bands (ev):

    -5.7058   6.3432   6.3432   6.3432   8.7374   8.7374   8.7374

          k =-0.5000 0.5000-0.5000 (   410 PWs)   bands (ev):

    -3.3376  -0.7612   5.1093   5.1093   7.6771   9.4935   9.4935

          k = 0.5000-0.5000 0.5000 (   410 PWs)   bands (ev):

    -3.3376  -0.7612   5.1093   5.1093   7.6771   9.4935   9.4935

          k = 0.0000 0.0000 0.0000 (   411 PWs)   bands (ev):

    -5.7058   6.3432   6.3432   6.3432   8.7374   8.7374   8.7374

          k = 0.0000-1.0000 0.0000 (   412 PWs)   bands (ev):

    -1.5321  -1.5321   3.4046   3.4046   6.7657   6.7657  16.2469

          k =-0.5000-0.5000-0.5000 (   410 PWs)   bands (ev):

    -3.3376  -0.7612   5.1093   5.1093   7.6771   9.4935   9.4935

          k = 0.5000 0.5000-0.5000 (   410 PWs)   bands (ev):

    -3.3376  -0.7612   5.1093   5.1093   7.6771   9.4935   9.4935

          k = 0.0000 1.0000-1.0000 (   412 PWs)   bands (ev):

    -1.5321  -1.5321   3.4046   3.4046   6.7657   6.7657  16.2469

          k =-0.5000-0.5000-0.5000 (   410 PWs)   bands (ev):

    -3.3376  -0.7612   5.1093   5.1093   7.6771   9.4935   9.4935

          k =-1.0000 0.0000-1.0000 (   412 PWs)   bands (ev):

    -1.5321  -1.5321   3.4046   3.4046   6.7657   6.7657  16.2469

          k =-0.5000 0.5000 0.5000 (   410 PWs)   bands (ev):

    -3.3376  -0.7612   5.1093   5.1093   7.6771   9.4935   9.4935

          k =-1.0000 1.0000 0.0000 (   412 PWs)   bands (ev):

    -1.5321  -1.5321   3.4046   3.4046   6.7657   6.7657  16.2469

          k = 0.0000 0.0000-1.0000 (   412 PWs)   bands (ev):

    -1.5321  -1.5321   3.4046   3.4046   6.7657   6.7657  16.2469

          k =-0.5000 0.5000-1.5000 (   410 PWs)   bands (ev):

    -3.3376  -0.7612   5.1093   5.1093   7.6771   9.4935   9.4935

          k =-1.0000 0.0000 0.0000 (   412 PWs)   bands (ev):

    -1.5321  -1.5321   3.4046   3.4046   6.7657   6.7657  16.2469

          k =-1.5000 0.5000-0.5000 (   410 PWs)   bands (ev):

    -3.3376  -0.7612   5.1093   5.1093   7.6771   9.4935   9.4935

     highest occupied, lowest unoccupied level (ev):     6.3432    6.7657

     Writing all to output data dir /home/nicola/CODES/q-e-kcw/tempdir/kcw/q2/Si.save/ :
     XML data file, pseudopotentials, collected wavefunctions

        INFO: NSCF calculation DONE


      iter #   1 total cpu time :     6.7 secs   av.it.:  12.2
      thresh= 1.000E-06 alpha_mix =  0.700 |ddv_scf|^2 =  1.825E-06

      iter #   2 total cpu time :     6.7 secs   av.it.:  12.3
      thresh= 1.000E-06 alpha_mix =  0.700 |ddv_scf|^2 =  1.355E-06

      iter #   3 total cpu time :     6.8 secs   av.it.:  12.0
      thresh= 1.000E-06 alpha_mix =  0.700 |ddv_scf|^2 =  7.507E-11

      iter #   4 total cpu time :     6.9 secs   av.it.:  10.9
      thresh= 8.664E-08 alpha_mix =  0.700 |ddv_scf|^2 =  2.935E-12

      iter #   5 total cpu time :     7.0 secs   av.it.:  11.7
      thresh= 1.713E-08 alpha_mix =  0.700 |ddv_scf|^2 =  4.179E-12

      iter #   6 total cpu time :     7.0 secs   av.it.:  10.8
      thresh= 2.044E-08 alpha_mix =  0.700 |ddv_scf|^2 =  4.637E-13

      iter #   7 total cpu time :     7.1 secs   av.it.:  11.4
      thresh= 6.809E-09 alpha_mix =  0.700 |ddv_scf|^2 =  2.544E-14

      iter #   8 total cpu time :     7.2 secs   av.it.:  11.4
      thresh= 1.595E-09 alpha_mix =  0.700 |ddv_scf|^2 =  2.165E-16

      iter #   9 total cpu time :     7.2 secs   av.it.:  11.5
      thresh= 1.472E-10 alpha_mix =  0.700 |ddv_scf|^2 =  2.927E-17

      iter #  10 total cpu time :     7.3 secs   av.it.:  11.6
      thresh= 5.410E-11 alpha_mix =  0.700 |ddv_scf|^2 =  2.242E-19

        iq =   2   iwann =   5   rPi_q =     0.02030442     0.00000000   uPi_q =     0.06225754    -0.00000000   SH_q =     0.03910219    -0.00000000

        Start LR calculation for the wannier #  6   iq =  2   spin =  1

        SYM : number of symmetry for iwann =    6 :   12   (out of    48 )
        SYM : iwann=     6 iq =     2 weight =   0.37500000

     Parallelization info
     --------------------
     sticks:   dense  smooth     PW     G-vecs:    dense   smooth      PW
     Min          73      73     27                  821      821     181
     Max          74      74     28                  823      823     182
     Sum         295     295    109                 3287     3287     725

     Using Slab Decomposition


     Title: 
     KCW Silicon screen                                                         


     bravais-lattice index     =            2
     lattice parameter (alat)  =      10.2631  a.u.
     unit-cell volume          =     270.2564 (a.u.)^3
     number of atoms/cell      =            2
     number of atomic types    =            1
     number of electrons       =         8.00 (up:   4.00, down:   4.00)
     number of Kohn-Sham states=            7
     kinetic-energy cutoff     =      20.0000  Ry
     charge density cutoff     =      80.0000  Ry
     Exchange-correlation= PW
                           (   1   4   0   0   0   0   0)

     celldm(1)=  10.263102  celldm(2)=   0.000000  celldm(3)=   0.000000
     celldm(4)=   0.000000  celldm(5)=   0.000000  celldm(6)=   0.000000

     crystal axes: (cart. coord. in units of alat)
               a(1) = (  -0.500000   0.000000   0.500000 )  
               a(2) = (   0.000000   0.500000   0.500000 )  
               a(3) = (  -0.500000   0.500000   0.000000 )  

     reciprocal axes: (cart. coord. in units 2 pi/alat)
               b(1) = ( -1.000000 -1.000000  1.000000 )  
               b(2) = (  1.000000  1.000000  1.000000 )  
               b(3) = ( -1.000000  1.000000 -1.000000 )  


     PseudoPot. # 1 for Si read from file:
     /home/nicola/CODES/q-e-kcw/pseudo/Si.upf
     MD5 check sum: 9e2d726316af3d4752eea8ab0afbb951
     Pseudo is Norm-conserving + core correction, Zval =  4.0
     Generated using ONCVPSP code by D. R. Hamann
     Using radial grid of 1510 points,  6 beta functions with: 
                l(1) =   0
                l(2) =   0
                l(3) =   1
                l(4) =   1
                l(5) =   2
                l(6) =   2

     atomic species   valence    mass     pseudopotential
     Si                4.00    28.08500     Si( 1.00)

     Starting magnetic structure 
     atomic species   magnetization
     Si              0.000

     12 Sym. Ops. (no inversion) found



   Cartesian axes

     site n.     atom                  positions (alat units)
         1        Si     tau(   1) = (   0.0000000   0.0000000   0.0000000  )
         2        Si     tau(   2) = (  -0.2500000   0.2500000   0.2500000  )

     number of k points=    12
                       cart. coord. in units 2pi/alat
        k(    1) = (   0.0000000   0.0000000   0.0000000), wk =   0.1250000
        k(    2) = (  -0.5000000   0.5000000  -0.5000000), wk =   0.0000000
        k(    3) = (   0.5000000  -0.5000000   0.5000000), wk =   0.1250000
        k(    4) = (   0.0000000   0.0000000   0.0000000), wk =   0.0000000
        k(    5) = (   0.0000000  -1.0000000   0.0000000), wk =   0.2500000
        k(    6) = (  -0.5000000  -0.5000000  -0.5000000), wk =   0.0000000
        k(    7) = (  -0.5000000  -0.5000000  -0.5000000), wk =   0.2500000
        k(    8) = (  -1.0000000   0.0000000  -1.0000000), wk =   0.0000000
        k(    9) = (  -0.5000000   0.5000000   0.5000000), wk =   0.1250000
        k(   10) = (  -1.0000000   1.0000000   0.0000000), wk =   0.0000000
        k(   11) = (   0.0000000   0.0000000   1.0000000), wk =   0.1250000
        k(   12) = (  -0.5000000   0.5000000   0.5000000), wk =   0.0000000

     Dense  grid:     3287 G-vectors     FFT dimensions: (  24,  24,  24)

     Estimated max dynamical RAM per process >       1.44 MB

     Estimated total dynamical RAM >       5.76 MB

     The potential is recalculated from file :
     /home/nicola/CODES/q-e-kcw/tempdir/kcw/q2/Si.save/charge-density

     Starting wfcs are    8 atomic wfcs

     Band Structure Calculation
     Davidson diagonalization with overlap

     ethr =  1.25E-10,  avg # of iterations = 10.0

     total cpu time spent up to now is       -1.0 secs

     End of band structure calculation

 ------ SPIN UP ------------


          k = 0.0000 0.0000 0.0000 (   411 PWs)   bands (ev):

    -5.7058   6.3432   6.3432   6.3432   8.7374   8.7374   8.7374

          k =-0.5000 0.5000-0.5000 (   410 PWs)   bands (ev):

    -3.3376  -0.7612   5.1093   5.1093   7.6771   9.4935   9.4935

          k = 0.5000-0.5000 0.5000 (   410 PWs)   bands (ev):

    -3.3376  -0.7612   5.1093   5.1093   7.6771   9.4935   9.4935

          k = 0.0000 0.0000 0.0000 (   411 PWs)   bands (ev):

    -5.7058   6.3432   6.3432   6.3432   8.7374   8.7374   8.7374

          k = 0.0000-1.0000 0.0000 (   412 PWs)   bands (ev):

    -1.5321  -1.5321   3.4046   3.4046   6.7657   6.7657  16.2469

          k =-0.5000-0.5000-0.5000 (   410 PWs)   bands (ev):

    -3.3376  -0.7612   5.1093   5.1093   7.6771   9.4935   9.4935

          k =-0.5000-0.5000-0.5000 (   410 PWs)   bands (ev):

    -3.3376  -0.7612   5.1093   5.1093   7.6771   9.4935   9.4935

          k =-1.0000 0.0000-1.0000 (   412 PWs)   bands (ev):

    -1.5321  -1.5321   3.4046   3.4046   6.7657   6.7657  16.2469

          k =-0.5000 0.5000 0.5000 (   410 PWs)   bands (ev):

    -3.3376  -0.7612   5.1093   5.1093   7.6771   9.4935   9.4935

          k =-1.0000 1.0000 0.0000 (   412 PWs)   bands (ev):

    -1.5321  -1.5321   3.4046   3.4046   6.7657   6.7657  16.2469

          k = 0.0000 0.0000 1.0000 (   412 PWs)   bands (ev):

    -1.5321  -1.5321   3.4046   3.4046   6.7657   6.7657  16.2469

          k =-0.5000 0.5000 0.5000 (   410 PWs)   bands (ev):

    -3.3376  -0.7612   5.1093   5.1093   7.6771   9.4935   9.4935

 ------ SPIN DOWN ----------


          k = 0.0000 0.0000 0.0000 (   411 PWs)   bands (ev):

    -5.7058   6.3432   6.3432   6.3432   8.7374   8.7374   8.7374

          k =-0.5000 0.5000-0.5000 (   410 PWs)   bands (ev):

    -3.3376  -0.7612   5.1093   5.1093   7.6771   9.4935   9.4935

          k = 0.5000-0.5000 0.5000 (   410 PWs)   bands (ev):

    -3.3376  -0.7612   5.1093   5.1093   7.6771   9.4935   9.4935

          k = 0.0000 0.0000 0.0000 (   411 PWs)   bands (ev):

    -5.7058   6.3432   6.3432   6.3432   8.7374   8.7374   8.7374

          k = 0.0000-1.0000 0.0000 (   412 PWs)   bands (ev):

    -1.5321  -1.5321   3.4046   3.4046   6.7657   6.7657  16.2469

          k =-0.5000-0.5000-0.5000 (   410 PWs)   bands (ev):

    -3.3376  -0.7612   5.1093   5.1093   7.6771   9.4935   9.4935

          k =-0.5000-0.5000-0.5000 (   410 PWs)   bands (ev):

    -3.3376  -0.7612   5.1093   5.1093   7.6771   9.4935   9.4935

          k =-1.0000 0.0000-1.0000 (   412 PWs)   bands (ev):

    -1.5321  -1.5321   3.4046   3.4046   6.7657   6.7657  16.2469

          k =-0.5000 0.5000 0.5000 (   410 PWs)   bands (ev):

    -3.3376  -0.7612   5.1093   5.1093   7.6771   9.4935   9.4935

          k =-1.0000 1.0000 0.0000 (   412 PWs)   bands (ev):

    -1.5321  -1.5321   3.4046   3.4046   6.7657   6.7657  16.2469

          k = 0.0000 0.0000 1.0000 (   412 PWs)   bands (ev):

    -1.5321  -1.5321   3.4046   3.4046   6.7657   6.7657  16.2469

          k =-0.5000 0.5000 0.5000 (   410 PWs)   bands (ev):

    -3.3376  -0.7612   5.1093   5.1093   7.6771   9.4935   9.4935

     highest occupied, lowest unoccupied level (ev):     6.3432    6.7657

     Writing all to output data dir /home/nicola/CODES/q-e-kcw/tempdir/kcw/q2/Si.save/ :
     XML data file, pseudopotentials, collected wavefunctions

        INFO: NSCF calculation DONE


      iter #   1 total cpu time :     7.6 secs   av.it.:  12.2
      thresh= 1.000E-06 alpha_mix =  0.700 |ddv_scf|^2 =  1.825E-06

      iter #   2 total cpu time :     7.6 secs   av.it.:  11.7
      thresh= 1.000E-06 alpha_mix =  0.700 |ddv_scf|^2 =  1.355E-06

      iter #   3 total cpu time :     7.7 secs   av.it.:  11.4
      thresh= 1.000E-06 alpha_mix =  0.700 |ddv_scf|^2 =  7.495E-11

      iter #   4 total cpu time :     7.7 secs   av.it.:  10.1
      thresh= 8.657E-08 alpha_mix =  0.700 |ddv_scf|^2 =  2.179E-12

      iter #   5 total cpu time :     7.8 secs   av.it.:  11.0
      thresh= 1.476E-08 alpha_mix =  0.700 |ddv_scf|^2 =  3.303E-13

      iter #   6 total cpu time :     7.9 secs   av.it.:  11.0
      thresh= 5.747E-09 alpha_mix =  0.700 |ddv_scf|^2 =  3.330E-14

      iter #   7 total cpu time :     7.9 secs   av.it.:  10.7
      thresh= 1.825E-09 alpha_mix =  0.700 |ddv_scf|^2 =  3.239E-16

      iter #   8 total cpu time :     8.0 secs   av.it.:  11.1
      thresh= 1.800E-10 alpha_mix =  0.700 |ddv_scf|^2 =  4.464E-18

      iter #   9 total cpu time :     8.0 secs   av.it.:  10.4
      thresh= 2.113E-11 alpha_mix =  0.700 |ddv_scf|^2 =  1.511E-19

        iq =   2   iwann =   6   rPi_q =     0.03045682     0.00000000   uPi_q =     0.09338679    -0.00000000   SH_q =     0.05865354    -0.00000000

        Start LR calculation for the wannier #  7   iq =  2   spin =  1

        SYM : number of symmetry for iwann =    7 :    2   (out of    48 )
        SYM : iwann=     7 iq =     2 weight =   0.12500000

     Parallelization info
     --------------------
     sticks:   dense  smooth     PW     G-vecs:    dense   smooth      PW
     Min          73      73     27                  821      821     181
     Max          74      74     28                  823      823     182
     Sum         295     295    109                 3287     3287     725

     Using Slab Decomposition


     Title: 
     KCW Silicon screen                                                         


     bravais-lattice index     =            2
     lattice parameter (alat)  =      10.2631  a.u.
     unit-cell volume          =     270.2564 (a.u.)^3
     number of atoms/cell      =            2
     number of atomic types    =            1
     number of electrons       =         8.00 (up:   4.00, down:   4.00)
     number of Kohn-Sham states=            7
     kinetic-energy cutoff     =      20.0000  Ry
     charge density cutoff     =      80.0000  Ry
     Exchange-correlation= PW
                           (   1   4   0   0   0   0   0)

     celldm(1)=  10.263102  celldm(2)=   0.000000  celldm(3)=   0.000000
     celldm(4)=   0.000000  celldm(5)=   0.000000  celldm(6)=   0.000000

     crystal axes: (cart. coord. in units of alat)
               a(1) = (  -0.500000   0.000000   0.500000 )  
               a(2) = (   0.000000   0.500000   0.500000 )  
               a(3) = (  -0.500000   0.500000   0.000000 )  

     reciprocal axes: (cart. coord. in units 2 pi/alat)
               b(1) = ( -1.000000 -1.000000  1.000000 )  
               b(2) = (  1.000000  1.000000  1.000000 )  
               b(3) = ( -1.000000  1.000000 -1.000000 )  


     PseudoPot. # 1 for Si read from file:
     /home/nicola/CODES/q-e-kcw/pseudo/Si.upf
     MD5 check sum: 9e2d726316af3d4752eea8ab0afbb951
     Pseudo is Norm-conserving + core correction, Zval =  4.0
     Generated using ONCVPSP code by D. R. Hamann
     Using radial grid of 1510 points,  6 beta functions with: 
                l(1) =   0
                l(2) =   0
                l(3) =   1
                l(4) =   1
                l(5) =   2
                l(6) =   2

     atomic species   valence    mass     pseudopotential
     Si                4.00    28.08500     Si( 1.00)

     Starting magnetic structure 
     atomic species   magnetization
     Si              0.000

      2 Sym. Ops. (no inversion) found



   Cartesian axes

     site n.     atom                  positions (alat units)
         1        Si     tau(   1) = (   0.0000000   0.0000000   0.0000000  )
         2        Si     tau(   2) = (  -0.2500000   0.2500000   0.2500000  )

     number of k points=    12
                       cart. coord. in units 2pi/alat
        k(    1) = (   0.0000000   0.0000000   0.0000000), wk =   0.1250000
        k(    2) = (  -0.5000000   0.5000000  -0.5000000), wk =   0.0000000
        k(    3) = (   0.5000000  -0.5000000   0.5000000), wk =   0.1250000
        k(    4) = (   0.0000000   0.0000000   0.0000000), wk =   0.0000000
        k(    5) = (   0.0000000  -1.0000000   0.0000000), wk =   0.2500000
        k(    6) = (  -0.5000000  -0.5000000  -0.5000000), wk =   0.0000000
        k(    7) = (  -0.5000000  -0.5000000  -0.5000000), wk =   0.2500000
        k(    8) = (  -1.0000000   0.0000000  -1.0000000), wk =   0.0000000
        k(    9) = (  -0.5000000   0.5000000   0.5000000), wk =   0.1250000
        k(   10) = (  -1.0000000   1.0000000   0.0000000), wk =   0.0000000
        k(   11) = (   0.0000000   0.0000000   1.0000000), wk =   0.1250000
        k(   12) = (  -0.5000000   0.5000000   0.5000000), wk =   0.0000000

     Dense  grid:     3287 G-vectors     FFT dimensions: (  24,  24,  24)

     Estimated max dynamical RAM per process >       1.44 MB

     Estimated total dynamical RAM >       5.76 MB

     The potential is recalculated from file :
     /home/nicola/CODES/q-e-kcw/tempdir/kcw/q2/Si.save/charge-density

     Starting wfcs are    8 atomic wfcs

     Band Structure Calculation
     Davidson diagonalization with overlap

     ethr =  1.25E-10,  avg # of iterations = 10.0

     total cpu time spent up to now is       -1.0 secs

     End of band structure calculation

 ------ SPIN UP ------------


          k = 0.0000 0.0000 0.0000 (   411 PWs)   bands (ev):

    -5.7058   6.3432   6.3432   6.3432   8.7374   8.7374   8.7374

          k =-0.5000 0.5000-0.5000 (   410 PWs)   bands (ev):

    -3.3376  -0.7612   5.1093   5.1093   7.6771   9.4935   9.4935

          k = 0.5000-0.5000 0.5000 (   410 PWs)   bands (ev):

    -3.3376  -0.7612   5.1093   5.1093   7.6771   9.4935   9.4935

          k = 0.0000 0.0000 0.0000 (   411 PWs)   bands (ev):

    -5.7058   6.3432   6.3432   6.3432   8.7374   8.7374   8.7374

          k = 0.0000-1.0000 0.0000 (   412 PWs)   bands (ev):

    -1.5321  -1.5321   3.4046   3.4046   6.7657   6.7657  16.2469

          k =-0.5000-0.5000-0.5000 (   410 PWs)   bands (ev):

    -3.3376  -0.7612   5.1093   5.1093   7.6771   9.4935   9.4935

          k =-0.5000-0.5000-0.5000 (   410 PWs)   bands (ev):

    -3.3376  -0.7612   5.1093   5.1093   7.6771   9.4935   9.4935

          k =-1.0000 0.0000-1.0000 (   412 PWs)   bands (ev):

    -1.5321  -1.5321   3.4046   3.4046   6.7657   6.7657  16.2469

          k =-0.5000 0.5000 0.5000 (   410 PWs)   bands (ev):

    -3.3376  -0.7612   5.1093   5.1093   7.6771   9.4935   9.4935

          k =-1.0000 1.0000 0.0000 (   412 PWs)   bands (ev):

    -1.5321  -1.5321   3.4046   3.4046   6.7657   6.7657  16.2469

          k = 0.0000 0.0000 1.0000 (   412 PWs)   bands (ev):

    -1.5321  -1.5321   3.4046   3.4046   6.7657   6.7657  16.2469

          k =-0.5000 0.5000 0.5000 (   410 PWs)   bands (ev):

    -3.3376  -0.7612   5.1093   5.1093   7.6771   9.4935   9.4935

 ------ SPIN DOWN ----------


          k = 0.0000 0.0000 0.0000 (   411 PWs)   bands (ev):

    -5.7058   6.3432   6.3432   6.3432   8.7374   8.7374   8.7374

          k =-0.5000 0.5000-0.5000 (   410 PWs)   bands (ev):

    -3.3376  -0.7612   5.1093   5.1093   7.6771   9.4935   9.4935

          k = 0.5000-0.5000 0.5000 (   410 PWs)   bands (ev):

    -3.3376  -0.7612   5.1093   5.1093   7.6771   9.4935   9.4935

          k = 0.0000 0.0000 0.0000 (   411 PWs)   bands (ev):

    -5.7058   6.3432   6.3432   6.3432   8.7374   8.7374   8.7374

          k = 0.0000-1.0000 0.0000 (   412 PWs)   bands (ev):

    -1.5321  -1.5321   3.4046   3.4046   6.7657   6.7657  16.2469

          k =-0.5000-0.5000-0.5000 (   410 PWs)   bands (ev):

    -3.3376  -0.7612   5.1093   5.1093   7.6771   9.4935   9.4935

          k =-0.5000-0.5000-0.5000 (   410 PWs)   bands (ev):

    -3.3376  -0.7612   5.1093   5.1093   7.6771   9.4935   9.4935

          k =-1.0000 0.0000-1.0000 (   412 PWs)   bands (ev):

    -1.5321  -1.5321   3.4046   3.4046   6.7657   6.7657  16.2469

          k =-0.5000 0.5000 0.5000 (   410 PWs)   bands (ev):

    -3.3376  -0.7612   5.1093   5.1093   7.6771   9.4935   9.4935

          k =-1.0000 1.0000 0.0000 (   412 PWs)   bands (ev):

    -1.5321  -1.5321   3.4046   3.4046   6.7657   6.7657  16.2469

          k = 0.0000 0.0000 1.0000 (   412 PWs)   bands (ev):

    -1.5321  -1.5321   3.4046   3.4046   6.7657   6.7657  16.2469

          k =-0.5000 0.5000 0.5000 (   410 PWs)   bands (ev):

    -3.3376  -0.7612   5.1093   5.1093   7.6771   9.4935   9.4935

     highest occupied, lowest unoccupied level (ev):     6.3432    6.7657

     Writing all to output data dir /home/nicola/CODES/q-e-kcw/tempdir/kcw/q2/Si.save/ :
     XML data file, pseudopotentials, collected wavefunctions

        INFO: NSCF calculation DONE


      iter #   1 total cpu time :     8.3 secs   av.it.:  11.5
      thresh= 1.000E-06 alpha_mix =  0.700 |ddv_scf|^2 =  7.554E-07

      iter #   2 total cpu time :     8.3 secs   av.it.:  11.9
      thresh= 1.000E-06 alpha_mix =  0.700 |ddv_scf|^2 =  3.935E-06

      iter #   3 total cpu time :     8.4 secs   av.it.:  11.5
      thresh= 1.000E-06 alpha_mix =  0.700 |ddv_scf|^2 =  3.222E-09

      iter #   4 total cpu time :     8.4 secs   av.it.:  10.8
      thresh= 5.676E-07 alpha_mix =  0.700 |ddv_scf|^2 =  2.000E-11

      iter #   5 total cpu time :     8.5 secs   av.it.:  10.8
      thresh= 4.473E-08 alpha_mix =  0.700 |ddv_scf|^2 =  2.111E-12

      iter #   6 total cpu time :     8.6 secs   av.it.:  11.5
      thresh= 1.453E-08 alpha_mix =  0.700 |ddv_scf|^2 =  4.054E-14

      iter #   7 total cpu time :     8.6 secs   av.it.:  11.7
      thresh= 2.013E-09 alpha_mix =  0.700 |ddv_scf|^2 =  3.889E-15

      iter #   8 total cpu time :     8.7 secs   av.it.:  11.7
      thresh= 6.236E-10 alpha_mix =  0.700 |ddv_scf|^2 =  1.396E-15

      iter #   9 total cpu time :     8.7 secs   av.it.:  11.6
      thresh= 3.737E-10 alpha_mix =  0.700 |ddv_scf|^2 =  2.611E-16

      iter #  10 total cpu time :     8.8 secs   av.it.:  11.0
      thresh= 1.616E-10 alpha_mix =  0.700 |ddv_scf|^2 =  5.408E-17

      iter #  11 total cpu time :     8.8 secs   av.it.:  10.9
      thresh= 7.354E-11 alpha_mix =  0.700 |ddv_scf|^2 =  3.773E-18

      iter #  12 total cpu time :     8.9 secs   av.it.:  11.5
      thresh= 1.942E-11 alpha_mix =  0.700 |ddv_scf|^2 =  9.778E-19

        iq =   2   iwann =   7   rPi_q =    -0.00000708     0.00000000   uPi_q =     0.00568000    -0.00000000   SH_q =     0.00612286     0.00000000

        Start LR calculation for the wannier #  8   iq =  2   spin =  1

        SYM : number of symmetry for iwann =    8 :    2   (out of    48 )
        SYM : iwann=     8 iq =     2 weight =   0.25000000

     Parallelization info
     --------------------
     sticks:   dense  smooth     PW     G-vecs:    dense   smooth      PW
     Min          73      73     27                  821      821     186
     Max          74      74     28                  823      823     189
     Sum         295     295    109                 3287     3287     749

     Using Slab Decomposition


     Title: 
     KCW Silicon screen                                                         


     bravais-lattice index     =            2
     lattice parameter (alat)  =      10.2631  a.u.
     unit-cell volume          =     270.2564 (a.u.)^3
     number of atoms/cell      =            2
     number of atomic types    =            1
     number of electrons       =         8.00 (up:   4.00, down:   4.00)
     number of Kohn-Sham states=            7
     kinetic-energy cutoff     =      20.0000  Ry
     charge density cutoff     =      80.0000  Ry
     Exchange-correlation= PW
                           (   1   4   0   0   0   0   0)

     celldm(1)=  10.263102  celldm(2)=   0.000000  celldm(3)=   0.000000
     celldm(4)=   0.000000  celldm(5)=   0.000000  celldm(6)=   0.000000

     crystal axes: (cart. coord. in units of alat)
               a(1) = (  -0.500000   0.000000   0.500000 )  
               a(2) = (   0.000000   0.500000   0.500000 )  
               a(3) = (  -0.500000   0.500000   0.000000 )  

     reciprocal axes: (cart. coord. in units 2 pi/alat)
               b(1) = ( -1.000000 -1.000000  1.000000 )  
               b(2) = (  1.000000  1.000000  1.000000 )  
               b(3) = ( -1.000000  1.000000 -1.000000 )  


     PseudoPot. # 1 for Si read from file:
     /home/nicola/CODES/q-e-kcw/pseudo/Si.upf
     MD5 check sum: 9e2d726316af3d4752eea8ab0afbb951
     Pseudo is Norm-conserving + core correction, Zval =  4.0
     Generated using ONCVPSP code by D. R. Hamann
     Using radial grid of 1510 points,  6 beta functions with: 
                l(1) =   0
                l(2) =   0
                l(3) =   1
                l(4) =   1
                l(5) =   2
                l(6) =   2

     atomic species   valence    mass     pseudopotential
     Si                4.00    28.08500     Si( 1.00)

     Starting magnetic structure 
     atomic species   magnetization
     Si              0.000

      2 Sym. Ops. (no inversion) found



   Cartesian axes

     site n.     atom                  positions (alat units)
         1        Si     tau(   1) = (   0.0000000   0.0000000   0.0000000  )
         2        Si     tau(   2) = (  -0.2500000   0.2500000   0.2500000  )

     number of k points=    16
                       cart. coord. in units 2pi/alat
        k(    1) = (   0.0000000   0.0000000   0.0000000), wk =   0.1250000
        k(    2) = (  -0.5000000   0.5000000  -0.5000000), wk =   0.0000000
        k(    3) = (   0.5000000  -0.5000000   0.5000000), wk =   0.1250000
        k(    4) = (   0.0000000   0.0000000   0.0000000), wk =   0.0000000
        k(    5) = (   0.0000000  -1.0000000   0.0000000), wk =   0.1250000
        k(    6) = (  -0.5000000  -0.5000000  -0.5000000), wk =   0.0000000
        k(    7) = (  -0.5000000  -0.5000000  -0.5000000), wk =   0.1250000
        k(    8) = (  -1.0000000   0.0000000  -1.0000000), wk =   0.0000000
        k(    9) = (  -0.5000000  -0.5000000   0.5000000), wk =   0.1250000
        k(   10) = (  -1.0000000   0.0000000   0.0000000), wk =   0.0000000
        k(   11) = (  -0.5000000   0.5000000   0.5000000), wk =   0.1250000
        k(   12) = (  -1.0000000   1.0000000   0.0000000), wk =   0.0000000
        k(   13) = (  -1.0000000   0.0000000   0.0000000), wk =   0.1250000
        k(   14) = (  -1.5000000   0.5000000  -0.5000000), wk =   0.0000000
        k(   15) = (   0.0000000   0.0000000   1.0000000), wk =   0.1250000
        k(   16) = (  -0.5000000   0.5000000   0.5000000), wk =   0.0000000

     Dense  grid:     3287 G-vectors     FFT dimensions: (  24,  24,  24)

     Estimated max dynamical RAM per process >       1.44 MB

     Estimated total dynamical RAM >       5.76 MB

     The potential is recalculated from file :
     /home/nicola/CODES/q-e-kcw/tempdir/kcw/q2/Si.save/charge-density

     Starting wfcs are    8 atomic wfcs

     Band Structure Calculation
     Davidson diagonalization with overlap

     ethr =  1.25E-10,  avg # of iterations = 10.1

     total cpu time spent up to now is       -1.0 secs

     End of band structure calculation

 ------ SPIN UP ------------


          k = 0.0000 0.0000 0.0000 (   411 PWs)   bands (ev):

    -5.7058   6.3432   6.3432   6.3432   8.7374   8.7374   8.7374

          k =-0.5000 0.5000-0.5000 (   410 PWs)   bands (ev):

    -3.3376  -0.7612   5.1093   5.1093   7.6771   9.4935   9.4935

          k = 0.5000-0.5000 0.5000 (   410 PWs)   bands (ev):

    -3.3376  -0.7612   5.1093   5.1093   7.6771   9.4935   9.4935

          k = 0.0000 0.0000 0.0000 (   411 PWs)   bands (ev):

    -5.7058   6.3432   6.3432   6.3432   8.7374   8.7374   8.7374

          k = 0.0000-1.0000 0.0000 (   412 PWs)   bands (ev):

    -1.5321  -1.5321   3.4046   3.4046   6.7657   6.7657  16.2469

          k =-0.5000-0.5000-0.5000 (   410 PWs)   bands (ev):

    -3.3376  -0.7612   5.1093   5.1093   7.6771   9.4935   9.4935

          k =-0.5000-0.5000-0.5000 (   410 PWs)   bands (ev):

    -3.3376  -0.7612   5.1093   5.1093   7.6771   9.4935   9.4935

          k =-1.0000 0.0000-1.0000 (   412 PWs)   bands (ev):

    -1.5321  -1.5321   3.4046   3.4046   6.7657   6.7657  16.2469

          k =-0.5000-0.5000 0.5000 (   410 PWs)   bands (ev):

    -3.3376  -0.7612   5.1093   5.1093   7.6771   9.4935   9.4935

          k =-1.0000 0.0000 0.0000 (   412 PWs)   bands (ev):

    -1.5321  -1.5321   3.4046   3.4046   6.7657   6.7657  16.2469

          k =-0.5000 0.5000 0.5000 (   410 PWs)   bands (ev):

    -3.3376  -0.7612   5.1093   5.1093   7.6771   9.4935   9.4935

          k =-1.0000 1.0000 0.0000 (   412 PWs)   bands (ev):

    -1.5321  -1.5321   3.4046   3.4046   6.7657   6.7657  16.2469

          k =-1.0000 0.0000 0.0000 (   412 PWs)   bands (ev):

    -1.5321  -1.5321   3.4046   3.4046   6.7657   6.7657  16.2469

          k =-1.5000 0.5000-0.5000 (   410 PWs)   bands (ev):

    -3.3376  -0.7612   5.1093   5.1093   7.6771   9.4935   9.4935

          k = 0.0000 0.0000 1.0000 (   412 PWs)   bands (ev):

    -1.5321  -1.5321   3.4046   3.4046   6.7657   6.7657  16.2469

          k =-0.5000 0.5000 0.5000 (   410 PWs)   bands (ev):

    -3.3376  -0.7612   5.1093   5.1093   7.6771   9.4935   9.4935

 ------ SPIN DOWN ----------


          k = 0.0000 0.0000 0.0000 (   411 PWs)   bands (ev):

    -5.7058   6.3432   6.3432   6.3432   8.7374   8.7374   8.7374

          k =-0.5000 0.5000-0.5000 (   410 PWs)   bands (ev):

    -3.3376  -0.7612   5.1093   5.1093   7.6771   9.4935   9.4935

          k = 0.5000-0.5000 0.5000 (   410 PWs)   bands (ev):

    -3.3376  -0.7612   5.1093   5.1093   7.6771   9.4935   9.4935

          k = 0.0000 0.0000 0.0000 (   411 PWs)   bands (ev):

    -5.7058   6.3432   6.3432   6.3432   8.7374   8.7374   8.7374

          k = 0.0000-1.0000 0.0000 (   412 PWs)   bands (ev):

    -1.5321  -1.5321   3.4046   3.4046   6.7657   6.7657  16.2469

          k =-0.5000-0.5000-0.5000 (   410 PWs)   bands (ev):

    -3.3376  -0.7612   5.1093   5.1093   7.6771   9.4935   9.4935

          k =-0.5000-0.5000-0.5000 (   410 PWs)   bands (ev):

    -3.3376  -0.7612   5.1093   5.1093   7.6771   9.4935   9.4935

          k =-1.0000 0.0000-1.0000 (   412 PWs)   bands (ev):

    -1.5321  -1.5321   3.4046   3.4046   6.7657   6.7657  16.2469

          k =-0.5000-0.5000 0.5000 (   410 PWs)   bands (ev):

    -3.3376  -0.7612   5.1093   5.1093   7.6771   9.4935   9.4935

          k =-1.0000 0.0000 0.0000 (   412 PWs)   bands (ev):

    -1.5321  -1.5321   3.4046   3.4046   6.7657   6.7657  16.2469

          k =-0.5000 0.5000 0.5000 (   410 PWs)   bands (ev):

    -3.3376  -0.7612   5.1093   5.1093   7.6771   9.4935   9.4935

          k =-1.0000 1.0000 0.0000 (   412 PWs)   bands (ev):

    -1.5321  -1.5321   3.4046   3.4046   6.7657   6.7657  16.2469

          k =-1.0000 0.0000 0.0000 (   412 PWs)   bands (ev):

    -1.5321  -1.5321   3.4046   3.4046   6.7657   6.7657  16.2469

          k =-1.5000 0.5000-0.5000 (   410 PWs)   bands (ev):

    -3.3376  -0.7612   5.1093   5.1093   7.6771   9.4935   9.4935

          k = 0.0000 0.0000 1.0000 (   412 PWs)   bands (ev):

    -1.5321  -1.5321   3.4046   3.4046   6.7657   6.7657  16.2469

          k =-0.5000 0.5000 0.5000 (   410 PWs)   bands (ev):

    -3.3376  -0.7612   5.1093   5.1093   7.6771   9.4935   9.4935

     highest occupied, lowest unoccupied level (ev):     6.3432    6.7657

     Writing all to output data dir /home/nicola/CODES/q-e-kcw/tempdir/kcw/q2/Si.save/ :
     XML data file, pseudopotentials, collected wavefunctions

        INFO: NSCF calculation DONE


      iter #   1 total cpu time :     9.2 secs   av.it.:  12.3
      thresh= 1.000E-06 alpha_mix =  0.700 |ddv_scf|^2 =  1.825E-06

      iter #   2 total cpu time :     9.3 secs   av.it.:  12.3
      thresh= 1.000E-06 alpha_mix =  0.700 |ddv_scf|^2 =  1.355E-06

      iter #   3 total cpu time :     9.4 secs   av.it.:  12.1
      thresh= 1.000E-06 alpha_mix =  0.700 |ddv_scf|^2 =  7.507E-11

      iter #   4 total cpu time :     9.5 secs   av.it.:  10.9
      thresh= 8.664E-08 alpha_mix =  0.700 |ddv_scf|^2 =  2.941E-12

      iter #   5 total cpu time :     9.5 secs   av.it.:  11.7
      thresh= 1.715E-08 alpha_mix =  0.700 |ddv_scf|^2 =  4.200E-12

      iter #   6 total cpu time :     9.6 secs   av.it.:  10.8
      thresh= 2.049E-08 alpha_mix =  0.700 |ddv_scf|^2 =  4.616E-13

      iter #   7 total cpu time :     9.7 secs   av.it.:  11.5
      thresh= 6.794E-09 alpha_mix =  0.700 |ddv_scf|^2 =  2.544E-14

      iter #   8 total cpu time :     9.8 secs   av.it.:  11.3
      thresh= 1.595E-09 alpha_mix =  0.700 |ddv_scf|^2 =  2.165E-16

      iter #   9 total cpu time :     9.8 secs   av.it.:  11.4
      thresh= 1.472E-10 alpha_mix =  0.700 |ddv_scf|^2 =  2.927E-17

      iter #  10 total cpu time :     9.9 secs   av.it.:  11.6
      thresh= 5.410E-11 alpha_mix =  0.700 |ddv_scf|^2 =  2.242E-19

        iq =   2   iwann =   8   rPi_q =     0.02030445     0.00000000   uPi_q =     0.06225763    -0.00000000   SH_q =     0.03910224     0.00000000


     ==============================================================================
     Calculation of q =    0.5000000   0.5000000   0.5000000  [Cart ]
     Calculation of q =    0.0000000   0.5000000   0.0000000  [Cryst]
     ==============================================================================

        INFO: prepare_q DONE

        INFO: rhowan_q(r) RETRIEVED


        Start LR calculation for the wannier #  1   iq =  3   spin =  1

        SYM : number of symmetry for iwann =    1 :    6   (out of    48 )
        SYM : iwann=     1 iq =     3 weight =   0.12500000

     Parallelization info
     --------------------
     sticks:   dense  smooth     PW     G-vecs:    dense   smooth      PW
     Min          73      73     27                  821      821     186
     Max          74      74     28                  823      823     189
     Sum         295     295    109                 3287     3287     749

     Using Slab Decomposition


     Title: 
     KCW Silicon screen                                                         


     bravais-lattice index     =            2
     lattice parameter (alat)  =      10.2631  a.u.
     unit-cell volume          =     270.2564 (a.u.)^3
     number of atoms/cell      =            2
     number of atomic types    =            1
     number of electrons       =         8.00 (up:   4.00, down:   4.00)
     number of Kohn-Sham states=            7
     kinetic-energy cutoff     =      20.0000  Ry
     charge density cutoff     =      80.0000  Ry
     Exchange-correlation= PW
                           (   1   4   0   0   0   0   0)

     celldm(1)=  10.263102  celldm(2)=   0.000000  celldm(3)=   0.000000
     celldm(4)=   0.000000  celldm(5)=   0.000000  celldm(6)=   0.000000

     crystal axes: (cart. coord. in units of alat)
               a(1) = (  -0.500000   0.000000   0.500000 )  
               a(2) = (   0.000000   0.500000   0.500000 )  
               a(3) = (  -0.500000   0.500000   0.000000 )  

     reciprocal axes: (cart. coord. in units 2 pi/alat)
               b(1) = ( -1.000000 -1.000000  1.000000 )  
               b(2) = (  1.000000  1.000000  1.000000 )  
               b(3) = ( -1.000000  1.000000 -1.000000 )  


     PseudoPot. # 1 for Si read from file:
     /home/nicola/CODES/q-e-kcw/pseudo/Si.upf
     MD5 check sum: 9e2d726316af3d4752eea8ab0afbb951
     Pseudo is Norm-conserving + core correction, Zval =  4.0
     Generated using ONCVPSP code by D. R. Hamann
     Using radial grid of 1510 points,  6 beta functions with: 
                l(1) =   0
                l(2) =   0
                l(3) =   1
                l(4) =   1
                l(5) =   2
                l(6) =   2

     atomic species   valence    mass     pseudopotential
     Si                4.00    28.08500     Si( 1.00)

     Starting magnetic structure 
     atomic species   magnetization
     Si              0.000

      6 Sym. Ops. (no inversion) found



   Cartesian axes

     site n.     atom                  positions (alat units)
         1        Si     tau(   1) = (   0.0000000   0.0000000   0.0000000  )
         2        Si     tau(   2) = (  -0.2500000   0.2500000   0.2500000  )

     number of k points=     8
                       cart. coord. in units 2pi/alat
        k(    1) = (   0.0000000   0.0000000   0.0000000), wk =   0.1250000
        k(    2) = (   0.5000000   0.5000000   0.5000000), wk =   0.0000000
        k(    3) = (   0.5000000  -0.5000000   0.5000000), wk =   0.3750000
        k(    4) = (   1.0000000   0.0000000   1.0000000), wk =   0.0000000
        k(    5) = (   0.0000000  -1.0000000   0.0000000), wk =   0.3750000
        k(    6) = (   0.5000000  -0.5000000   0.5000000), wk =   0.0000000
        k(    7) = (   0.5000000   0.5000000   0.5000000), wk =   0.1250000
        k(    8) = (   1.0000000   1.0000000   1.0000000), wk =   0.0000000

     Dense  grid:     3287 G-vectors     FFT dimensions: (  24,  24,  24)

     Estimated max dynamical RAM per process >       1.44 MB

     Estimated total dynamical RAM >       5.76 MB

     The potential is recalculated from file :
     /home/nicola/CODES/q-e-kcw/tempdir/kcw/q3/Si.save/charge-density

     Starting wfcs are    8 atomic wfcs

     Band Structure Calculation
     Davidson diagonalization with overlap

     ethr =  1.25E-10,  avg # of iterations =  9.8

     total cpu time spent up to now is       -1.0 secs

     End of band structure calculation

 ------ SPIN UP ------------


          k = 0.0000 0.0000 0.0000 (   411 PWs)   bands (ev):

    -5.7058   6.3432   6.3432   6.3432   8.7374   8.7374   8.7374

          k = 0.5000 0.5000 0.5000 (   410 PWs)   bands (ev):

    -3.3376  -0.7612   5.1093   5.1093   7.6771   9.4935   9.4935

          k = 0.5000-0.5000 0.5000 (   410 PWs)   bands (ev):

    -3.3376  -0.7612   5.1093   5.1093   7.6771   9.4935   9.4935

          k = 1.0000 0.0000 1.0000 (   412 PWs)   bands (ev):

    -1.5321  -1.5321   3.4046   3.4046   6.7657   6.7657  16.2469

          k = 0.0000-1.0000 0.0000 (   412 PWs)   bands (ev):

    -1.5321  -1.5321   3.4046   3.4046   6.7657   6.7657  16.2469

          k = 0.5000-0.5000 0.5000 (   410 PWs)   bands (ev):

    -3.3376  -0.7612   5.1093   5.1093   7.6771   9.4935   9.4935

          k = 0.5000 0.5000 0.5000 (   410 PWs)   bands (ev):

    -3.3376  -0.7612   5.1093   5.1093   7.6771   9.4935   9.4935

          k = 1.0000 1.0000 1.0000 (   411 PWs)   bands (ev):

    -5.7058   6.3432   6.3432   6.3432   8.7374   8.7374   8.7374

 ------ SPIN DOWN ----------


          k = 0.0000 0.0000 0.0000 (   411 PWs)   bands (ev):

    -5.7058   6.3432   6.3432   6.3432   8.7374   8.7374   8.7374

          k = 0.5000 0.5000 0.5000 (   410 PWs)   bands (ev):

    -3.3376  -0.7612   5.1093   5.1093   7.6771   9.4935   9.4935

          k = 0.5000-0.5000 0.5000 (   410 PWs)   bands (ev):

    -3.3376  -0.7612   5.1093   5.1093   7.6771   9.4935   9.4935

          k = 1.0000 0.0000 1.0000 (   412 PWs)   bands (ev):

    -1.5321  -1.5321   3.4046   3.4046   6.7657   6.7657  16.2469

          k = 0.0000-1.0000 0.0000 (   412 PWs)   bands (ev):

    -1.5321  -1.5321   3.4046   3.4046   6.7657   6.7657  16.2469

          k = 0.5000-0.5000 0.5000 (   410 PWs)   bands (ev):

    -3.3376  -0.7612   5.1093   5.1093   7.6771   9.4935   9.4935

          k = 0.5000 0.5000 0.5000 (   410 PWs)   bands (ev):

    -3.3376  -0.7612   5.1093   5.1093   7.6771   9.4935   9.4935

          k = 1.0000 1.0000 1.0000 (   411 PWs)   bands (ev):

    -5.7058   6.3432   6.3432   6.3432   8.7374   8.7374   8.7374

     highest occupied, lowest unoccupied level (ev):     6.3432    6.7657

     Writing all to output data dir /home/nicola/CODES/q-e-kcw/tempdir/kcw/q3/Si.save/ :
     XML data file, pseudopotentials, collected wavefunctions

        INFO: NSCF calculation DONE


      iter #   1 total cpu time :    10.1 secs   av.it.:  11.6
      thresh= 1.000E-06 alpha_mix =  0.700 |ddv_scf|^2 =  1.579E-05

      iter #   2 total cpu time :    10.1 secs   av.it.:  12.5
      thresh= 1.000E-06 alpha_mix =  0.700 |ddv_scf|^2 =  8.514E-05

      iter #   3 total cpu time :    10.2 secs   av.it.:  12.4
      thresh= 1.000E-06 alpha_mix =  0.700 |ddv_scf|^2 =  2.211E-09

      iter #   4 total cpu time :    10.2 secs   av.it.:  10.6
      thresh= 4.702E-07 alpha_mix =  0.700 |ddv_scf|^2 =  2.058E-10

      iter #   5 total cpu time :    10.3 secs   av.it.:  10.5
      thresh= 1.434E-07 alpha_mix =  0.700 |ddv_scf|^2 =  5.232E-12

      iter #   6 total cpu time :    10.3 secs   av.it.:  11.0
      thresh= 2.287E-08 alpha_mix =  0.700 |ddv_scf|^2 =  1.100E-13

      iter #   7 total cpu time :    10.3 secs   av.it.:  11.1
      thresh= 3.317E-09 alpha_mix =  0.700 |ddv_scf|^2 =  1.123E-14

      iter #   8 total cpu time :    10.4 secs   av.it.:  11.2
      thresh= 1.060E-09 alpha_mix =  0.700 |ddv_scf|^2 =  2.234E-16

      iter #   9 total cpu time :    10.4 secs   av.it.:  11.5
      thresh= 1.495E-10 alpha_mix =  0.700 |ddv_scf|^2 =  2.207E-17

      iter #  10 total cpu time :    10.5 secs   av.it.:  11.8
      thresh= 4.698E-11 alpha_mix =  0.700 |ddv_scf|^2 =  1.178E-18

      iter #  11 total cpu time :    10.5 secs   av.it.:  11.9
      thresh= 1.085E-11 alpha_mix =  0.700 |ddv_scf|^2 =  2.823E-19

        iq =   3   iwann =   1   rPi_q =     0.00998932     0.00000000   uPi_q =     0.05952884    -0.00000000   SH_q =     0.03746804    -0.00000000

        Start LR calculation for the wannier #  2   iq =  3   spin =  1

        SYM : number of symmetry for iwann =    2 :    6   (out of    48 )
        SYM : iwann=     2 iq =     3 weight =   0.37500000

     Parallelization info
     --------------------
     sticks:   dense  smooth     PW     G-vecs:    dense   smooth      PW
     Min          73      73     27                  821      821     186
     Max          74      74     28                  823      823     189
     Sum         295     295    109                 3287     3287     749

     Using Slab Decomposition


     Title: 
     KCW Silicon screen                                                         


     bravais-lattice index     =            2
     lattice parameter (alat)  =      10.2631  a.u.
     unit-cell volume          =     270.2564 (a.u.)^3
     number of atoms/cell      =            2
     number of atomic types    =            1
     number of electrons       =         8.00 (up:   4.00, down:   4.00)
     number of Kohn-Sham states=            7
     kinetic-energy cutoff     =      20.0000  Ry
     charge density cutoff     =      80.0000  Ry
     Exchange-correlation= PW
                           (   1   4   0   0   0   0   0)

     celldm(1)=  10.263102  celldm(2)=   0.000000  celldm(3)=   0.000000
     celldm(4)=   0.000000  celldm(5)=   0.000000  celldm(6)=   0.000000

     crystal axes: (cart. coord. in units of alat)
               a(1) = (  -0.500000   0.000000   0.500000 )  
               a(2) = (   0.000000   0.500000   0.500000 )  
               a(3) = (  -0.500000   0.500000   0.000000 )  

     reciprocal axes: (cart. coord. in units 2 pi/alat)
               b(1) = ( -1.000000 -1.000000  1.000000 )  
               b(2) = (  1.000000  1.000000  1.000000 )  
               b(3) = ( -1.000000  1.000000 -1.000000 )  


     PseudoPot. # 1 for Si read from file:
     /home/nicola/CODES/q-e-kcw/pseudo/Si.upf
     MD5 check sum: 9e2d726316af3d4752eea8ab0afbb951
     Pseudo is Norm-conserving + core correction, Zval =  4.0
     Generated using ONCVPSP code by D. R. Hamann
     Using radial grid of 1510 points,  6 beta functions with: 
                l(1) =   0
                l(2) =   0
                l(3) =   1
                l(4) =   1
                l(5) =   2
                l(6) =   2

     atomic species   valence    mass     pseudopotential
     Si                4.00    28.08500     Si( 1.00)

     Starting magnetic structure 
     atomic species   magnetization
     Si              0.000

      6 Sym. Ops. (no inversion) found



   Cartesian axes

     site n.     atom                  positions (alat units)
         1        Si     tau(   1) = (   0.0000000   0.0000000   0.0000000  )
         2        Si     tau(   2) = (  -0.2500000   0.2500000   0.2500000  )

     number of k points=    12
                       cart. coord. in units 2pi/alat
        k(    1) = (   0.0000000   0.0000000   0.0000000), wk =   0.1250000
        k(    2) = (   0.5000000   0.5000000   0.5000000), wk =   0.0000000
        k(    3) = (   0.5000000  -0.5000000   0.5000000), wk =   0.1250000
        k(    4) = (   1.0000000   0.0000000   1.0000000), wk =   0.0000000
        k(    5) = (   0.0000000  -1.0000000   0.0000000), wk =   0.1250000
        k(    6) = (   0.5000000  -0.5000000   0.5000000), wk =   0.0000000
        k(    7) = (   0.5000000   0.5000000   0.5000000), wk =   0.1250000
        k(    8) = (   1.0000000   1.0000000   1.0000000), wk =   0.0000000
        k(    9) = (  -0.5000000  -0.5000000   0.5000000), wk =   0.2500000
        k(   10) = (   0.0000000   0.0000000   1.0000000), wk =   0.0000000
        k(   11) = (   0.0000000   0.0000000   1.0000000), wk =   0.2500000
        k(   12) = (   0.5000000   0.5000000   1.5000000), wk =   0.0000000

     Dense  grid:     3287 G-vectors     FFT dimensions: (  24,  24,  24)

     Estimated max dynamical RAM per process >       1.44 MB

     Estimated total dynamical RAM >       5.76 MB

     The potential is recalculated from file :
     /home/nicola/CODES/q-e-kcw/tempdir/kcw/q3/Si.save/charge-density

     Starting wfcs are    8 atomic wfcs

     Band Structure Calculation
     Davidson diagonalization with overlap

     ethr =  1.25E-10,  avg # of iterations = 10.0

     total cpu time spent up to now is       -1.0 secs

     End of band structure calculation

 ------ SPIN UP ------------


          k = 0.0000 0.0000 0.0000 (   411 PWs)   bands (ev):

    -5.7058   6.3432   6.3432   6.3432   8.7374   8.7374   8.7374

          k = 0.5000 0.5000 0.5000 (   410 PWs)   bands (ev):

    -3.3376  -0.7612   5.1093   5.1093   7.6771   9.4935   9.4935

          k = 0.5000-0.5000 0.5000 (   410 PWs)   bands (ev):

    -3.3376  -0.7612   5.1093   5.1093   7.6771   9.4935   9.4935

          k = 1.0000 0.0000 1.0000 (   412 PWs)   bands (ev):

    -1.5321  -1.5321   3.4046   3.4046   6.7657   6.7657  16.2469

          k = 0.0000-1.0000 0.0000 (   412 PWs)   bands (ev):

    -1.5321  -1.5321   3.4046   3.4046   6.7657   6.7657  16.2469

          k = 0.5000-0.5000 0.5000 (   410 PWs)   bands (ev):

    -3.3376  -0.7612   5.1093   5.1093   7.6771   9.4935   9.4935

          k = 0.5000 0.5000 0.5000 (   410 PWs)   bands (ev):

    -3.3376  -0.7612   5.1093   5.1093   7.6771   9.4935   9.4935

          k = 1.0000 1.0000 1.0000 (   411 PWs)   bands (ev):

    -5.7058   6.3432   6.3432   6.3432   8.7374   8.7374   8.7374

          k =-0.5000-0.5000 0.5000 (   410 PWs)   bands (ev):

    -3.3376  -0.7612   5.1093   5.1093   7.6771   9.4935   9.4935

          k = 0.0000 0.0000 1.0000 (   412 PWs)   bands (ev):

    -1.5321  -1.5321   3.4046   3.4046   6.7657   6.7657  16.2469

          k = 0.0000 0.0000 1.0000 (   412 PWs)   bands (ev):

    -1.5321  -1.5321   3.4046   3.4046   6.7657   6.7657  16.2469

          k = 0.5000 0.5000 1.5000 (   410 PWs)   bands (ev):

    -3.3376  -0.7612   5.1093   5.1093   7.6771   9.4935   9.4935

 ------ SPIN DOWN ----------


          k = 0.0000 0.0000 0.0000 (   411 PWs)   bands (ev):

    -5.7058   6.3432   6.3432   6.3432   8.7374   8.7374   8.7374

          k = 0.5000 0.5000 0.5000 (   410 PWs)   bands (ev):

    -3.3376  -0.7612   5.1093   5.1093   7.6771   9.4935   9.4935

          k = 0.5000-0.5000 0.5000 (   410 PWs)   bands (ev):

    -3.3376  -0.7612   5.1093   5.1093   7.6771   9.4935   9.4935

          k = 1.0000 0.0000 1.0000 (   412 PWs)   bands (ev):

    -1.5321  -1.5321   3.4046   3.4046   6.7657   6.7657  16.2469

          k = 0.0000-1.0000 0.0000 (   412 PWs)   bands (ev):

    -1.5321  -1.5321   3.4046   3.4046   6.7657   6.7657  16.2469

          k = 0.5000-0.5000 0.5000 (   410 PWs)   bands (ev):

    -3.3376  -0.7612   5.1093   5.1093   7.6771   9.4935   9.4935

          k = 0.5000 0.5000 0.5000 (   410 PWs)   bands (ev):

    -3.3376  -0.7612   5.1093   5.1093   7.6771   9.4935   9.4935

          k = 1.0000 1.0000 1.0000 (   411 PWs)   bands (ev):

    -5.7058   6.3432   6.3432   6.3432   8.7374   8.7374   8.7374

          k =-0.5000-0.5000 0.5000 (   410 PWs)   bands (ev):

    -3.3376  -0.7612   5.1093   5.1093   7.6771   9.4935   9.4935

          k = 0.0000 0.0000 1.0000 (   412 PWs)   bands (ev):

    -1.5321  -1.5321   3.4046   3.4046   6.7657   6.7657  16.2469

          k = 0.0000 0.0000 1.0000 (   412 PWs)   bands (ev):

    -1.5321  -1.5321   3.4046   3.4046   6.7657   6.7657  16.2469

          k = 0.5000 0.5000 1.5000 (   410 PWs)   bands (ev):

    -3.3376  -0.7612   5.1093   5.1093   7.6771   9.4935   9.4935

     highest occupied, lowest unoccupied level (ev):     6.3432    6.7657

     Writing all to output data dir /home/nicola/CODES/q-e-kcw/tempdir/kcw/q3/Si.save/ :
     XML data file, pseudopotentials, collected wavefunctions

        INFO: NSCF calculation DONE


      iter #   1 total cpu time :    10.8 secs   av.it.:  11.9
      thresh= 1.000E-06 alpha_mix =  0.700 |ddv_scf|^2 =  2.907E-06

      iter #   2 total cpu time :    10.8 secs   av.it.:  11.8
      thresh= 1.000E-06 alpha_mix =  0.700 |ddv_scf|^2 =  2.101E-06

      iter #   3 total cpu time :    10.9 secs   av.it.:  11.8
      thresh= 1.000E-06 alpha_mix =  0.700 |ddv_scf|^2 =  1.045E-09

      iter #   4 total cpu time :    10.9 secs   av.it.:  10.1
      thresh= 3.233E-07 alpha_mix =  0.700 |ddv_scf|^2 =  2.684E-11

      iter #   5 total cpu time :    11.0 secs   av.it.:  10.2
      thresh= 5.181E-08 alpha_mix =  0.700 |ddv_scf|^2 =  8.250E-13

      iter #   6 total cpu time :    11.1 secs   av.it.:  11.5
      thresh= 9.083E-09 alpha_mix =  0.700 |ddv_scf|^2 =  4.988E-14

      iter #   7 total cpu time :    11.1 secs   av.it.:  11.5
      thresh= 2.233E-09 alpha_mix =  0.700 |ddv_scf|^2 =  9.893E-16

      iter #   8 total cpu time :    11.2 secs   av.it.:  12.0
      thresh= 3.145E-10 alpha_mix =  0.700 |ddv_scf|^2 =  2.813E-15

      iter #   9 total cpu time :    11.2 secs   av.it.:  10.5
      thresh= 5.304E-10 alpha_mix =  0.700 |ddv_scf|^2 =  1.612E-16

      iter #  10 total cpu time :    11.3 secs   av.it.:  11.7
      thresh= 1.270E-10 alpha_mix =  0.700 |ddv_scf|^2 =  4.655E-18

      iter #  11 total cpu time :    11.3 secs   av.it.:  11.2
      thresh= 2.158E-11 alpha_mix =  0.700 |ddv_scf|^2 =  2.746E-19

        iq =   3   iwann =   2   rPi_q =     0.07280190     0.00000000   uPi_q =     0.19447609    -0.00000000   SH_q =     0.12108476    -0.00000000

        Start LR calculation for the wannier #  3   iq =  3   spin =  1

        SYM : iq =    3   NOT DONE for WF =    3   as bz2ibz is -1

        Start LR calculation for the wannier #  4   iq =  3   spin =  1

        SYM : iq =    3   NOT DONE for WF =    4   as bz2ibz is -1

        Start LR calculation for the wannier #  5   iq =  3   spin =  1

        SYM : number of symmetry for iwann =    5 :    2   (out of    48 )
        SYM : iwann=     5 iq =     3 weight =   0.12500000

     Parallelization info
     --------------------
     sticks:   dense  smooth     PW     G-vecs:    dense   smooth      PW
     Min          73      73     27                  821      821     186
     Max          74      74     28                  823      823     189
     Sum         295     295    109                 3287     3287     749

     Using Slab Decomposition


     Title: 
     KCW Silicon screen                                                         


     bravais-lattice index     =            2
     lattice parameter (alat)  =      10.2631  a.u.
     unit-cell volume          =     270.2564 (a.u.)^3
     number of atoms/cell      =            2
     number of atomic types    =            1
     number of electrons       =         8.00 (up:   4.00, down:   4.00)
     number of Kohn-Sham states=            7
     kinetic-energy cutoff     =      20.0000  Ry
     charge density cutoff     =      80.0000  Ry
     Exchange-correlation= PW
                           (   1   4   0   0   0   0   0)

     celldm(1)=  10.263102  celldm(2)=   0.000000  celldm(3)=   0.000000
     celldm(4)=   0.000000  celldm(5)=   0.000000  celldm(6)=   0.000000

     crystal axes: (cart. coord. in units of alat)
               a(1) = (  -0.500000   0.000000   0.500000 )  
               a(2) = (   0.000000   0.500000   0.500000 )  
               a(3) = (  -0.500000   0.500000   0.000000 )  

     reciprocal axes: (cart. coord. in units 2 pi/alat)
               b(1) = ( -1.000000 -1.000000  1.000000 )  
               b(2) = (  1.000000  1.000000  1.000000 )  
               b(3) = ( -1.000000  1.000000 -1.000000 )  


     PseudoPot. # 1 for Si read from file:
     /home/nicola/CODES/q-e-kcw/pseudo/Si.upf
     MD5 check sum: 9e2d726316af3d4752eea8ab0afbb951
     Pseudo is Norm-conserving + core correction, Zval =  4.0
     Generated using ONCVPSP code by D. R. Hamann
     Using radial grid of 1510 points,  6 beta functions with: 
                l(1) =   0
                l(2) =   0
                l(3) =   1
                l(4) =   1
                l(5) =   2
                l(6) =   2

     atomic species   valence    mass     pseudopotential
     Si                4.00    28.08500     Si( 1.00)

     Starting magnetic structure 
     atomic species   magnetization
     Si              0.000

      2 Sym. Ops. (no inversion) found



   Cartesian axes

     site n.     atom                  positions (alat units)
         1        Si     tau(   1) = (   0.0000000   0.0000000   0.0000000  )
         2        Si     tau(   2) = (  -0.2500000   0.2500000   0.2500000  )

     number of k points=    12
                       cart. coord. in units 2pi/alat
        k(    1) = (   0.0000000   0.0000000   0.0000000), wk =   0.1250000
        k(    2) = (   0.5000000   0.5000000   0.5000000), wk =   0.0000000
        k(    3) = (   0.5000000  -0.5000000   0.5000000), wk =   0.2500000
        k(    4) = (   1.0000000   0.0000000   1.0000000), wk =   0.0000000
        k(    5) = (   0.0000000  -1.0000000   0.0000000), wk =   0.2500000
        k(    6) = (   0.5000000  -0.5000000   0.5000000), wk =   0.0000000
        k(    7) = (   0.5000000   0.5000000   0.5000000), wk =   0.1250000
        k(    8) = (   1.0000000   1.0000000   1.0000000), wk =   0.0000000
        k(    9) = (   0.5000000  -0.5000000  -0.5000000), wk =   0.1250000
        k(   10) = (   1.0000000   0.0000000   0.0000000), wk =   0.0000000
        k(   11) = (   1.0000000   0.0000000   0.0000000), wk =   0.1250000
        k(   12) = (   1.5000000   0.5000000   0.5000000), wk =   0.0000000

     Dense  grid:     3287 G-vectors     FFT dimensions: (  24,  24,  24)

     Estimated max dynamical RAM per process >       1.44 MB

     Estimated total dynamical RAM >       5.76 MB

     The potential is recalculated from file :
     /home/nicola/CODES/q-e-kcw/tempdir/kcw/q3/Si.save/charge-density

     Starting wfcs are    8 atomic wfcs

     Band Structure Calculation
     Davidson diagonalization with overlap

     ethr =  1.25E-10,  avg # of iterations = 10.0

     total cpu time spent up to now is       -1.0 secs

     End of band structure calculation

 ------ SPIN UP ------------


          k = 0.0000 0.0000 0.0000 (   411 PWs)   bands (ev):

    -5.7058   6.3432   6.3432   6.3432   8.7374   8.7374   8.7374

          k = 0.5000 0.5000 0.5000 (   410 PWs)   bands (ev):

    -3.3376  -0.7612   5.1093   5.1093   7.6771   9.4935   9.4935

          k = 0.5000-0.5000 0.5000 (   410 PWs)   bands (ev):

    -3.3376  -0.7612   5.1093   5.1093   7.6771   9.4935   9.4935

          k = 1.0000 0.0000 1.0000 (   412 PWs)   bands (ev):

    -1.5321  -1.5321   3.4046   3.4046   6.7657   6.7657  16.2469

          k = 0.0000-1.0000 0.0000 (   412 PWs)   bands (ev):

    -1.5321  -1.5321   3.4046   3.4046   6.7657   6.7657  16.2469

          k = 0.5000-0.5000 0.5000 (   410 PWs)   bands (ev):

    -3.3376  -0.7612   5.1093   5.1093   7.6771   9.4935   9.4935

          k = 0.5000 0.5000 0.5000 (   410 PWs)   bands (ev):

    -3.3376  -0.7612   5.1093   5.1093   7.6771   9.4935   9.4935

          k = 1.0000 1.0000 1.0000 (   411 PWs)   bands (ev):

    -5.7058   6.3432   6.3432   6.3432   8.7374   8.7374   8.7374

          k = 0.5000-0.5000-0.5000 (   410 PWs)   bands (ev):

    -3.3376  -0.7612   5.1093   5.1093   7.6771   9.4935   9.4935

          k = 1.0000 0.0000 0.0000 (   412 PWs)   bands (ev):

    -1.5321  -1.5321   3.4046   3.4046   6.7657   6.7657  16.2469

          k = 1.0000 0.0000 0.0000 (   412 PWs)   bands (ev):

    -1.5321  -1.5321   3.4046   3.4046   6.7657   6.7657  16.2469

          k = 1.5000 0.5000 0.5000 (   410 PWs)   bands (ev):

    -3.3376  -0.7612   5.1093   5.1093   7.6771   9.4935   9.4935

 ------ SPIN DOWN ----------


          k = 0.0000 0.0000 0.0000 (   411 PWs)   bands (ev):

    -5.7058   6.3432   6.3432   6.3432   8.7374   8.7374   8.7374

          k = 0.5000 0.5000 0.5000 (   410 PWs)   bands (ev):

    -3.3376  -0.7612   5.1093   5.1093   7.6771   9.4935   9.4935

          k = 0.5000-0.5000 0.5000 (   410 PWs)   bands (ev):

    -3.3376  -0.7612   5.1093   5.1093   7.6771   9.4935   9.4935

          k = 1.0000 0.0000 1.0000 (   412 PWs)   bands (ev):

    -1.5321  -1.5321   3.4046   3.4046   6.7657   6.7657  16.2469

          k = 0.0000-1.0000 0.0000 (   412 PWs)   bands (ev):

    -1.5321  -1.5321   3.4046   3.4046   6.7657   6.7657  16.2469

          k = 0.5000-0.5000 0.5000 (   410 PWs)   bands (ev):

    -3.3376  -0.7612   5.1093   5.1093   7.6771   9.4935   9.4935

          k = 0.5000 0.5000 0.5000 (   410 PWs)   bands (ev):

    -3.3376  -0.7612   5.1093   5.1093   7.6771   9.4935   9.4935

          k = 1.0000 1.0000 1.0000 (   411 PWs)   bands (ev):

    -5.7058   6.3432   6.3432   6.3432   8.7374   8.7374   8.7374

          k = 0.5000-0.5000-0.5000 (   410 PWs)   bands (ev):

    -3.3376  -0.7612   5.1093   5.1093   7.6771   9.4935   9.4935

          k = 1.0000 0.0000 0.0000 (   412 PWs)   bands (ev):

    -1.5321  -1.5321   3.4046   3.4046   6.7657   6.7657  16.2469

          k = 1.0000 0.0000 0.0000 (   412 PWs)   bands (ev):

    -1.5321  -1.5321   3.4046   3.4046   6.7657   6.7657  16.2469

          k = 1.5000 0.5000 0.5000 (   410 PWs)   bands (ev):

    -3.3376  -0.7612   5.1093   5.1093   7.6771   9.4935   9.4935

     highest occupied, lowest unoccupied level (ev):     6.3432    6.7657

     Writing all to output data dir /home/nicola/CODES/q-e-kcw/tempdir/kcw/q3/Si.save/ :
     XML data file, pseudopotentials, collected wavefunctions

        INFO: NSCF calculation DONE


      iter #   1 total cpu time :    11.6 secs   av.it.:  11.6
      thresh= 1.000E-06 alpha_mix =  0.700 |ddv_scf|^2 =  7.554E-07

      iter #   2 total cpu time :    11.7 secs   av.it.:  12.0
      thresh= 1.000E-06 alpha_mix =  0.700 |ddv_scf|^2 =  3.935E-06

      iter #   3 total cpu time :    11.7 secs   av.it.:  11.6
      thresh= 1.000E-06 alpha_mix =  0.700 |ddv_scf|^2 =  3.222E-09

      iter #   4 total cpu time :    11.8 secs   av.it.:  10.8
      thresh= 5.676E-07 alpha_mix =  0.700 |ddv_scf|^2 =  2.000E-11

      iter #   5 total cpu time :    11.8 secs   av.it.:  10.9
      thresh= 4.473E-08 alpha_mix =  0.700 |ddv_scf|^2 =  2.111E-12

      iter #   6 total cpu time :    11.9 secs   av.it.:  11.5
      thresh= 1.453E-08 alpha_mix =  0.700 |ddv_scf|^2 =  4.057E-14

      iter #   7 total cpu time :    12.0 secs   av.it.:  11.7
      thresh= 2.014E-09 alpha_mix =  0.700 |ddv_scf|^2 =  3.931E-15

      iter #   8 total cpu time :    12.0 secs   av.it.:  11.6
      thresh= 6.270E-10 alpha_mix =  0.700 |ddv_scf|^2 =  1.427E-15

      iter #   9 total cpu time :    12.1 secs   av.it.:  11.7
      thresh= 3.777E-10 alpha_mix =  0.700 |ddv_scf|^2 =  2.586E-16

      iter #  10 total cpu time :    12.1 secs   av.it.:  11.1
      thresh= 1.608E-10 alpha_mix =  0.700 |ddv_scf|^2 =  5.441E-17

      iter #  11 total cpu time :    12.2 secs   av.it.:  10.9
      thresh= 7.376E-11 alpha_mix =  0.700 |ddv_scf|^2 =  3.772E-18

      iter #  12 total cpu time :    12.2 secs   av.it.:  11.5
      thresh= 1.942E-11 alpha_mix =  0.700 |ddv_scf|^2 =  1.004E-18

      iter #  13 total cpu time :    12.3 secs   av.it.:  11.5
      thresh= 1.002E-11 alpha_mix =  0.700 |ddv_scf|^2 =  1.683E-19

        iq =   3   iwann =   5   rPi_q =    -0.00000706     0.00000000   uPi_q =     0.00568005    -0.00000000   SH_q =     0.00612289    -0.00000000

        Start LR calculation for the wannier #  6   iq =  3   spin =  1

        SYM : iq =    3   NOT DONE for WF =    6   as bz2ibz is -1

        Start LR calculation for the wannier #  7   iq =  3   spin =  1

        SYM : number of symmetry for iwann =    7 :    2   (out of    48 )
        SYM : iwann=     7 iq =     3 weight =   0.25000000

     Parallelization info
     --------------------
     sticks:   dense  smooth     PW     G-vecs:    dense   smooth      PW
     Min          73      73     27                  821      821     186
     Max          74      74     28                  823      823     189
     Sum         295     295    109                 3287     3287     749

     Using Slab Decomposition


     Title: 
     KCW Silicon screen                                                         


     bravais-lattice index     =            2
     lattice parameter (alat)  =      10.2631  a.u.
     unit-cell volume          =     270.2564 (a.u.)^3
     number of atoms/cell      =            2
     number of atomic types    =            1
     number of electrons       =         8.00 (up:   4.00, down:   4.00)
     number of Kohn-Sham states=            7
     kinetic-energy cutoff     =      20.0000  Ry
     charge density cutoff     =      80.0000  Ry
     Exchange-correlation= PW
                           (   1   4   0   0   0   0   0)

     celldm(1)=  10.263102  celldm(2)=   0.000000  celldm(3)=   0.000000
     celldm(4)=   0.000000  celldm(5)=   0.000000  celldm(6)=   0.000000

     crystal axes: (cart. coord. in units of alat)
               a(1) = (  -0.500000   0.000000   0.500000 )  
               a(2) = (   0.000000   0.500000   0.500000 )  
               a(3) = (  -0.500000   0.500000   0.000000 )  

     reciprocal axes: (cart. coord. in units 2 pi/alat)
               b(1) = ( -1.000000 -1.000000  1.000000 )  
               b(2) = (  1.000000  1.000000  1.000000 )  
               b(3) = ( -1.000000  1.000000 -1.000000 )  


     PseudoPot. # 1 for Si read from file:
     /home/nicola/CODES/q-e-kcw/pseudo/Si.upf
     MD5 check sum: 9e2d726316af3d4752eea8ab0afbb951
     Pseudo is Norm-conserving + core correction, Zval =  4.0
     Generated using ONCVPSP code by D. R. Hamann
     Using radial grid of 1510 points,  6 beta functions with: 
                l(1) =   0
                l(2) =   0
                l(3) =   1
                l(4) =   1
                l(5) =   2
                l(6) =   2

     atomic species   valence    mass     pseudopotential
     Si                4.00    28.08500     Si( 1.00)

     Starting magnetic structure 
     atomic species   magnetization
     Si              0.000

      2 Sym. Ops. (no inversion) found



   Cartesian axes

     site n.     atom                  positions (alat units)
         1        Si     tau(   1) = (   0.0000000   0.0000000   0.0000000  )
         2        Si     tau(   2) = (  -0.2500000   0.2500000   0.2500000  )

     number of k points=    16
                       cart. coord. in units 2pi/alat
        k(    1) = (   0.0000000   0.0000000   0.0000000), wk =   0.1250000
        k(    2) = (   0.5000000   0.5000000   0.5000000), wk =   0.0000000
        k(    3) = (   0.5000000  -0.5000000   0.5000000), wk =   0.1250000
        k(    4) = (   1.0000000   0.0000000   1.0000000), wk =   0.0000000
        k(    5) = (   0.0000000  -1.0000000   0.0000000), wk =   0.1250000
        k(    6) = (   0.5000000  -0.5000000   0.5000000), wk =   0.0000000
        k(    7) = (   0.5000000   0.5000000  -0.5000000), wk =   0.1250000
        k(    8) = (   1.0000000   1.0000000   0.0000000), wk =   0.0000000
        k(    9) = (   0.5000000   0.5000000   0.5000000), wk =   0.1250000
        k(   10) = (   1.0000000   1.0000000   1.0000000), wk =   0.0000000
        k(   11) = (   0.5000000  -0.5000000  -0.5000000), wk =   0.1250000
        k(   12) = (   1.0000000   0.0000000   0.0000000), wk =   0.0000000
        k(   13) = (   1.0000000   0.0000000   0.0000000), wk =   0.1250000
        k(   14) = (   1.5000000   0.5000000   0.5000000), wk =   0.0000000
        k(   15) = (   0.0000000   0.0000000   1.0000000), wk =   0.1250000
        k(   16) = (   0.5000000   0.5000000   1.5000000), wk =   0.0000000

     Dense  grid:     3287 G-vectors     FFT dimensions: (  24,  24,  24)

     Estimated max dynamical RAM per process >       1.44 MB

     Estimated total dynamical RAM >       5.76 MB

     The potential is recalculated from file :
     /home/nicola/CODES/q-e-kcw/tempdir/kcw/q3/Si.save/charge-density

     Starting wfcs are    8 atomic wfcs

     Band Structure Calculation
     Davidson diagonalization with overlap

     ethr =  1.25E-10,  avg # of iterations = 10.1

     total cpu time spent up to now is       -1.0 secs

     End of band structure calculation

 ------ SPIN UP ------------


          k = 0.0000 0.0000 0.0000 (   411 PWs)   bands (ev):

    -5.7058   6.3432   6.3432   6.3432   8.7374   8.7374   8.7374

          k = 0.5000 0.5000 0.5000 (   410 PWs)   bands (ev):

    -3.3376  -0.7612   5.1093   5.1093   7.6771   9.4935   9.4935

          k = 0.5000-0.5000 0.5000 (   410 PWs)   bands (ev):

    -3.3376  -0.7612   5.1093   5.1093   7.6771   9.4935   9.4935

          k = 1.0000 0.0000 1.0000 (   412 PWs)   bands (ev):

    -1.5321  -1.5321   3.4046   3.4046   6.7657   6.7657  16.2469

          k = 0.0000-1.0000 0.0000 (   412 PWs)   bands (ev):

    -1.5321  -1.5321   3.4046   3.4046   6.7657   6.7657  16.2469

          k = 0.5000-0.5000 0.5000 (   410 PWs)   bands (ev):

    -3.3376  -0.7612   5.1093   5.1093   7.6771   9.4935   9.4935

          k = 0.5000 0.5000-0.5000 (   410 PWs)   bands (ev):

    -3.3376  -0.7612   5.1093   5.1093   7.6771   9.4935   9.4935

          k = 1.0000 1.0000 0.0000 (   412 PWs)   bands (ev):

    -1.5321  -1.5321   3.4046   3.4046   6.7657   6.7657  16.2469

          k = 0.5000 0.5000 0.5000 (   410 PWs)   bands (ev):

    -3.3376  -0.7612   5.1093   5.1093   7.6771   9.4935   9.4935

          k = 1.0000 1.0000 1.0000 (   411 PWs)   bands (ev):

    -5.7058   6.3432   6.3432   6.3432   8.7374   8.7374   8.7374

          k = 0.5000-0.5000-0.5000 (   410 PWs)   bands (ev):

    -3.3376  -0.7612   5.1093   5.1093   7.6771   9.4935   9.4935

          k = 1.0000 0.0000 0.0000 (   412 PWs)   bands (ev):

    -1.5321  -1.5321   3.4046   3.4046   6.7657   6.7657  16.2469

          k = 1.0000 0.0000 0.0000 (   412 PWs)   bands (ev):

    -1.5321  -1.5321   3.4046   3.4046   6.7657   6.7657  16.2469

          k = 1.5000 0.5000 0.5000 (   410 PWs)   bands (ev):

    -3.3376  -0.7612   5.1093   5.1093   7.6771   9.4935   9.4935

          k = 0.0000 0.0000 1.0000 (   412 PWs)   bands (ev):

    -1.5321  -1.5321   3.4046   3.4046   6.7657   6.7657  16.2469

          k = 0.5000 0.5000 1.5000 (   410 PWs)   bands (ev):

    -3.3376  -0.7612   5.1093   5.1093   7.6771   9.4935   9.4935

 ------ SPIN DOWN ----------


          k = 0.0000 0.0000 0.0000 (   411 PWs)   bands (ev):

    -5.7058   6.3432   6.3432   6.3432   8.7374   8.7374   8.7374

          k = 0.5000 0.5000 0.5000 (   410 PWs)   bands (ev):

    -3.3376  -0.7612   5.1093   5.1093   7.6771   9.4935   9.4935

          k = 0.5000-0.5000 0.5000 (   410 PWs)   bands (ev):

    -3.3376  -0.7612   5.1093   5.1093   7.6771   9.4935   9.4935

          k = 1.0000 0.0000 1.0000 (   412 PWs)   bands (ev):

    -1.5321  -1.5321   3.4046   3.4046   6.7657   6.7657  16.2469

          k = 0.0000-1.0000 0.0000 (   412 PWs)   bands (ev):

    -1.5321  -1.5321   3.4046   3.4046   6.7657   6.7657  16.2469

          k = 0.5000-0.5000 0.5000 (   410 PWs)   bands (ev):

    -3.3376  -0.7612   5.1093   5.1093   7.6771   9.4935   9.4935

          k = 0.5000 0.5000-0.5000 (   410 PWs)   bands (ev):

    -3.3376  -0.7612   5.1093   5.1093   7.6771   9.4935   9.4935

          k = 1.0000 1.0000 0.0000 (   412 PWs)   bands (ev):

    -1.5321  -1.5321   3.4046   3.4046   6.7657   6.7657  16.2469

          k = 0.5000 0.5000 0.5000 (   410 PWs)   bands (ev):

    -3.3376  -0.7612   5.1093   5.1093   7.6771   9.4935   9.4935

          k = 1.0000 1.0000 1.0000 (   411 PWs)   bands (ev):

    -5.7058   6.3432   6.3432   6.3432   8.7374   8.7374   8.7374

          k = 0.5000-0.5000-0.5000 (   410 PWs)   bands (ev):

    -3.3376  -0.7612   5.1093   5.1093   7.6771   9.4935   9.4935

          k = 1.0000 0.0000 0.0000 (   412 PWs)   bands (ev):

    -1.5321  -1.5321   3.4046   3.4046   6.7657   6.7657  16.2469

          k = 1.0000 0.0000 0.0000 (   412 PWs)   bands (ev):

    -1.5321  -1.5321   3.4046   3.4046   6.7657   6.7657  16.2469

          k = 1.5000 0.5000 0.5000 (   410 PWs)   bands (ev):

    -3.3376  -0.7612   5.1093   5.1093   7.6771   9.4935   9.4935

          k = 0.0000 0.0000 1.0000 (   412 PWs)   bands (ev):

    -1.5321  -1.5321   3.4046   3.4046   6.7657   6.7657  16.2469

          k = 0.5000 0.5000 1.5000 (   410 PWs)   bands (ev):

    -3.3376  -0.7612   5.1093   5.1093   7.6771   9.4935   9.4935

     highest occupied, lowest unoccupied level (ev):     6.3432    6.7657

     Writing all to output data dir /home/nicola/CODES/q-e-kcw/tempdir/kcw/q3/Si.save/ :
     XML data file, pseudopotentials, collected wavefunctions

        INFO: NSCF calculation DONE


      iter #   1 total cpu time :    12.6 secs   av.it.:  12.3
      thresh= 1.000E-06 alpha_mix =  0.700 |ddv_scf|^2 =  1.825E-06

      iter #   2 total cpu time :    12.7 secs   av.it.:  12.3
      thresh= 1.000E-06 alpha_mix =  0.700 |ddv_scf|^2 =  1.355E-06

      iter #   3 total cpu time :    12.8 secs   av.it.:  11.9
      thresh= 1.000E-06 alpha_mix =  0.700 |ddv_scf|^2 =  7.507E-11

      iter #   4 total cpu time :    12.9 secs   av.it.:  10.9
      thresh= 8.664E-08 alpha_mix =  0.700 |ddv_scf|^2 =  2.927E-12

      iter #   5 total cpu time :    13.0 secs   av.it.:  11.7
      thresh= 1.711E-08 alpha_mix =  0.700 |ddv_scf|^2 =  4.156E-12

      iter #   6 total cpu time :    13.0 secs   av.it.:  10.8
      thresh= 2.039E-08 alpha_mix =  0.700 |ddv_scf|^2 =  4.660E-13

      iter #   7 total cpu time :    13.1 secs   av.it.:  11.4
      thresh= 6.826E-09 alpha_mix =  0.700 |ddv_scf|^2 =  2.544E-14

      iter #   8 total cpu time :    13.2 secs   av.it.:  11.2
      thresh= 1.595E-09 alpha_mix =  0.700 |ddv_scf|^2 =  2.166E-16

      iter #   9 total cpu time :    13.2 secs   av.it.:  11.4
      thresh= 1.472E-10 alpha_mix =  0.700 |ddv_scf|^2 =  2.927E-17

      iter #  10 total cpu time :    13.3 secs   av.it.:  11.6
      thresh= 5.410E-11 alpha_mix =  0.700 |ddv_scf|^2 =  2.237E-19

        iq =   3   iwann =   7   rPi_q =     0.02030438     0.00000000   uPi_q =     0.06225745    -0.00000000   SH_q =     0.03910213     0.00000000

        Start LR calculation for the wannier #  8   iq =  3   spin =  1

        SYM : iq =    3   NOT DONE for WF =    8   as bz2ibz is -1


     ==============================================================================
     Calculation of q =    0.0000000   1.0000000   0.0000000  [Cart ]
     Calculation of q =    0.0000000   0.5000000   0.5000000  [Cryst]
     ==============================================================================

        INFO: prepare_q DONE

        INFO: rhowan_q(r) RETRIEVED


        Start LR calculation for the wannier #  1   iq =  4   spin =  1

        SYM : number of symmetry for iwann =    1 :    6   (out of    48 )
        SYM : iwann=     1 iq =     4 weight =   0.37500000

     Parallelization info
     --------------------
     sticks:   dense  smooth     PW     G-vecs:    dense   smooth      PW
     Min          73      73     27                  821      821     186
     Max          74      74     28                  823      823     189
     Sum         295     295    109                 3287     3287     749

     Using Slab Decomposition


     Title: 
     KCW Silicon screen                                                         


     bravais-lattice index     =            2
     lattice parameter (alat)  =      10.2631  a.u.
     unit-cell volume          =     270.2564 (a.u.)^3
     number of atoms/cell      =            2
     number of atomic types    =            1
     number of electrons       =         8.00 (up:   4.00, down:   4.00)
     number of Kohn-Sham states=            7
     kinetic-energy cutoff     =      20.0000  Ry
     charge density cutoff     =      80.0000  Ry
     Exchange-correlation= PW
                           (   1   4   0   0   0   0   0)

     celldm(1)=  10.263102  celldm(2)=   0.000000  celldm(3)=   0.000000
     celldm(4)=   0.000000  celldm(5)=   0.000000  celldm(6)=   0.000000

     crystal axes: (cart. coord. in units of alat)
               a(1) = (  -0.500000   0.000000   0.500000 )  
               a(2) = (   0.000000   0.500000   0.500000 )  
               a(3) = (  -0.500000   0.500000   0.000000 )  

     reciprocal axes: (cart. coord. in units 2 pi/alat)
               b(1) = ( -1.000000 -1.000000  1.000000 )  
               b(2) = (  1.000000  1.000000  1.000000 )  
               b(3) = ( -1.000000  1.000000 -1.000000 )  


     PseudoPot. # 1 for Si read from file:
     /home/nicola/CODES/q-e-kcw/pseudo/Si.upf
     MD5 check sum: 9e2d726316af3d4752eea8ab0afbb951
     Pseudo is Norm-conserving + core correction, Zval =  4.0
     Generated using ONCVPSP code by D. R. Hamann
     Using radial grid of 1510 points,  6 beta functions with: 
                l(1) =   0
                l(2) =   0
                l(3) =   1
                l(4) =   1
                l(5) =   2
                l(6) =   2

     atomic species   valence    mass     pseudopotential
     Si                4.00    28.08500     Si( 1.00)

     Starting magnetic structure 
     atomic species   magnetization
     Si              0.000

      6 Sym. Ops. (no inversion) found



   Cartesian axes

     site n.     atom                  positions (alat units)
         1        Si     tau(   1) = (   0.0000000   0.0000000   0.0000000  )
         2        Si     tau(   2) = (  -0.2500000   0.2500000   0.2500000  )

     number of k points=    12
                       cart. coord. in units 2pi/alat
        k(    1) = (   0.0000000   0.0000000   0.0000000), wk =   0.1250000
        k(    2) = (   0.0000000   1.0000000   0.0000000), wk =   0.0000000
        k(    3) = (   0.5000000  -0.5000000   0.5000000), wk =   0.1250000
        k(    4) = (   0.5000000   0.5000000   0.5000000), wk =   0.0000000
        k(    5) = (   0.0000000  -1.0000000   0.0000000), wk =   0.1250000
        k(    6) = (   0.0000000   0.0000000   0.0000000), wk =   0.0000000
        k(    7) = (  -0.5000000   0.5000000   0.5000000), wk =   0.2500000
        k(    8) = (  -0.5000000   1.5000000   0.5000000), wk =   0.0000000
        k(    9) = (   0.5000000   0.5000000   0.5000000), wk =   0.1250000
        k(   10) = (   0.5000000   1.5000000   0.5000000), wk =   0.0000000
        k(   11) = (  -1.0000000   0.0000000   0.0000000), wk =   0.2500000
        k(   12) = (  -1.0000000   1.0000000   0.0000000), wk =   0.0000000

     Dense  grid:     3287 G-vectors     FFT dimensions: (  24,  24,  24)

     Estimated max dynamical RAM per process >       1.45 MB

     Estimated total dynamical RAM >       5.78 MB

     The potential is recalculated from file :
     /home/nicola/CODES/q-e-kcw/tempdir/kcw/q4/Si.save/charge-density

     Starting wfcs are    8 atomic wfcs

     Band Structure Calculation
     Davidson diagonalization with overlap

     ethr =  1.25E-10,  avg # of iterations = 10.0

     total cpu time spent up to now is       -1.0 secs

     End of band structure calculation

 ------ SPIN UP ------------


          k = 0.0000 0.0000 0.0000 (   411 PWs)   bands (ev):

    -5.7058   6.3432   6.3432   6.3432   8.7374   8.7374   8.7374

          k = 0.0000 1.0000 0.0000 (   412 PWs)   bands (ev):

    -1.5321  -1.5321   3.4046   3.4046   6.7657   6.7657  16.2469

          k = 0.5000-0.5000 0.5000 (   410 PWs)   bands (ev):

    -3.3376  -0.7612   5.1093   5.1093   7.6771   9.4935   9.4935

          k = 0.5000 0.5000 0.5000 (   410 PWs)   bands (ev):

    -3.3376  -0.7612   5.1093   5.1093   7.6771   9.4935   9.4935

          k = 0.0000-1.0000 0.0000 (   412 PWs)   bands (ev):

    -1.5321  -1.5321   3.4046   3.4046   6.7657   6.7657  16.2469

          k = 0.0000 0.0000 0.0000 (   411 PWs)   bands (ev):

    -5.7058   6.3432   6.3432   6.3432   8.7374   8.7374   8.7374

          k =-0.5000 0.5000 0.5000 (   410 PWs)   bands (ev):

    -3.3376  -0.7612   5.1093   5.1093   7.6771   9.4935   9.4935

          k =-0.5000 1.5000 0.5000 (   410 PWs)   bands (ev):

    -3.3376  -0.7612   5.1093   5.1093   7.6771   9.4935   9.4935

          k = 0.5000 0.5000 0.5000 (   410 PWs)   bands (ev):

    -3.3376  -0.7612   5.1093   5.1093   7.6771   9.4935   9.4935

          k = 0.5000 1.5000 0.5000 (   410 PWs)   bands (ev):

    -3.3376  -0.7612   5.1093   5.1093   7.6771   9.4935   9.4935

          k =-1.0000 0.0000 0.0000 (   412 PWs)   bands (ev):

    -1.5321  -1.5321   3.4046   3.4046   6.7657   6.7657  16.2469

          k =-1.0000 1.0000 0.0000 (   412 PWs)   bands (ev):

    -1.5321  -1.5321   3.4046   3.4046   6.7657   6.7657  16.2469

 ------ SPIN DOWN ----------


          k = 0.0000 0.0000 0.0000 (   411 PWs)   bands (ev):

    -5.7058   6.3432   6.3432   6.3432   8.7374   8.7374   8.7374

          k = 0.0000 1.0000 0.0000 (   412 PWs)   bands (ev):

    -1.5321  -1.5321   3.4046   3.4046   6.7657   6.7657  16.2469

          k = 0.5000-0.5000 0.5000 (   410 PWs)   bands (ev):

    -3.3376  -0.7612   5.1093   5.1093   7.6771   9.4935   9.4935

          k = 0.5000 0.5000 0.5000 (   410 PWs)   bands (ev):

    -3.3376  -0.7612   5.1093   5.1093   7.6771   9.4935   9.4935

          k = 0.0000-1.0000 0.0000 (   412 PWs)   bands (ev):

    -1.5321  -1.5321   3.4046   3.4046   6.7657   6.7657  16.2469

          k = 0.0000 0.0000 0.0000 (   411 PWs)   bands (ev):

    -5.7058   6.3432   6.3432   6.3432   8.7374   8.7374   8.7374

          k =-0.5000 0.5000 0.5000 (   410 PWs)   bands (ev):

    -3.3376  -0.7612   5.1093   5.1093   7.6771   9.4935   9.4935

          k =-0.5000 1.5000 0.5000 (   410 PWs)   bands (ev):

    -3.3376  -0.7612   5.1093   5.1093   7.6771   9.4935   9.4935

          k = 0.5000 0.5000 0.5000 (   410 PWs)   bands (ev):

    -3.3376  -0.7612   5.1093   5.1093   7.6771   9.4935   9.4935

          k = 0.5000 1.5000 0.5000 (   410 PWs)   bands (ev):

    -3.3376  -0.7612   5.1093   5.1093   7.6771   9.4935   9.4935

          k =-1.0000 0.0000 0.0000 (   412 PWs)   bands (ev):

    -1.5321  -1.5321   3.4046   3.4046   6.7657   6.7657  16.2469

          k =-1.0000 1.0000 0.0000 (   412 PWs)   bands (ev):

    -1.5321  -1.5321   3.4046   3.4046   6.7657   6.7657  16.2469

     highest occupied, lowest unoccupied level (ev):     6.3432    6.7657

     Writing all to output data dir /home/nicola/CODES/q-e-kcw/tempdir/kcw/q4/Si.save/ :
     XML data file, pseudopotentials, collected wavefunctions

        INFO: NSCF calculation DONE


      iter #   1 total cpu time :    13.6 secs   av.it.:  12.2
      thresh= 1.000E-06 alpha_mix =  0.700 |ddv_scf|^2 =  3.736E-06

      iter #   2 total cpu time :    13.6 secs   av.it.:  12.7
      thresh= 1.000E-06 alpha_mix =  0.700 |ddv_scf|^2 =  8.266E-06

      iter #   3 total cpu time :    13.7 secs   av.it.:  12.2
      thresh= 1.000E-06 alpha_mix =  0.700 |ddv_scf|^2 =  2.131E-08

      iter #   4 total cpu time :    13.8 secs   av.it.:  10.5
      thresh= 1.000E-06 alpha_mix =  0.700 |ddv_scf|^2 =  8.701E-11

      iter #   5 total cpu time :    13.8 secs   av.it.:  10.4
      thresh= 9.328E-08 alpha_mix =  0.700 |ddv_scf|^2 =  1.832E-11

      iter #   6 total cpu time :    13.9 secs   av.it.:  10.5
      thresh= 4.281E-08 alpha_mix =  0.700 |ddv_scf|^2 =  2.555E-12

      iter #   7 total cpu time :    13.9 secs   av.it.:  11.2
      thresh= 1.598E-08 alpha_mix =  0.700 |ddv_scf|^2 =  1.254E-13

      iter #   8 total cpu time :    14.0 secs   av.it.:  11.2
      thresh= 3.541E-09 alpha_mix =  0.700 |ddv_scf|^2 =  2.579E-14

      iter #   9 total cpu time :    14.0 secs   av.it.:  11.8
      thresh= 1.606E-09 alpha_mix =  0.700 |ddv_scf|^2 =  1.839E-14

      iter #  10 total cpu time :    14.1 secs   av.it.:  10.8
      thresh= 1.356E-09 alpha_mix =  0.700 |ddv_scf|^2 =  9.855E-16

      iter #  11 total cpu time :    14.2 secs   av.it.:  11.6
      thresh= 3.139E-10 alpha_mix =  0.700 |ddv_scf|^2 =  3.451E-16

      iter #  12 total cpu time :    14.2 secs   av.it.:  11.0
      thresh= 1.858E-10 alpha_mix =  0.700 |ddv_scf|^2 =  3.007E-17

      iter #  13 total cpu time :    14.3 secs   av.it.:  11.8
      thresh= 5.484E-11 alpha_mix =  0.700 |ddv_scf|^2 =  1.275E-17

      iter #  14 total cpu time :    14.3 secs   av.it.:  11.2
      thresh= 3.571E-11 alpha_mix =  0.700 |ddv_scf|^2 =  1.367E-18

      iter #  15 total cpu time :    14.4 secs   av.it.:  11.8
      thresh= 1.169E-11 alpha_mix =  0.700 |ddv_scf|^2 =  5.414E-19

        iq =   4   iwann =   1   rPi_q =     0.04130345     0.00000000   uPi_q =     0.15278727    -0.00000000   SH_q =     0.09984586    -0.00000000

        Start LR calculation for the wannier #  2   iq =  4   spin =  1

        SYM : number of symmetry for iwann =    2 :    6   (out of    48 )
        SYM : iwann=     2 iq =     4 weight =   0.37500000

     Parallelization info
     --------------------
     sticks:   dense  smooth     PW     G-vecs:    dense   smooth      PW
     Min          73      73     27                  821      821     186
     Max          74      74     28                  823      823     189
     Sum         295     295    109                 3287     3287     749

     Using Slab Decomposition


     Title: 
     KCW Silicon screen                                                         


     bravais-lattice index     =            2
     lattice parameter (alat)  =      10.2631  a.u.
     unit-cell volume          =     270.2564 (a.u.)^3
     number of atoms/cell      =            2
     number of atomic types    =            1
     number of electrons       =         8.00 (up:   4.00, down:   4.00)
     number of Kohn-Sham states=            7
     kinetic-energy cutoff     =      20.0000  Ry
     charge density cutoff     =      80.0000  Ry
     Exchange-correlation= PW
                           (   1   4   0   0   0   0   0)

     celldm(1)=  10.263102  celldm(2)=   0.000000  celldm(3)=   0.000000
     celldm(4)=   0.000000  celldm(5)=   0.000000  celldm(6)=   0.000000

     crystal axes: (cart. coord. in units of alat)
               a(1) = (  -0.500000   0.000000   0.500000 )  
               a(2) = (   0.000000   0.500000   0.500000 )  
               a(3) = (  -0.500000   0.500000   0.000000 )  

     reciprocal axes: (cart. coord. in units 2 pi/alat)
               b(1) = ( -1.000000 -1.000000  1.000000 )  
               b(2) = (  1.000000  1.000000  1.000000 )  
               b(3) = ( -1.000000  1.000000 -1.000000 )  


     PseudoPot. # 1 for Si read from file:
     /home/nicola/CODES/q-e-kcw/pseudo/Si.upf
     MD5 check sum: 9e2d726316af3d4752eea8ab0afbb951
     Pseudo is Norm-conserving + core correction, Zval =  4.0
     Generated using ONCVPSP code by D. R. Hamann
     Using radial grid of 1510 points,  6 beta functions with: 
                l(1) =   0
                l(2) =   0
                l(3) =   1
                l(4) =   1
                l(5) =   2
                l(6) =   2

     atomic species   valence    mass     pseudopotential
     Si                4.00    28.08500     Si( 1.00)

     Starting magnetic structure 
     atomic species   magnetization
     Si              0.000

      6 Sym. Ops. (no inversion) found



   Cartesian axes

     site n.     atom                  positions (alat units)
         1        Si     tau(   1) = (   0.0000000   0.0000000   0.0000000  )
         2        Si     tau(   2) = (  -0.2500000   0.2500000   0.2500000  )

     number of k points=    12
                       cart. coord. in units 2pi/alat
        k(    1) = (   0.0000000   0.0000000   0.0000000), wk =   0.1250000
        k(    2) = (   0.0000000   1.0000000   0.0000000), wk =   0.0000000
        k(    3) = (   0.5000000  -0.5000000   0.5000000), wk =   0.1250000
        k(    4) = (   0.5000000   0.5000000   0.5000000), wk =   0.0000000
        k(    5) = (   0.0000000  -1.0000000   0.0000000), wk =   0.1250000
        k(    6) = (   0.0000000   0.0000000   0.0000000), wk =   0.0000000
        k(    7) = (   0.5000000   0.5000000   0.5000000), wk =   0.1250000
        k(    8) = (   0.5000000   1.5000000   0.5000000), wk =   0.0000000
        k(    9) = (  -0.5000000  -0.5000000   0.5000000), wk =   0.2500000
        k(   10) = (  -0.5000000   0.5000000   0.5000000), wk =   0.0000000
        k(   11) = (   0.0000000   0.0000000   1.0000000), wk =   0.2500000
        k(   12) = (   0.0000000   1.0000000   1.0000000), wk =   0.0000000

     Dense  grid:     3287 G-vectors     FFT dimensions: (  24,  24,  24)

     Estimated max dynamical RAM per process >       1.45 MB

     Estimated total dynamical RAM >       5.78 MB

     The potential is recalculated from file :
     /home/nicola/CODES/q-e-kcw/tempdir/kcw/q4/Si.save/charge-density

     Starting wfcs are    8 atomic wfcs

     Band Structure Calculation
     Davidson diagonalization with overlap

     ethr =  1.25E-10,  avg # of iterations = 10.0

     total cpu time spent up to now is       -1.0 secs

     End of band structure calculation

 ------ SPIN UP ------------


          k = 0.0000 0.0000 0.0000 (   411 PWs)   bands (ev):

    -5.7058   6.3432   6.3432   6.3432   8.7374   8.7374   8.7374

          k = 0.0000 1.0000 0.0000 (   412 PWs)   bands (ev):

    -1.5321  -1.5321   3.4046   3.4046   6.7657   6.7657  16.2469

          k = 0.5000-0.5000 0.5000 (   410 PWs)   bands (ev):

    -3.3376  -0.7612   5.1093   5.1093   7.6771   9.4935   9.4935

          k = 0.5000 0.5000 0.5000 (   410 PWs)   bands (ev):

    -3.3376  -0.7612   5.1093   5.1093   7.6771   9.4935   9.4935

          k = 0.0000-1.0000 0.0000 (   412 PWs)   bands (ev):

    -1.5321  -1.5321   3.4046   3.4046   6.7657   6.7657  16.2469

          k = 0.0000 0.0000 0.0000 (   411 PWs)   bands (ev):

    -5.7058   6.3432   6.3432   6.3432   8.7374   8.7374   8.7374

          k = 0.5000 0.5000 0.5000 (   410 PWs)   bands (ev):

    -3.3376  -0.7612   5.1093   5.1093   7.6771   9.4935   9.4935

          k = 0.5000 1.5000 0.5000 (   410 PWs)   bands (ev):

    -3.3376  -0.7612   5.1093   5.1093   7.6771   9.4935   9.4935

          k =-0.5000-0.5000 0.5000 (   410 PWs)   bands (ev):

    -3.3376  -0.7612   5.1093   5.1093   7.6771   9.4935   9.4935

          k =-0.5000 0.5000 0.5000 (   410 PWs)   bands (ev):

    -3.3376  -0.7612   5.1093   5.1093   7.6771   9.4935   9.4935

          k = 0.0000 0.0000 1.0000 (   412 PWs)   bands (ev):

    -1.5321  -1.5321   3.4046   3.4046   6.7657   6.7657  16.2469

          k = 0.0000 1.0000 1.0000 (   412 PWs)   bands (ev):

    -1.5321  -1.5321   3.4046   3.4046   6.7657   6.7657  16.2469

 ------ SPIN DOWN ----------


          k = 0.0000 0.0000 0.0000 (   411 PWs)   bands (ev):

    -5.7058   6.3432   6.3432   6.3432   8.7374   8.7374   8.7374

          k = 0.0000 1.0000 0.0000 (   412 PWs)   bands (ev):

    -1.5321  -1.5321   3.4046   3.4046   6.7657   6.7657  16.2469

          k = 0.5000-0.5000 0.5000 (   410 PWs)   bands (ev):

    -3.3376  -0.7612   5.1093   5.1093   7.6771   9.4935   9.4935

          k = 0.5000 0.5000 0.5000 (   410 PWs)   bands (ev):

    -3.3376  -0.7612   5.1093   5.1093   7.6771   9.4935   9.4935

          k = 0.0000-1.0000 0.0000 (   412 PWs)   bands (ev):

    -1.5321  -1.5321   3.4046   3.4046   6.7657   6.7657  16.2469

          k = 0.0000 0.0000 0.0000 (   411 PWs)   bands (ev):

    -5.7058   6.3432   6.3432   6.3432   8.7374   8.7374   8.7374

          k = 0.5000 0.5000 0.5000 (   410 PWs)   bands (ev):

    -3.3376  -0.7612   5.1093   5.1093   7.6771   9.4935   9.4935

          k = 0.5000 1.5000 0.5000 (   410 PWs)   bands (ev):

    -3.3376  -0.7612   5.1093   5.1093   7.6771   9.4935   9.4935

          k =-0.5000-0.5000 0.5000 (   410 PWs)   bands (ev):

    -3.3376  -0.7612   5.1093   5.1093   7.6771   9.4935   9.4935

          k =-0.5000 0.5000 0.5000 (   410 PWs)   bands (ev):

    -3.3376  -0.7612   5.1093   5.1093   7.6771   9.4935   9.4935

          k = 0.0000 0.0000 1.0000 (   412 PWs)   bands (ev):

    -1.5321  -1.5321   3.4046   3.4046   6.7657   6.7657  16.2469

          k = 0.0000 1.0000 1.0000 (   412 PWs)   bands (ev):

    -1.5321  -1.5321   3.4046   3.4046   6.7657   6.7657  16.2469

     highest occupied, lowest unoccupied level (ev):     6.3432    6.7657

     Writing all to output data dir /home/nicola/CODES/q-e-kcw/tempdir/kcw/q4/Si.save/ :
     XML data file, pseudopotentials, collected wavefunctions

        INFO: NSCF calculation DONE


      iter #   1 total cpu time :    14.7 secs   av.it.:  12.1
      thresh= 1.000E-06 alpha_mix =  0.700 |ddv_scf|^2 =  3.736E-06

      iter #   2 total cpu time :    14.7 secs   av.it.:  12.5
      thresh= 1.000E-06 alpha_mix =  0.700 |ddv_scf|^2 =  8.266E-06

      iter #   3 total cpu time :    14.8 secs   av.it.:  12.2
      thresh= 1.000E-06 alpha_mix =  0.700 |ddv_scf|^2 =  2.131E-08

      iter #   4 total cpu time :    14.8 secs   av.it.:  10.5
      thresh= 1.000E-06 alpha_mix =  0.700 |ddv_scf|^2 =  8.701E-11

      iter #   5 total cpu time :    14.9 secs   av.it.:  10.4
      thresh= 9.328E-08 alpha_mix =  0.700 |ddv_scf|^2 =  1.832E-11

      iter #   6 total cpu time :    14.9 secs   av.it.:  10.6
      thresh= 4.281E-08 alpha_mix =  0.700 |ddv_scf|^2 =  2.555E-12

      iter #   7 total cpu time :    15.0 secs   av.it.:  11.2
      thresh= 1.598E-08 alpha_mix =  0.700 |ddv_scf|^2 =  1.254E-13

      iter #   8 total cpu time :    15.1 secs   av.it.:  11.1
      thresh= 3.541E-09 alpha_mix =  0.700 |ddv_scf|^2 =  2.580E-14

      iter #   9 total cpu time :    15.1 secs   av.it.:  11.5
      thresh= 1.606E-09 alpha_mix =  0.700 |ddv_scf|^2 =  1.841E-14

      iter #  10 total cpu time :    15.2 secs   av.it.:  10.8
      thresh= 1.357E-09 alpha_mix =  0.700 |ddv_scf|^2 =  9.854E-16

      iter #  11 total cpu time :    15.2 secs   av.it.:  11.6
      thresh= 3.139E-10 alpha_mix =  0.700 |ddv_scf|^2 =  3.449E-16

      iter #  12 total cpu time :    15.3 secs   av.it.:  11.1
      thresh= 1.857E-10 alpha_mix =  0.700 |ddv_scf|^2 =  2.998E-17

      iter #  13 total cpu time :    15.4 secs   av.it.:  11.8
      thresh= 5.475E-11 alpha_mix =  0.700 |ddv_scf|^2 =  1.250E-17

      iter #  14 total cpu time :    15.4 secs   av.it.:  11.2
      thresh= 3.536E-11 alpha_mix =  0.700 |ddv_scf|^2 =  1.292E-18

      iter #  15 total cpu time :    15.5 secs   av.it.:  11.7
      thresh= 1.137E-11 alpha_mix =  0.700 |ddv_scf|^2 =  4.630E-19

        iq =   4   iwann =   2   rPi_q =     0.04130344     0.00000000   uPi_q =     0.15278727    -0.00000000   SH_q =     0.09984586     0.00000000

        Start LR calculation for the wannier #  3   iq =  4   spin =  1

        SYM : number of symmetry for iwann =    3 :    6   (out of    48 )
        SYM : iwann=     3 iq =     4 weight =   0.37500000

     Parallelization info
     --------------------
     sticks:   dense  smooth     PW     G-vecs:    dense   smooth      PW
     Min          73      73     27                  821      821     186
     Max          74      74     28                  823      823     189
     Sum         295     295    109                 3287     3287     749

     Using Slab Decomposition


     Title: 
     KCW Silicon screen                                                         


     bravais-lattice index     =            2
     lattice parameter (alat)  =      10.2631  a.u.
     unit-cell volume          =     270.2564 (a.u.)^3
     number of atoms/cell      =            2
     number of atomic types    =            1
     number of electrons       =         8.00 (up:   4.00, down:   4.00)
     number of Kohn-Sham states=            7
     kinetic-energy cutoff     =      20.0000  Ry
     charge density cutoff     =      80.0000  Ry
     Exchange-correlation= PW
                           (   1   4   0   0   0   0   0)

     celldm(1)=  10.263102  celldm(2)=   0.000000  celldm(3)=   0.000000
     celldm(4)=   0.000000  celldm(5)=   0.000000  celldm(6)=   0.000000

     crystal axes: (cart. coord. in units of alat)
               a(1) = (  -0.500000   0.000000   0.500000 )  
               a(2) = (   0.000000   0.500000   0.500000 )  
               a(3) = (  -0.500000   0.500000   0.000000 )  

     reciprocal axes: (cart. coord. in units 2 pi/alat)
               b(1) = ( -1.000000 -1.000000  1.000000 )  
               b(2) = (  1.000000  1.000000  1.000000 )  
               b(3) = ( -1.000000  1.000000 -1.000000 )  


     PseudoPot. # 1 for Si read from file:
     /home/nicola/CODES/q-e-kcw/pseudo/Si.upf
     MD5 check sum: 9e2d726316af3d4752eea8ab0afbb951
     Pseudo is Norm-conserving + core correction, Zval =  4.0
     Generated using ONCVPSP code by D. R. Hamann
     Using radial grid of 1510 points,  6 beta functions with: 
                l(1) =   0
                l(2) =   0
                l(3) =   1
                l(4) =   1
                l(5) =   2
                l(6) =   2

     atomic species   valence    mass     pseudopotential
     Si                4.00    28.08500     Si( 1.00)

     Starting magnetic structure 
     atomic species   magnetization
     Si              0.000

      6 Sym. Ops. (no inversion) found



   Cartesian axes

     site n.     atom                  positions (alat units)
         1        Si     tau(   1) = (   0.0000000   0.0000000   0.0000000  )
         2        Si     tau(   2) = (  -0.2500000   0.2500000   0.2500000  )

     number of k points=    12
                       cart. coord. in units 2pi/alat
        k(    1) = (   0.0000000   0.0000000   0.0000000), wk =   0.1250000
        k(    2) = (   0.0000000   1.0000000   0.0000000), wk =   0.0000000
        k(    3) = (   0.5000000  -0.5000000   0.5000000), wk =   0.2500000
        k(    4) = (   0.5000000   0.5000000   0.5000000), wk =   0.0000000
        k(    5) = (   0.0000000  -1.0000000   0.0000000), wk =   0.1250000
        k(    6) = (   0.0000000   0.0000000   0.0000000), wk =   0.0000000
        k(    7) = (  -0.5000000   0.5000000   0.5000000), wk =   0.1250000
        k(    8) = (  -0.5000000   1.5000000   0.5000000), wk =   0.0000000
        k(    9) = (  -0.5000000  -0.5000000   0.5000000), wk =   0.1250000
        k(   10) = (  -0.5000000   0.5000000   0.5000000), wk =   0.0000000
        k(   11) = (   0.0000000   0.0000000   1.0000000), wk =   0.2500000
        k(   12) = (   0.0000000   1.0000000   1.0000000), wk =   0.0000000

     Dense  grid:     3287 G-vectors     FFT dimensions: (  24,  24,  24)

     Estimated max dynamical RAM per process >       1.45 MB

     Estimated total dynamical RAM >       5.78 MB

     The potential is recalculated from file :
     /home/nicola/CODES/q-e-kcw/tempdir/kcw/q4/Si.save/charge-density

     Starting wfcs are    8 atomic wfcs

     Band Structure Calculation
     Davidson diagonalization with overlap

     ethr =  1.25E-10,  avg # of iterations = 10.0

     total cpu time spent up to now is       -1.0 secs

     End of band structure calculation

 ------ SPIN UP ------------


          k = 0.0000 0.0000 0.0000 (   411 PWs)   bands (ev):

    -5.7058   6.3432   6.3432   6.3432   8.7374   8.7374   8.7374

          k = 0.0000 1.0000 0.0000 (   412 PWs)   bands (ev):

    -1.5321  -1.5321   3.4046   3.4046   6.7657   6.7657  16.2469

          k = 0.5000-0.5000 0.5000 (   410 PWs)   bands (ev):

    -3.3376  -0.7612   5.1093   5.1093   7.6771   9.4935   9.4935

          k = 0.5000 0.5000 0.5000 (   410 PWs)   bands (ev):

    -3.3376  -0.7612   5.1093   5.1093   7.6771   9.4935   9.4935

          k = 0.0000-1.0000 0.0000 (   412 PWs)   bands (ev):

    -1.5321  -1.5321   3.4046   3.4046   6.7657   6.7657  16.2469

          k = 0.0000 0.0000 0.0000 (   411 PWs)   bands (ev):

    -5.7058   6.3432   6.3432   6.3432   8.7374   8.7374   8.7374

          k =-0.5000 0.5000 0.5000 (   410 PWs)   bands (ev):

    -3.3376  -0.7612   5.1093   5.1093   7.6771   9.4935   9.4935

          k =-0.5000 1.5000 0.5000 (   410 PWs)   bands (ev):

    -3.3376  -0.7612   5.1093   5.1093   7.6771   9.4935   9.4935

          k =-0.5000-0.5000 0.5000 (   410 PWs)   bands (ev):

    -3.3376  -0.7612   5.1093   5.1093   7.6771   9.4935   9.4935

          k =-0.5000 0.5000 0.5000 (   410 PWs)   bands (ev):

    -3.3376  -0.7612   5.1093   5.1093   7.6771   9.4935   9.4935

          k = 0.0000 0.0000 1.0000 (   412 PWs)   bands (ev):

    -1.5321  -1.5321   3.4046   3.4046   6.7657   6.7657  16.2469

          k = 0.0000 1.0000 1.0000 (   412 PWs)   bands (ev):

    -1.5321  -1.5321   3.4046   3.4046   6.7657   6.7657  16.2469

 ------ SPIN DOWN ----------


          k = 0.0000 0.0000 0.0000 (   411 PWs)   bands (ev):

    -5.7058   6.3432   6.3432   6.3432   8.7374   8.7374   8.7374

          k = 0.0000 1.0000 0.0000 (   412 PWs)   bands (ev):

    -1.5321  -1.5321   3.4046   3.4046   6.7657   6.7657  16.2469

          k = 0.5000-0.5000 0.5000 (   410 PWs)   bands (ev):

    -3.3376  -0.7612   5.1093   5.1093   7.6771   9.4935   9.4935

          k = 0.5000 0.5000 0.5000 (   410 PWs)   bands (ev):

    -3.3376  -0.7612   5.1093   5.1093   7.6771   9.4935   9.4935

          k = 0.0000-1.0000 0.0000 (   412 PWs)   bands (ev):

    -1.5321  -1.5321   3.4046   3.4046   6.7657   6.7657  16.2469

          k = 0.0000 0.0000 0.0000 (   411 PWs)   bands (ev):

    -5.7058   6.3432   6.3432   6.3432   8.7374   8.7374   8.7374

          k =-0.5000 0.5000 0.5000 (   410 PWs)   bands (ev):

    -3.3376  -0.7612   5.1093   5.1093   7.6771   9.4935   9.4935

          k =-0.5000 1.5000 0.5000 (   410 PWs)   bands (ev):

    -3.3376  -0.7612   5.1093   5.1093   7.6771   9.4935   9.4935

          k =-0.5000-0.5000 0.5000 (   410 PWs)   bands (ev):

    -3.3376  -0.7612   5.1093   5.1093   7.6771   9.4935   9.4935

          k =-0.5000 0.5000 0.5000 (   410 PWs)   bands (ev):

    -3.3376  -0.7612   5.1093   5.1093   7.6771   9.4935   9.4935

          k = 0.0000 0.0000 1.0000 (   412 PWs)   bands (ev):

    -1.5321  -1.5321   3.4046   3.4046   6.7657   6.7657  16.2469

          k = 0.0000 1.0000 1.0000 (   412 PWs)   bands (ev):

    -1.5321  -1.5321   3.4046   3.4046   6.7657   6.7657  16.2469

     highest occupied, lowest unoccupied level (ev):     6.3432    6.7657

     Writing all to output data dir /home/nicola/CODES/q-e-kcw/tempdir/kcw/q4/Si.save/ :
     XML data file, pseudopotentials, collected wavefunctions

        INFO: NSCF calculation DONE


      iter #   1 total cpu time :    15.7 secs   av.it.:  12.1
      thresh= 1.000E-06 alpha_mix =  0.700 |ddv_scf|^2 =  3.736E-06

      iter #   2 total cpu time :    15.8 secs   av.it.:  12.4
      thresh= 1.000E-06 alpha_mix =  0.700 |ddv_scf|^2 =  8.266E-06

      iter #   3 total cpu time :    15.9 secs   av.it.:  12.2
      thresh= 1.000E-06 alpha_mix =  0.700 |ddv_scf|^2 =  2.131E-08

      iter #   4 total cpu time :    15.9 secs   av.it.:  10.4
      thresh= 1.000E-06 alpha_mix =  0.700 |ddv_scf|^2 =  8.701E-11

      iter #   5 total cpu time :    16.0 secs   av.it.:  10.3
      thresh= 9.328E-08 alpha_mix =  0.700 |ddv_scf|^2 =  1.832E-11

      iter #   6 total cpu time :    16.0 secs   av.it.:  10.5
      thresh= 4.281E-08 alpha_mix =  0.700 |ddv_scf|^2 =  2.555E-12

      iter #   7 total cpu time :    16.1 secs   av.it.:  11.2
      thresh= 1.598E-08 alpha_mix =  0.700 |ddv_scf|^2 =  1.254E-13

      iter #   8 total cpu time :    16.1 secs   av.it.:  11.2
      thresh= 3.541E-09 alpha_mix =  0.700 |ddv_scf|^2 =  2.578E-14

      iter #   9 total cpu time :    16.2 secs   av.it.:  11.8
      thresh= 1.606E-09 alpha_mix =  0.700 |ddv_scf|^2 =  1.836E-14

      iter #  10 total cpu time :    16.3 secs   av.it.:  10.8
      thresh= 1.355E-09 alpha_mix =  0.700 |ddv_scf|^2 =  9.855E-16

      iter #  11 total cpu time :    16.3 secs   av.it.:  11.6
      thresh= 3.139E-10 alpha_mix =  0.700 |ddv_scf|^2 =  3.451E-16

      iter #  12 total cpu time :    16.4 secs   av.it.:  11.1
      thresh= 1.858E-10 alpha_mix =  0.700 |ddv_scf|^2 =  3.009E-17

      iter #  13 total cpu time :    16.4 secs   av.it.:  11.8
      thresh= 5.486E-11 alpha_mix =  0.700 |ddv_scf|^2 =  1.282E-17

      iter #  14 total cpu time :    16.5 secs   av.it.:  11.2
      thresh= 3.581E-11 alpha_mix =  0.700 |ddv_scf|^2 =  1.389E-18

      iter #  15 total cpu time :    16.6 secs   av.it.:  11.7
      thresh= 1.178E-11 alpha_mix =  0.700 |ddv_scf|^2 =  5.625E-19

        iq =   4   iwann =   3   rPi_q =     0.04130345     0.00000000   uPi_q =     0.15278727    -0.00000000   SH_q =     0.09984586    -0.00000000

        Start LR calculation for the wannier #  4   iq =  4   spin =  1

        SYM : number of symmetry for iwann =    4 :   12   (out of    48 )
        SYM : iwann=     4 iq =     4 weight =   0.37500000

     Parallelization info
     --------------------
     sticks:   dense  smooth     PW     G-vecs:    dense   smooth      PW
     Min          73      73     27                  821      821     186
     Max          74      74     28                  823      823     189
     Sum         295     295    109                 3287     3287     749

     Using Slab Decomposition


     Title: 
     KCW Silicon screen                                                         


     bravais-lattice index     =            2
     lattice parameter (alat)  =      10.2631  a.u.
     unit-cell volume          =     270.2564 (a.u.)^3
     number of atoms/cell      =            2
     number of atomic types    =            1
     number of electrons       =         8.00 (up:   4.00, down:   4.00)
     number of Kohn-Sham states=            7
     kinetic-energy cutoff     =      20.0000  Ry
     charge density cutoff     =      80.0000  Ry
     Exchange-correlation= PW
                           (   1   4   0   0   0   0   0)

     celldm(1)=  10.263102  celldm(2)=   0.000000  celldm(3)=   0.000000
     celldm(4)=   0.000000  celldm(5)=   0.000000  celldm(6)=   0.000000

     crystal axes: (cart. coord. in units of alat)
               a(1) = (  -0.500000   0.000000   0.500000 )  
               a(2) = (   0.000000   0.500000   0.500000 )  
               a(3) = (  -0.500000   0.500000   0.000000 )  

     reciprocal axes: (cart. coord. in units 2 pi/alat)
               b(1) = ( -1.000000 -1.000000  1.000000 )  
               b(2) = (  1.000000  1.000000  1.000000 )  
               b(3) = ( -1.000000  1.000000 -1.000000 )  


     PseudoPot. # 1 for Si read from file:
     /home/nicola/CODES/q-e-kcw/pseudo/Si.upf
     MD5 check sum: 9e2d726316af3d4752eea8ab0afbb951
     Pseudo is Norm-conserving + core correction, Zval =  4.0
     Generated using ONCVPSP code by D. R. Hamann
     Using radial grid of 1510 points,  6 beta functions with: 
                l(1) =   0
                l(2) =   0
                l(3) =   1
                l(4) =   1
                l(5) =   2
                l(6) =   2

     atomic species   valence    mass     pseudopotential
     Si                4.00    28.08500     Si( 1.00)

     Starting magnetic structure 
     atomic species   magnetization
     Si              0.000

     12 Sym. Ops. (no inversion) found



   Cartesian axes

     site n.     atom                  positions (alat units)
         1        Si     tau(   1) = (   0.0000000   0.0000000   0.0000000  )
         2        Si     tau(   2) = (  -0.2500000   0.2500000   0.2500000  )

     number of k points=    12
                       cart. coord. in units 2pi/alat
        k(    1) = (   0.0000000   0.0000000   0.0000000), wk =   0.1250000
        k(    2) = (   0.0000000   1.0000000   0.0000000), wk =   0.0000000
        k(    3) = (   0.5000000  -0.5000000   0.5000000), wk =   0.2500000
        k(    4) = (   0.5000000   0.5000000   0.5000000), wk =   0.0000000
        k(    5) = (   0.0000000  -1.0000000   0.0000000), wk =   0.1250000
        k(    6) = (   0.0000000   0.0000000   0.0000000), wk =   0.0000000
        k(    7) = (  -0.5000000  -0.5000000   0.5000000), wk =   0.1250000
        k(    8) = (  -0.5000000   0.5000000   0.5000000), wk =   0.0000000
        k(    9) = (  -0.5000000   0.5000000   0.5000000), wk =   0.1250000
        k(   10) = (  -0.5000000   1.5000000   0.5000000), wk =   0.0000000
        k(   11) = (   0.0000000   0.0000000   1.0000000), wk =   0.2500000
        k(   12) = (   0.0000000   1.0000000   1.0000000), wk =   0.0000000

     Dense  grid:     3287 G-vectors     FFT dimensions: (  24,  24,  24)

     Estimated max dynamical RAM per process >       1.45 MB

     Estimated total dynamical RAM >       5.78 MB

     The potential is recalculated from file :
     /home/nicola/CODES/q-e-kcw/tempdir/kcw/q4/Si.save/charge-density

     Starting wfcs are    8 atomic wfcs

     Band Structure Calculation
     Davidson diagonalization with overlap

     ethr =  1.25E-10,  avg # of iterations = 10.0

     total cpu time spent up to now is       -1.0 secs

     End of band structure calculation

 ------ SPIN UP ------------


          k = 0.0000 0.0000 0.0000 (   411 PWs)   bands (ev):

    -5.7058   6.3432   6.3432   6.3432   8.7374   8.7374   8.7374

          k = 0.0000 1.0000 0.0000 (   412 PWs)   bands (ev):

    -1.5321  -1.5321   3.4046   3.4046   6.7657   6.7657  16.2469

          k = 0.5000-0.5000 0.5000 (   410 PWs)   bands (ev):

    -3.3376  -0.7612   5.1093   5.1093   7.6771   9.4935   9.4935

          k = 0.5000 0.5000 0.5000 (   410 PWs)   bands (ev):

    -3.3376  -0.7612   5.1093   5.1093   7.6771   9.4935   9.4935

          k = 0.0000-1.0000 0.0000 (   412 PWs)   bands (ev):

    -1.5321  -1.5321   3.4046   3.4046   6.7657   6.7657  16.2469

          k = 0.0000 0.0000 0.0000 (   411 PWs)   bands (ev):

    -5.7058   6.3432   6.3432   6.3432   8.7374   8.7374   8.7374

          k =-0.5000-0.5000 0.5000 (   410 PWs)   bands (ev):

    -3.3376  -0.7612   5.1093   5.1093   7.6771   9.4935   9.4935

          k =-0.5000 0.5000 0.5000 (   410 PWs)   bands (ev):

    -3.3376  -0.7612   5.1093   5.1093   7.6771   9.4935   9.4935

          k =-0.5000 0.5000 0.5000 (   410 PWs)   bands (ev):

    -3.3376  -0.7612   5.1093   5.1093   7.6771   9.4935   9.4935

          k =-0.5000 1.5000 0.5000 (   410 PWs)   bands (ev):

    -3.3376  -0.7612   5.1093   5.1093   7.6771   9.4935   9.4935

          k = 0.0000 0.0000 1.0000 (   412 PWs)   bands (ev):

    -1.5321  -1.5321   3.4046   3.4046   6.7657   6.7657  16.2469

          k = 0.0000 1.0000 1.0000 (   412 PWs)   bands (ev):

    -1.5321  -1.5321   3.4046   3.4046   6.7657   6.7657  16.2469

 ------ SPIN DOWN ----------


          k = 0.0000 0.0000 0.0000 (   411 PWs)   bands (ev):

    -5.7058   6.3432   6.3432   6.3432   8.7374   8.7374   8.7374

          k = 0.0000 1.0000 0.0000 (   412 PWs)   bands (ev):

    -1.5321  -1.5321   3.4046   3.4046   6.7657   6.7657  16.2469

          k = 0.5000-0.5000 0.5000 (   410 PWs)   bands (ev):

    -3.3376  -0.7612   5.1093   5.1093   7.6771   9.4935   9.4935

          k = 0.5000 0.5000 0.5000 (   410 PWs)   bands (ev):

    -3.3376  -0.7612   5.1093   5.1093   7.6771   9.4935   9.4935

          k = 0.0000-1.0000 0.0000 (   412 PWs)   bands (ev):

    -1.5321  -1.5321   3.4046   3.4046   6.7657   6.7657  16.2469

          k = 0.0000 0.0000 0.0000 (   411 PWs)   bands (ev):

    -5.7058   6.3432   6.3432   6.3432   8.7374   8.7374   8.7374

          k =-0.5000-0.5000 0.5000 (   410 PWs)   bands (ev):

    -3.3376  -0.7612   5.1093   5.1093   7.6771   9.4935   9.4935

          k =-0.5000 0.5000 0.5000 (   410 PWs)   bands (ev):

    -3.3376  -0.7612   5.1093   5.1093   7.6771   9.4935   9.4935

          k =-0.5000 0.5000 0.5000 (   410 PWs)   bands (ev):

    -3.3376  -0.7612   5.1093   5.1093   7.6771   9.4935   9.4935

          k =-0.5000 1.5000 0.5000 (   410 PWs)   bands (ev):

    -3.3376  -0.7612   5.1093   5.1093   7.6771   9.4935   9.4935

          k = 0.0000 0.0000 1.0000 (   412 PWs)   bands (ev):

    -1.5321  -1.5321   3.4046   3.4046   6.7657   6.7657  16.2469

          k = 0.0000 1.0000 1.0000 (   412 PWs)   bands (ev):

    -1.5321  -1.5321   3.4046   3.4046   6.7657   6.7657  16.2469

     highest occupied, lowest unoccupied level (ev):     6.3432    6.7657

     Writing all to output data dir /home/nicola/CODES/q-e-kcw/tempdir/kcw/q4/Si.save/ :
     XML data file, pseudopotentials, collected wavefunctions

        INFO: NSCF calculation DONE


      iter #   1 total cpu time :    16.8 secs   av.it.:  12.1
      thresh= 1.000E-06 alpha_mix =  0.700 |ddv_scf|^2 =  3.736E-06

      iter #   2 total cpu time :    16.9 secs   av.it.:  12.4
      thresh= 1.000E-06 alpha_mix =  0.700 |ddv_scf|^2 =  8.266E-06

      iter #   3 total cpu time :    17.0 secs   av.it.:  12.2
      thresh= 1.000E-06 alpha_mix =  0.700 |ddv_scf|^2 =  2.131E-08

      iter #   4 total cpu time :    17.0 secs   av.it.:  10.5
      thresh= 1.000E-06 alpha_mix =  0.700 |ddv_scf|^2 =  8.701E-11

      iter #   5 total cpu time :    17.1 secs   av.it.:  10.3
      thresh= 9.328E-08 alpha_mix =  0.700 |ddv_scf|^2 =  1.832E-11

      iter #   6 total cpu time :    17.1 secs   av.it.:  10.4
      thresh= 4.281E-08 alpha_mix =  0.700 |ddv_scf|^2 =  2.555E-12

      iter #   7 total cpu time :    17.2 secs   av.it.:  11.2
      thresh= 1.598E-08 alpha_mix =  0.700 |ddv_scf|^2 =  1.254E-13

      iter #   8 total cpu time :    17.2 secs   av.it.:  11.1
      thresh= 3.541E-09 alpha_mix =  0.700 |ddv_scf|^2 =  2.579E-14

      iter #   9 total cpu time :    17.3 secs   av.it.:  11.2
      thresh= 1.606E-09 alpha_mix =  0.700 |ddv_scf|^2 =  1.837E-14

      iter #  10 total cpu time :    17.4 secs   av.it.:  10.2
      thresh= 1.355E-09 alpha_mix =  0.700 |ddv_scf|^2 =  9.851E-16

      iter #  11 total cpu time :    17.4 secs   av.it.:  11.1
      thresh= 3.139E-10 alpha_mix =  0.700 |ddv_scf|^2 =  3.442E-16

      iter #  12 total cpu time :    17.5 secs   av.it.:  10.4
      thresh= 1.855E-10 alpha_mix =  0.700 |ddv_scf|^2 =  2.980E-17

      iter #  13 total cpu time :    17.5 secs   av.it.:  11.0
      thresh= 5.459E-11 alpha_mix =  0.700 |ddv_scf|^2 =  1.204E-17

      iter #  14 total cpu time :    17.6 secs   av.it.:  10.2
      thresh= 3.470E-11 alpha_mix =  0.700 |ddv_scf|^2 =  1.141E-18

      iter #  15 total cpu time :    17.6 secs   av.it.:  10.8
      thresh= 1.068E-11 alpha_mix =  0.700 |ddv_scf|^2 =  2.871E-19

        iq =   4   iwann =   4   rPi_q =     0.04130343     0.00000000   uPi_q =     0.15278727    -0.00000000   SH_q =     0.09984586     0.00000000

        Start LR calculation for the wannier #  5   iq =  4   spin =  1

        SYM : number of symmetry for iwann =    5 :    2   (out of    48 )
        SYM : iwann=     5 iq =     4 weight =   0.25000000

     Parallelization info
     --------------------
     sticks:   dense  smooth     PW     G-vecs:    dense   smooth      PW
     Min          73      73     27                  821      821     186
     Max          74      74     28                  823      823     189
     Sum         295     295    109                 3287     3287     749

     Using Slab Decomposition


     Title: 
     KCW Silicon screen                                                         


     bravais-lattice index     =            2
     lattice parameter (alat)  =      10.2631  a.u.
     unit-cell volume          =     270.2564 (a.u.)^3
     number of atoms/cell      =            2
     number of atomic types    =            1
     number of electrons       =         8.00 (up:   4.00, down:   4.00)
     number of Kohn-Sham states=            7
     kinetic-energy cutoff     =      20.0000  Ry
     charge density cutoff     =      80.0000  Ry
     Exchange-correlation= PW
                           (   1   4   0   0   0   0   0)

     celldm(1)=  10.263102  celldm(2)=   0.000000  celldm(3)=   0.000000
     celldm(4)=   0.000000  celldm(5)=   0.000000  celldm(6)=   0.000000

     crystal axes: (cart. coord. in units of alat)
               a(1) = (  -0.500000   0.000000   0.500000 )  
               a(2) = (   0.000000   0.500000   0.500000 )  
               a(3) = (  -0.500000   0.500000   0.000000 )  

     reciprocal axes: (cart. coord. in units 2 pi/alat)
               b(1) = ( -1.000000 -1.000000  1.000000 )  
               b(2) = (  1.000000  1.000000  1.000000 )  
               b(3) = ( -1.000000  1.000000 -1.000000 )  


     PseudoPot. # 1 for Si read from file:
     /home/nicola/CODES/q-e-kcw/pseudo/Si.upf
     MD5 check sum: 9e2d726316af3d4752eea8ab0afbb951
     Pseudo is Norm-conserving + core correction, Zval =  4.0
     Generated using ONCVPSP code by D. R. Hamann
     Using radial grid of 1510 points,  6 beta functions with: 
                l(1) =   0
                l(2) =   0
                l(3) =   1
                l(4) =   1
                l(5) =   2
                l(6) =   2

     atomic species   valence    mass     pseudopotential
     Si                4.00    28.08500     Si( 1.00)

     Starting magnetic structure 
     atomic species   magnetization
     Si              0.000

      2 Sym. Ops. (no inversion) found



   Cartesian axes

     site n.     atom                  positions (alat units)
         1        Si     tau(   1) = (   0.0000000   0.0000000   0.0000000  )
         2        Si     tau(   2) = (  -0.2500000   0.2500000   0.2500000  )

     number of k points=    16
                       cart. coord. in units 2pi/alat
        k(    1) = (   0.0000000   0.0000000   0.0000000), wk =   0.1250000
        k(    2) = (   0.0000000   1.0000000   0.0000000), wk =   0.0000000
        k(    3) = (   0.5000000  -0.5000000   0.5000000), wk =   0.1250000
        k(    4) = (   0.5000000   0.5000000   0.5000000), wk =   0.0000000
        k(    5) = (   0.0000000  -1.0000000   0.0000000), wk =   0.1250000
        k(    6) = (   0.0000000   0.0000000   0.0000000), wk =   0.0000000
        k(    7) = (   0.5000000   0.5000000  -0.5000000), wk =   0.1250000
        k(    8) = (   0.5000000   1.5000000  -0.5000000), wk =   0.0000000
        k(    9) = (   0.5000000   0.5000000   0.5000000), wk =   0.1250000
        k(   10) = (   0.5000000   1.5000000   0.5000000), wk =   0.0000000
        k(   11) = (  -0.5000000   0.5000000   0.5000000), wk =   0.1250000
        k(   12) = (  -0.5000000   1.5000000   0.5000000), wk =   0.0000000
        k(   13) = (   0.0000000   0.0000000  -1.0000000), wk =   0.1250000
        k(   14) = (   0.0000000   1.0000000  -1.0000000), wk =   0.0000000
        k(   15) = (   1.0000000   0.0000000   0.0000000), wk =   0.1250000
        k(   16) = (   1.0000000   1.0000000   0.0000000), wk =   0.0000000

     Dense  grid:     3287 G-vectors     FFT dimensions: (  24,  24,  24)

     Estimated max dynamical RAM per process >       1.45 MB

     Estimated total dynamical RAM >       5.78 MB

     The potential is recalculated from file :
     /home/nicola/CODES/q-e-kcw/tempdir/kcw/q4/Si.save/charge-density

     Starting wfcs are    8 atomic wfcs

     Band Structure Calculation
     Davidson diagonalization with overlap

     ethr =  1.25E-10,  avg # of iterations = 10.1

     total cpu time spent up to now is       -1.0 secs

     End of band structure calculation

 ------ SPIN UP ------------


          k = 0.0000 0.0000 0.0000 (   411 PWs)   bands (ev):

    -5.7058   6.3432   6.3432   6.3432   8.7374   8.7374   8.7374

          k = 0.0000 1.0000 0.0000 (   412 PWs)   bands (ev):

    -1.5321  -1.5321   3.4046   3.4046   6.7657   6.7657  16.2469

          k = 0.5000-0.5000 0.5000 (   410 PWs)   bands (ev):

    -3.3376  -0.7612   5.1093   5.1093   7.6771   9.4935   9.4935

          k = 0.5000 0.5000 0.5000 (   410 PWs)   bands (ev):

    -3.3376  -0.7612   5.1093   5.1093   7.6771   9.4935   9.4935

          k = 0.0000-1.0000 0.0000 (   412 PWs)   bands (ev):

    -1.5321  -1.5321   3.4046   3.4046   6.7657   6.7657  16.2469

          k = 0.0000 0.0000 0.0000 (   411 PWs)   bands (ev):

    -5.7058   6.3432   6.3432   6.3432   8.7374   8.7374   8.7374

          k = 0.5000 0.5000-0.5000 (   410 PWs)   bands (ev):

    -3.3376  -0.7612   5.1093   5.1093   7.6771   9.4935   9.4935

          k = 0.5000 1.5000-0.5000 (   410 PWs)   bands (ev):

    -3.3376  -0.7612   5.1093   5.1093   7.6771   9.4935   9.4935

          k = 0.5000 0.5000 0.5000 (   410 PWs)   bands (ev):

    -3.3376  -0.7612   5.1093   5.1093   7.6771   9.4935   9.4935

          k = 0.5000 1.5000 0.5000 (   410 PWs)   bands (ev):

    -3.3376  -0.7612   5.1093   5.1093   7.6771   9.4935   9.4935

          k =-0.5000 0.5000 0.5000 (   410 PWs)   bands (ev):

    -3.3376  -0.7612   5.1093   5.1093   7.6771   9.4935   9.4935

          k =-0.5000 1.5000 0.5000 (   410 PWs)   bands (ev):

    -3.3376  -0.7612   5.1093   5.1093   7.6771   9.4935   9.4935

          k = 0.0000 0.0000-1.0000 (   412 PWs)   bands (ev):

    -1.5321  -1.5321   3.4046   3.4046   6.7657   6.7657  16.2469

          k = 0.0000 1.0000-1.0000 (   412 PWs)   bands (ev):

    -1.5321  -1.5321   3.4046   3.4046   6.7657   6.7657  16.2469

          k = 1.0000 0.0000 0.0000 (   412 PWs)   bands (ev):

    -1.5321  -1.5321   3.4046   3.4046   6.7657   6.7657  16.2469

          k = 1.0000 1.0000 0.0000 (   412 PWs)   bands (ev):

    -1.5321  -1.5321   3.4046   3.4046   6.7657   6.7657  16.2469

 ------ SPIN DOWN ----------


          k = 0.0000 0.0000 0.0000 (   411 PWs)   bands (ev):

    -5.7058   6.3432   6.3432   6.3432   8.7374   8.7374   8.7374

          k = 0.0000 1.0000 0.0000 (   412 PWs)   bands (ev):

    -1.5321  -1.5321   3.4046   3.4046   6.7657   6.7657  16.2469

          k = 0.5000-0.5000 0.5000 (   410 PWs)   bands (ev):

    -3.3376  -0.7612   5.1093   5.1093   7.6771   9.4935   9.4935

          k = 0.5000 0.5000 0.5000 (   410 PWs)   bands (ev):

    -3.3376  -0.7612   5.1093   5.1093   7.6771   9.4935   9.4935

          k = 0.0000-1.0000 0.0000 (   412 PWs)   bands (ev):

    -1.5321  -1.5321   3.4046   3.4046   6.7657   6.7657  16.2469

          k = 0.0000 0.0000 0.0000 (   411 PWs)   bands (ev):

    -5.7058   6.3432   6.3432   6.3432   8.7374   8.7374   8.7374

          k = 0.5000 0.5000-0.5000 (   410 PWs)   bands (ev):

    -3.3376  -0.7612   5.1093   5.1093   7.6771   9.4935   9.4935

          k = 0.5000 1.5000-0.5000 (   410 PWs)   bands (ev):

    -3.3376  -0.7612   5.1093   5.1093   7.6771   9.4935   9.4935

          k = 0.5000 0.5000 0.5000 (   410 PWs)   bands (ev):

    -3.3376  -0.7612   5.1093   5.1093   7.6771   9.4935   9.4935

          k = 0.5000 1.5000 0.5000 (   410 PWs)   bands (ev):

    -3.3376  -0.7612   5.1093   5.1093   7.6771   9.4935   9.4935

          k =-0.5000 0.5000 0.5000 (   410 PWs)   bands (ev):

    -3.3376  -0.7612   5.1093   5.1093   7.6771   9.4935   9.4935

          k =-0.5000 1.5000 0.5000 (   410 PWs)   bands (ev):

    -3.3376  -0.7612   5.1093   5.1093   7.6771   9.4935   9.4935

          k = 0.0000 0.0000-1.0000 (   412 PWs)   bands (ev):

    -1.5321  -1.5321   3.4046   3.4046   6.7657   6.7657  16.2469

          k = 0.0000 1.0000-1.0000 (   412 PWs)   bands (ev):

    -1.5321  -1.5321   3.4046   3.4046   6.7657   6.7657  16.2469

          k = 1.0000 0.0000 0.0000 (   412 PWs)   bands (ev):

    -1.5321  -1.5321   3.4046   3.4046   6.7657   6.7657  16.2469

          k = 1.0000 1.0000 0.0000 (   412 PWs)   bands (ev):

    -1.5321  -1.5321   3.4046   3.4046   6.7657   6.7657  16.2469

     highest occupied, lowest unoccupied level (ev):     6.3432    6.7657

     Writing all to output data dir /home/nicola/CODES/q-e-kcw/tempdir/kcw/q4/Si.save/ :
     XML data file, pseudopotentials, collected wavefunctions

        INFO: NSCF calculation DONE


      iter #   1 total cpu time :    18.0 secs   av.it.:  11.6
      thresh= 1.000E-06 alpha_mix =  0.700 |ddv_scf|^2 =  7.982E-07

      iter #   2 total cpu time :    18.1 secs   av.it.:  11.8
      thresh= 1.000E-06 alpha_mix =  0.700 |ddv_scf|^2 =  1.609E-06

      iter #   3 total cpu time :    18.1 secs   av.it.:  11.6
      thresh= 1.000E-06 alpha_mix =  0.700 |ddv_scf|^2 =  7.431E-09

      iter #   4 total cpu time :    18.2 secs   av.it.:  10.2
      thresh= 8.621E-07 alpha_mix =  0.700 |ddv_scf|^2 =  1.819E-11

      iter #   5 total cpu time :    18.3 secs   av.it.:  10.8
      thresh= 4.265E-08 alpha_mix =  0.700 |ddv_scf|^2 =  3.872E-12

      iter #   6 total cpu time :    18.4 secs   av.it.:  11.3
      thresh= 1.968E-08 alpha_mix =  0.700 |ddv_scf|^2 =  1.105E-12

      iter #   7 total cpu time :    18.4 secs   av.it.:  11.3
      thresh= 1.051E-08 alpha_mix =  0.700 |ddv_scf|^2 =  1.096E-13

      iter #   8 total cpu time :    18.5 secs   av.it.:  11.7
      thresh= 3.311E-09 alpha_mix =  0.700 |ddv_scf|^2 =  2.120E-14

      iter #   9 total cpu time :    18.6 secs   av.it.:  11.3
      thresh= 1.456E-09 alpha_mix =  0.700 |ddv_scf|^2 =  2.742E-14

      iter #  10 total cpu time :    18.7 secs   av.it.:  10.9
      thresh= 1.656E-09 alpha_mix =  0.700 |ddv_scf|^2 =  2.736E-16

      iter #  11 total cpu time :    18.7 secs   av.it.:  11.6
      thresh= 1.654E-10 alpha_mix =  0.700 |ddv_scf|^2 =  1.879E-16

      iter #  12 total cpu time :    18.8 secs   av.it.:  11.2
      thresh= 1.371E-10 alpha_mix =  0.700 |ddv_scf|^2 =  2.884E-17

      iter #  13 total cpu time :    18.9 secs   av.it.:  11.2
      thresh= 5.371E-11 alpha_mix =  0.700 |ddv_scf|^2 =  6.928E-18

      iter #  14 total cpu time :    19.0 secs   av.it.:  11.5
      thresh= 2.632E-11 alpha_mix =  0.700 |ddv_scf|^2 =  1.008E-18

      iter #  15 total cpu time :    19.0 secs   av.it.:  11.7
      thresh= 1.004E-11 alpha_mix =  0.700 |ddv_scf|^2 =  4.984E-19

        iq =   4   iwann =   5   rPi_q =     0.00445220    -0.00000000   uPi_q =     0.02369096    -0.00000000   SH_q =     0.01903272     0.00000000

        Start LR calculation for the wannier #  6   iq =  4   spin =  1

        SYM : number of symmetry for iwann =    6 :   12   (out of    48 )
        SYM : iwann=     6 iq =     4 weight =   0.37500000

     Parallelization info
     --------------------
     sticks:   dense  smooth     PW     G-vecs:    dense   smooth      PW
     Min          73      73     27                  821      821     186
     Max          74      74     28                  823      823     189
     Sum         295     295    109                 3287     3287     749

     Using Slab Decomposition


     Title: 
     KCW Silicon screen                                                         


     bravais-lattice index     =            2
     lattice parameter (alat)  =      10.2631  a.u.
     unit-cell volume          =     270.2564 (a.u.)^3
     number of atoms/cell      =            2
     number of atomic types    =            1
     number of electrons       =         8.00 (up:   4.00, down:   4.00)
     number of Kohn-Sham states=            7
     kinetic-energy cutoff     =      20.0000  Ry
     charge density cutoff     =      80.0000  Ry
     Exchange-correlation= PW
                           (   1   4   0   0   0   0   0)

     celldm(1)=  10.263102  celldm(2)=   0.000000  celldm(3)=   0.000000
     celldm(4)=   0.000000  celldm(5)=   0.000000  celldm(6)=   0.000000

     crystal axes: (cart. coord. in units of alat)
               a(1) = (  -0.500000   0.000000   0.500000 )  
               a(2) = (   0.000000   0.500000   0.500000 )  
               a(3) = (  -0.500000   0.500000   0.000000 )  

     reciprocal axes: (cart. coord. in units 2 pi/alat)
               b(1) = ( -1.000000 -1.000000  1.000000 )  
               b(2) = (  1.000000  1.000000  1.000000 )  
               b(3) = ( -1.000000  1.000000 -1.000000 )  


     PseudoPot. # 1 for Si read from file:
     /home/nicola/CODES/q-e-kcw/pseudo/Si.upf
     MD5 check sum: 9e2d726316af3d4752eea8ab0afbb951
     Pseudo is Norm-conserving + core correction, Zval =  4.0
     Generated using ONCVPSP code by D. R. Hamann
     Using radial grid of 1510 points,  6 beta functions with: 
                l(1) =   0
                l(2) =   0
                l(3) =   1
                l(4) =   1
                l(5) =   2
                l(6) =   2

     atomic species   valence    mass     pseudopotential
     Si                4.00    28.08500     Si( 1.00)

     Starting magnetic structure 
     atomic species   magnetization
     Si              0.000

     12 Sym. Ops. (no inversion) found



   Cartesian axes

     site n.     atom                  positions (alat units)
         1        Si     tau(   1) = (   0.0000000   0.0000000   0.0000000  )
         2        Si     tau(   2) = (  -0.2500000   0.2500000   0.2500000  )

     number of k points=    12
                       cart. coord. in units 2pi/alat
        k(    1) = (   0.0000000   0.0000000   0.0000000), wk =   0.1250000
        k(    2) = (   0.0000000   1.0000000   0.0000000), wk =   0.0000000
        k(    3) = (   0.5000000  -0.5000000   0.5000000), wk =   0.2500000
        k(    4) = (   0.5000000   0.5000000   0.5000000), wk =   0.0000000
        k(    5) = (   0.0000000  -1.0000000   0.0000000), wk =   0.1250000
        k(    6) = (   0.0000000   0.0000000   0.0000000), wk =   0.0000000
        k(    7) = (  -0.5000000  -0.5000000   0.5000000), wk =   0.1250000
        k(    8) = (  -0.5000000   0.5000000   0.5000000), wk =   0.0000000
        k(    9) = (  -0.5000000   0.5000000   0.5000000), wk =   0.1250000
        k(   10) = (  -0.5000000   1.5000000   0.5000000), wk =   0.0000000
        k(   11) = (   0.0000000   0.0000000   1.0000000), wk =   0.2500000
        k(   12) = (   0.0000000   1.0000000   1.0000000), wk =   0.0000000

     Dense  grid:     3287 G-vectors     FFT dimensions: (  24,  24,  24)

     Estimated max dynamical RAM per process >       1.45 MB

     Estimated total dynamical RAM >       5.78 MB

     The potential is recalculated from file :
     /home/nicola/CODES/q-e-kcw/tempdir/kcw/q4/Si.save/charge-density

     Starting wfcs are    8 atomic wfcs

     Band Structure Calculation
     Davidson diagonalization with overlap

     ethr =  1.25E-10,  avg # of iterations = 10.0

     total cpu time spent up to now is       -1.0 secs

     End of band structure calculation

 ------ SPIN UP ------------


          k = 0.0000 0.0000 0.0000 (   411 PWs)   bands (ev):

    -5.7058   6.3432   6.3432   6.3432   8.7374   8.7374   8.7374

          k = 0.0000 1.0000 0.0000 (   412 PWs)   bands (ev):

    -1.5321  -1.5321   3.4046   3.4046   6.7657   6.7657  16.2469

          k = 0.5000-0.5000 0.5000 (   410 PWs)   bands (ev):

    -3.3376  -0.7612   5.1093   5.1093   7.6771   9.4935   9.4935

          k = 0.5000 0.5000 0.5000 (   410 PWs)   bands (ev):

    -3.3376  -0.7612   5.1093   5.1093   7.6771   9.4935   9.4935

          k = 0.0000-1.0000 0.0000 (   412 PWs)   bands (ev):

    -1.5321  -1.5321   3.4046   3.4046   6.7657   6.7657  16.2469

          k = 0.0000 0.0000 0.0000 (   411 PWs)   bands (ev):

    -5.7058   6.3432   6.3432   6.3432   8.7374   8.7374   8.7374

          k =-0.5000-0.5000 0.5000 (   410 PWs)   bands (ev):

    -3.3376  -0.7612   5.1093   5.1093   7.6771   9.4935   9.4935

          k =-0.5000 0.5000 0.5000 (   410 PWs)   bands (ev):

    -3.3376  -0.7612   5.1093   5.1093   7.6771   9.4935   9.4935

          k =-0.5000 0.5000 0.5000 (   410 PWs)   bands (ev):

    -3.3376  -0.7612   5.1093   5.1093   7.6771   9.4935   9.4935

          k =-0.5000 1.5000 0.5000 (   410 PWs)   bands (ev):

    -3.3376  -0.7612   5.1093   5.1093   7.6771   9.4935   9.4935

          k = 0.0000 0.0000 1.0000 (   412 PWs)   bands (ev):

    -1.5321  -1.5321   3.4046   3.4046   6.7657   6.7657  16.2469

          k = 0.0000 1.0000 1.0000 (   412 PWs)   bands (ev):

    -1.5321  -1.5321   3.4046   3.4046   6.7657   6.7657  16.2469

 ------ SPIN DOWN ----------


          k = 0.0000 0.0000 0.0000 (   411 PWs)   bands (ev):

    -5.7058   6.3432   6.3432   6.3432   8.7374   8.7374   8.7374

          k = 0.0000 1.0000 0.0000 (   412 PWs)   bands (ev):

    -1.5321  -1.5321   3.4046   3.4046   6.7657   6.7657  16.2469

          k = 0.5000-0.5000 0.5000 (   410 PWs)   bands (ev):

    -3.3376  -0.7612   5.1093   5.1093   7.6771   9.4935   9.4935

          k = 0.5000 0.5000 0.5000 (   410 PWs)   bands (ev):

    -3.3376  -0.7612   5.1093   5.1093   7.6771   9.4935   9.4935

          k = 0.0000-1.0000 0.0000 (   412 PWs)   bands (ev):

    -1.5321  -1.5321   3.4046   3.4046   6.7657   6.7657  16.2469

          k = 0.0000 0.0000 0.0000 (   411 PWs)   bands (ev):

    -5.7058   6.3432   6.3432   6.3432   8.7374   8.7374   8.7374

          k =-0.5000-0.5000 0.5000 (   410 PWs)   bands (ev):

    -3.3376  -0.7612   5.1093   5.1093   7.6771   9.4935   9.4935

          k =-0.5000 0.5000 0.5000 (   410 PWs)   bands (ev):

    -3.3376  -0.7612   5.1093   5.1093   7.6771   9.4935   9.4935

          k =-0.5000 0.5000 0.5000 (   410 PWs)   bands (ev):

    -3.3376  -0.7612   5.1093   5.1093   7.6771   9.4935   9.4935

          k =-0.5000 1.5000 0.5000 (   410 PWs)   bands (ev):

    -3.3376  -0.7612   5.1093   5.1093   7.6771   9.4935   9.4935

          k = 0.0000 0.0000 1.0000 (   412 PWs)   bands (ev):

    -1.5321  -1.5321   3.4046   3.4046   6.7657   6.7657  16.2469

          k = 0.0000 1.0000 1.0000 (   412 PWs)   bands (ev):

    -1.5321  -1.5321   3.4046   3.4046   6.7657   6.7657  16.2469

     highest occupied, lowest unoccupied level (ev):     6.3432    6.7657

     Writing all to output data dir /home/nicola/CODES/q-e-kcw/tempdir/kcw/q4/Si.save/ :
     XML data file, pseudopotentials, collected wavefunctions

        INFO: NSCF calculation DONE


      iter #   1 total cpu time :    19.3 secs   av.it.:  11.9
      thresh= 1.000E-06 alpha_mix =  0.700 |ddv_scf|^2 =  7.983E-07

      iter #   2 total cpu time :    19.4 secs   av.it.:  11.4
      thresh= 1.000E-06 alpha_mix =  0.700 |ddv_scf|^2 =  1.609E-06

      iter #   3 total cpu time :    19.4 secs   av.it.:  11.7
      thresh= 1.000E-06 alpha_mix =  0.700 |ddv_scf|^2 =  7.431E-09

      iter #   4 total cpu time :    19.5 secs   av.it.:  10.2
      thresh= 8.621E-07 alpha_mix =  0.700 |ddv_scf|^2 =  1.819E-11

      iter #   5 total cpu time :    19.5 secs   av.it.:  10.8
      thresh= 4.265E-08 alpha_mix =  0.700 |ddv_scf|^2 =  3.872E-12

      iter #   6 total cpu time :    19.6 secs   av.it.:  11.2
      thresh= 1.968E-08 alpha_mix =  0.700 |ddv_scf|^2 =  1.104E-12

      iter #   7 total cpu time :    19.7 secs   av.it.:  10.8
      thresh= 1.051E-08 alpha_mix =  0.700 |ddv_scf|^2 =  1.095E-13

      iter #   8 total cpu time :    19.7 secs   av.it.:  11.2
      thresh= 3.310E-09 alpha_mix =  0.700 |ddv_scf|^2 =  2.083E-14

      iter #   9 total cpu time :    19.8 secs   av.it.:  10.7
      thresh= 1.443E-09 alpha_mix =  0.700 |ddv_scf|^2 =  2.672E-14

      iter #  10 total cpu time :    19.8 secs   av.it.:  10.1
      thresh= 1.635E-09 alpha_mix =  0.700 |ddv_scf|^2 =  2.382E-16

      iter #  11 total cpu time :    19.9 secs   av.it.:  10.8
      thresh= 1.543E-10 alpha_mix =  0.700 |ddv_scf|^2 =  9.932E-17

      iter #  12 total cpu time :    20.0 secs   av.it.:  10.3
      thresh= 9.966E-11 alpha_mix =  0.700 |ddv_scf|^2 =  1.024E-17

      iter #  13 total cpu time :    20.0 secs   av.it.:  10.6
      thresh= 3.200E-11 alpha_mix =  0.700 |ddv_scf|^2 =  4.430E-18

      iter #  14 total cpu time :    20.1 secs   av.it.:  10.7
      thresh= 2.105E-11 alpha_mix =  0.700 |ddv_scf|^2 =  4.493E-19

        iq =   4   iwann =   6   rPi_q =     0.00667846     0.00000000   uPi_q =     0.03553683    -0.00000000   SH_q =     0.02854931     0.00000000

        Start LR calculation for the wannier #  7   iq =  4   spin =  1

        SYM : number of symmetry for iwann =    7 :    2   (out of    48 )
        SYM : iwann=     7 iq =     4 weight =   0.25000000

     Parallelization info
     --------------------
     sticks:   dense  smooth     PW     G-vecs:    dense   smooth      PW
     Min          73      73     27                  821      821     186
     Max          74      74     28                  823      823     189
     Sum         295     295    109                 3287     3287     749

     Using Slab Decomposition


     Title: 
     KCW Silicon screen                                                         


     bravais-lattice index     =            2
     lattice parameter (alat)  =      10.2631  a.u.
     unit-cell volume          =     270.2564 (a.u.)^3
     number of atoms/cell      =            2
     number of atomic types    =            1
     number of electrons       =         8.00 (up:   4.00, down:   4.00)
     number of Kohn-Sham states=            7
     kinetic-energy cutoff     =      20.0000  Ry
     charge density cutoff     =      80.0000  Ry
     Exchange-correlation= PW
                           (   1   4   0   0   0   0   0)

     celldm(1)=  10.263102  celldm(2)=   0.000000  celldm(3)=   0.000000
     celldm(4)=   0.000000  celldm(5)=   0.000000  celldm(6)=   0.000000

     crystal axes: (cart. coord. in units of alat)
               a(1) = (  -0.500000   0.000000   0.500000 )  
               a(2) = (   0.000000   0.500000   0.500000 )  
               a(3) = (  -0.500000   0.500000   0.000000 )  

     reciprocal axes: (cart. coord. in units 2 pi/alat)
               b(1) = ( -1.000000 -1.000000  1.000000 )  
               b(2) = (  1.000000  1.000000  1.000000 )  
               b(3) = ( -1.000000  1.000000 -1.000000 )  


     PseudoPot. # 1 for Si read from file:
     /home/nicola/CODES/q-e-kcw/pseudo/Si.upf
     MD5 check sum: 9e2d726316af3d4752eea8ab0afbb951
     Pseudo is Norm-conserving + core correction, Zval =  4.0
     Generated using ONCVPSP code by D. R. Hamann
     Using radial grid of 1510 points,  6 beta functions with: 
                l(1) =   0
                l(2) =   0
                l(3) =   1
                l(4) =   1
                l(5) =   2
                l(6) =   2

     atomic species   valence    mass     pseudopotential
     Si                4.00    28.08500     Si( 1.00)

     Starting magnetic structure 
     atomic species   magnetization
     Si              0.000

      2 Sym. Ops. (no inversion) found



   Cartesian axes

     site n.     atom                  positions (alat units)
         1        Si     tau(   1) = (   0.0000000   0.0000000   0.0000000  )
         2        Si     tau(   2) = (  -0.2500000   0.2500000   0.2500000  )

     number of k points=    16
                       cart. coord. in units 2pi/alat
        k(    1) = (   0.0000000   0.0000000   0.0000000), wk =   0.1250000
        k(    2) = (   0.0000000   1.0000000   0.0000000), wk =   0.0000000
        k(    3) = (   0.5000000  -0.5000000   0.5000000), wk =   0.1250000
        k(    4) = (   0.5000000   0.5000000   0.5000000), wk =   0.0000000
        k(    5) = (   0.0000000  -1.0000000   0.0000000), wk =   0.1250000
        k(    6) = (   0.0000000   0.0000000   0.0000000), wk =   0.0000000
        k(    7) = (  -0.5000000  -0.5000000  -0.5000000), wk =   0.1250000
        k(    8) = (  -0.5000000   0.5000000  -0.5000000), wk =   0.0000000
        k(    9) = (  -0.5000000  -0.5000000   0.5000000), wk =   0.1250000
        k(   10) = (  -0.5000000   0.5000000   0.5000000), wk =   0.0000000
        k(   11) = (  -0.5000000   0.5000000   0.5000000), wk =   0.1250000
        k(   12) = (  -0.5000000   1.5000000   0.5000000), wk =   0.0000000
        k(   13) = (   1.0000000   0.0000000   0.0000000), wk =   0.1250000
        k(   14) = (   1.0000000   1.0000000   0.0000000), wk =   0.0000000
        k(   15) = (   0.0000000   0.0000000   1.0000000), wk =   0.1250000
        k(   16) = (   0.0000000   1.0000000   1.0000000), wk =   0.0000000

     Dense  grid:     3287 G-vectors     FFT dimensions: (  24,  24,  24)

     Estimated max dynamical RAM per process >       1.45 MB

     Estimated total dynamical RAM >       5.78 MB

     The potential is recalculated from file :
     /home/nicola/CODES/q-e-kcw/tempdir/kcw/q4/Si.save/charge-density

     Starting wfcs are    8 atomic wfcs

     Band Structure Calculation
     Davidson diagonalization with overlap

     ethr =  1.25E-10,  avg # of iterations = 10.1

     total cpu time spent up to now is       -1.0 secs

     End of band structure calculation

 ------ SPIN UP ------------


          k = 0.0000 0.0000 0.0000 (   411 PWs)   bands (ev):

    -5.7058   6.3432   6.3432   6.3432   8.7374   8.7374   8.7374

          k = 0.0000 1.0000 0.0000 (   412 PWs)   bands (ev):

    -1.5321  -1.5321   3.4046   3.4046   6.7657   6.7657  16.2469

          k = 0.5000-0.5000 0.5000 (   410 PWs)   bands (ev):

    -3.3376  -0.7612   5.1093   5.1093   7.6771   9.4935   9.4935

          k = 0.5000 0.5000 0.5000 (   410 PWs)   bands (ev):

    -3.3376  -0.7612   5.1093   5.1093   7.6771   9.4935   9.4935

          k = 0.0000-1.0000 0.0000 (   412 PWs)   bands (ev):

    -1.5321  -1.5321   3.4046   3.4046   6.7657   6.7657  16.2469

          k = 0.0000 0.0000 0.0000 (   411 PWs)   bands (ev):

    -5.7058   6.3432   6.3432   6.3432   8.7374   8.7374   8.7374

          k =-0.5000-0.5000-0.5000 (   410 PWs)   bands (ev):

    -3.3376  -0.7612   5.1093   5.1093   7.6771   9.4935   9.4935

          k =-0.5000 0.5000-0.5000 (   410 PWs)   bands (ev):

    -3.3376  -0.7612   5.1093   5.1093   7.6771   9.4935   9.4935

          k =-0.5000-0.5000 0.5000 (   410 PWs)   bands (ev):

    -3.3376  -0.7612   5.1093   5.1093   7.6771   9.4935   9.4935

          k =-0.5000 0.5000 0.5000 (   410 PWs)   bands (ev):

    -3.3376  -0.7612   5.1093   5.1093   7.6771   9.4935   9.4935

          k =-0.5000 0.5000 0.5000 (   410 PWs)   bands (ev):

    -3.3376  -0.7612   5.1093   5.1093   7.6771   9.4935   9.4935

          k =-0.5000 1.5000 0.5000 (   410 PWs)   bands (ev):

    -3.3376  -0.7612   5.1093   5.1093   7.6771   9.4935   9.4935

          k = 1.0000 0.0000 0.0000 (   412 PWs)   bands (ev):

    -1.5321  -1.5321   3.4046   3.4046   6.7657   6.7657  16.2469

          k = 1.0000 1.0000 0.0000 (   412 PWs)   bands (ev):

    -1.5321  -1.5321   3.4046   3.4046   6.7657   6.7657  16.2469

          k = 0.0000 0.0000 1.0000 (   412 PWs)   bands (ev):

    -1.5321  -1.5321   3.4046   3.4046   6.7657   6.7657  16.2469

          k = 0.0000 1.0000 1.0000 (   412 PWs)   bands (ev):

    -1.5321  -1.5321   3.4046   3.4046   6.7657   6.7657  16.2469

 ------ SPIN DOWN ----------


          k = 0.0000 0.0000 0.0000 (   411 PWs)   bands (ev):

    -5.7058   6.3432   6.3432   6.3432   8.7374   8.7374   8.7374

          k = 0.0000 1.0000 0.0000 (   412 PWs)   bands (ev):

    -1.5321  -1.5321   3.4046   3.4046   6.7657   6.7657  16.2469

          k = 0.5000-0.5000 0.5000 (   410 PWs)   bands (ev):

    -3.3376  -0.7612   5.1093   5.1093   7.6771   9.4935   9.4935

          k = 0.5000 0.5000 0.5000 (   410 PWs)   bands (ev):

    -3.3376  -0.7612   5.1093   5.1093   7.6771   9.4935   9.4935

          k = 0.0000-1.0000 0.0000 (   412 PWs)   bands (ev):

    -1.5321  -1.5321   3.4046   3.4046   6.7657   6.7657  16.2469

          k = 0.0000 0.0000 0.0000 (   411 PWs)   bands (ev):

    -5.7058   6.3432   6.3432   6.3432   8.7374   8.7374   8.7374

          k =-0.5000-0.5000-0.5000 (   410 PWs)   bands (ev):

    -3.3376  -0.7612   5.1093   5.1093   7.6771   9.4935   9.4935

          k =-0.5000 0.5000-0.5000 (   410 PWs)   bands (ev):

    -3.3376  -0.7612   5.1093   5.1093   7.6771   9.4935   9.4935

          k =-0.5000-0.5000 0.5000 (   410 PWs)   bands (ev):

    -3.3376  -0.7612   5.1093   5.1093   7.6771   9.4935   9.4935

          k =-0.5000 0.5000 0.5000 (   410 PWs)   bands (ev):

    -3.3376  -0.7612   5.1093   5.1093   7.6771   9.4935   9.4935

          k =-0.5000 0.5000 0.5000 (   410 PWs)   bands (ev):

    -3.3376  -0.7612   5.1093   5.1093   7.6771   9.4935   9.4935

          k =-0.5000 1.5000 0.5000 (   410 PWs)   bands (ev):

    -3.3376  -0.7612   5.1093   5.1093   7.6771   9.4935   9.4935

          k = 1.0000 0.0000 0.0000 (   412 PWs)   bands (ev):

    -1.5321  -1.5321   3.4046   3.4046   6.7657   6.7657  16.2469

          k = 1.0000 1.0000 0.0000 (   412 PWs)   bands (ev):

    -1.5321  -1.5321   3.4046   3.4046   6.7657   6.7657  16.2469

          k = 0.0000 0.0000 1.0000 (   412 PWs)   bands (ev):

    -1.5321  -1.5321   3.4046   3.4046   6.7657   6.7657  16.2469

          k = 0.0000 1.0000 1.0000 (   412 PWs)   bands (ev):

    -1.5321  -1.5321   3.4046   3.4046   6.7657   6.7657  16.2469

     highest occupied, lowest unoccupied level (ev):     6.3432    6.7657

     Writing all to output data dir /home/nicola/CODES/q-e-kcw/tempdir/kcw/q4/Si.save/ :
     XML data file, pseudopotentials, collected wavefunctions

        INFO: NSCF calculation DONE


      iter #   1 total cpu time :    20.4 secs   av.it.:  11.6
      thresh= 1.000E-06 alpha_mix =  0.700 |ddv_scf|^2 =  7.982E-07

      iter #   2 total cpu time :    20.5 secs   av.it.:  11.9
      thresh= 1.000E-06 alpha_mix =  0.700 |ddv_scf|^2 =  1.609E-06

      iter #   3 total cpu time :    20.6 secs   av.it.:  11.6
      thresh= 1.000E-06 alpha_mix =  0.700 |ddv_scf|^2 =  7.431E-09

      iter #   4 total cpu time :    20.6 secs   av.it.:  10.2
      thresh= 8.621E-07 alpha_mix =  0.700 |ddv_scf|^2 =  1.819E-11

      iter #   5 total cpu time :    20.7 secs   av.it.:  10.7
      thresh= 4.265E-08 alpha_mix =  0.700 |ddv_scf|^2 =  3.872E-12

      iter #   6 total cpu time :    20.8 secs   av.it.:  11.3
      thresh= 1.968E-08 alpha_mix =  0.700 |ddv_scf|^2 =  1.105E-12

      iter #   7 total cpu time :    20.9 secs   av.it.:  11.3
      thresh= 1.051E-08 alpha_mix =  0.700 |ddv_scf|^2 =  1.096E-13

      iter #   8 total cpu time :    20.9 secs   av.it.:  11.7
      thresh= 3.311E-09 alpha_mix =  0.700 |ddv_scf|^2 =  2.119E-14

      iter #   9 total cpu time :    21.0 secs   av.it.:  11.3
      thresh= 1.456E-09 alpha_mix =  0.700 |ddv_scf|^2 =  2.741E-14

      iter #  10 total cpu time :    21.1 secs   av.it.:  10.9
      thresh= 1.656E-09 alpha_mix =  0.700 |ddv_scf|^2 =  2.733E-16

      iter #  11 total cpu time :    21.2 secs   av.it.:  11.7
      thresh= 1.653E-10 alpha_mix =  0.700 |ddv_scf|^2 =  1.871E-16

      iter #  12 total cpu time :    21.3 secs   av.it.:  11.2
      thresh= 1.368E-10 alpha_mix =  0.700 |ddv_scf|^2 =  2.883E-17

      iter #  13 total cpu time :    21.3 secs   av.it.:  11.2
      thresh= 5.370E-11 alpha_mix =  0.700 |ddv_scf|^2 =  6.940E-18

      iter #  14 total cpu time :    21.4 secs   av.it.:  11.5
      thresh= 2.634E-11 alpha_mix =  0.700 |ddv_scf|^2 =  1.007E-18

      iter #  15 total cpu time :    21.5 secs   av.it.:  11.7
      thresh= 1.003E-11 alpha_mix =  0.700 |ddv_scf|^2 =  4.989E-19

        iq =   4   iwann =   7   rPi_q =     0.00445216    -0.00000000   uPi_q =     0.02369082    -0.00000000   SH_q =     0.01903264    -0.00000000

        Start LR calculation for the wannier #  8   iq =  4   spin =  1

        SYM : number of symmetry for iwann =    8 :    2   (out of    48 )
        SYM : iwann=     8 iq =     4 weight =   0.12500000

     Parallelization info
     --------------------
     sticks:   dense  smooth     PW     G-vecs:    dense   smooth      PW
     Min          73      73     27                  821      821     186
     Max          74      74     28                  823      823     189
     Sum         295     295    109                 3287     3287     749

     Using Slab Decomposition


     Title: 
     KCW Silicon screen                                                         


     bravais-lattice index     =            2
     lattice parameter (alat)  =      10.2631  a.u.
     unit-cell volume          =     270.2564 (a.u.)^3
     number of atoms/cell      =            2
     number of atomic types    =            1
     number of electrons       =         8.00 (up:   4.00, down:   4.00)
     number of Kohn-Sham states=            7
     kinetic-energy cutoff     =      20.0000  Ry
     charge density cutoff     =      80.0000  Ry
     Exchange-correlation= PW
                           (   1   4   0   0   0   0   0)

     celldm(1)=  10.263102  celldm(2)=   0.000000  celldm(3)=   0.000000
     celldm(4)=   0.000000  celldm(5)=   0.000000  celldm(6)=   0.000000

     crystal axes: (cart. coord. in units of alat)
               a(1) = (  -0.500000   0.000000   0.500000 )  
               a(2) = (   0.000000   0.500000   0.500000 )  
               a(3) = (  -0.500000   0.500000   0.000000 )  

     reciprocal axes: (cart. coord. in units 2 pi/alat)
               b(1) = ( -1.000000 -1.000000  1.000000 )  
               b(2) = (  1.000000  1.000000  1.000000 )  
               b(3) = ( -1.000000  1.000000 -1.000000 )  


     PseudoPot. # 1 for Si read from file:
     /home/nicola/CODES/q-e-kcw/pseudo/Si.upf
     MD5 check sum: 9e2d726316af3d4752eea8ab0afbb951
     Pseudo is Norm-conserving + core correction, Zval =  4.0
     Generated using ONCVPSP code by D. R. Hamann
     Using radial grid of 1510 points,  6 beta functions with: 
                l(1) =   0
                l(2) =   0
                l(3) =   1
                l(4) =   1
                l(5) =   2
                l(6) =   2

     atomic species   valence    mass     pseudopotential
     Si                4.00    28.08500     Si( 1.00)

     Starting magnetic structure 
     atomic species   magnetization
     Si              0.000

      2 Sym. Ops. (no inversion) found



   Cartesian axes

     site n.     atom                  positions (alat units)
         1        Si     tau(   1) = (   0.0000000   0.0000000   0.0000000  )
         2        Si     tau(   2) = (  -0.2500000   0.2500000   0.2500000  )

     number of k points=    12
                       cart. coord. in units 2pi/alat
        k(    1) = (   0.0000000   0.0000000   0.0000000), wk =   0.1250000
        k(    2) = (   0.0000000   1.0000000   0.0000000), wk =   0.0000000
        k(    3) = (   0.5000000  -0.5000000   0.5000000), wk =   0.2500000
        k(    4) = (   0.5000000   0.5000000   0.5000000), wk =   0.0000000
        k(    5) = (   0.0000000  -1.0000000   0.0000000), wk =   0.1250000
        k(    6) = (   0.0000000   0.0000000   0.0000000), wk =   0.0000000
        k(    7) = (  -0.5000000  -0.5000000   0.5000000), wk =   0.1250000
        k(    8) = (  -0.5000000   0.5000000   0.5000000), wk =   0.0000000
        k(    9) = (  -0.5000000   0.5000000   0.5000000), wk =   0.1250000
        k(   10) = (  -0.5000000   1.5000000   0.5000000), wk =   0.0000000
        k(   11) = (   1.0000000   0.0000000   0.0000000), wk =   0.2500000
        k(   12) = (   1.0000000   1.0000000   0.0000000), wk =   0.0000000

     Dense  grid:     3287 G-vectors     FFT dimensions: (  24,  24,  24)

     Estimated max dynamical RAM per process >       1.45 MB

     Estimated total dynamical RAM >       5.78 MB

     The potential is recalculated from file :
     /home/nicola/CODES/q-e-kcw/tempdir/kcw/q4/Si.save/charge-density

     Starting wfcs are    8 atomic wfcs

     Band Structure Calculation
     Davidson diagonalization with overlap

     ethr =  1.25E-10,  avg # of iterations = 10.0

     total cpu time spent up to now is       -1.0 secs

     End of band structure calculation

 ------ SPIN UP ------------


          k = 0.0000 0.0000 0.0000 (   411 PWs)   bands (ev):

    -5.7058   6.3432   6.3432   6.3432   8.7374   8.7374   8.7374

          k = 0.0000 1.0000 0.0000 (   412 PWs)   bands (ev):

    -1.5321  -1.5321   3.4046   3.4046   6.7657   6.7657  16.2469

          k = 0.5000-0.5000 0.5000 (   410 PWs)   bands (ev):

    -3.3376  -0.7612   5.1093   5.1093   7.6771   9.4935   9.4935

          k = 0.5000 0.5000 0.5000 (   410 PWs)   bands (ev):

    -3.3376  -0.7612   5.1093   5.1093   7.6771   9.4935   9.4935

          k = 0.0000-1.0000 0.0000 (   412 PWs)   bands (ev):

    -1.5321  -1.5321   3.4046   3.4046   6.7657   6.7657  16.2469

          k = 0.0000 0.0000 0.0000 (   411 PWs)   bands (ev):

    -5.7058   6.3432   6.3432   6.3432   8.7374   8.7374   8.7374

          k =-0.5000-0.5000 0.5000 (   410 PWs)   bands (ev):

    -3.3376  -0.7612   5.1093   5.1093   7.6771   9.4935   9.4935

          k =-0.5000 0.5000 0.5000 (   410 PWs)   bands (ev):

    -3.3376  -0.7612   5.1093   5.1093   7.6771   9.4935   9.4935

          k =-0.5000 0.5000 0.5000 (   410 PWs)   bands (ev):

    -3.3376  -0.7612   5.1093   5.1093   7.6771   9.4935   9.4935

          k =-0.5000 1.5000 0.5000 (   410 PWs)   bands (ev):

    -3.3376  -0.7612   5.1093   5.1093   7.6771   9.4935   9.4935

          k = 1.0000 0.0000 0.0000 (   412 PWs)   bands (ev):

    -1.5321  -1.5321   3.4046   3.4046   6.7657   6.7657  16.2469

          k = 1.0000 1.0000 0.0000 (   412 PWs)   bands (ev):

    -1.5321  -1.5321   3.4046   3.4046   6.7657   6.7657  16.2469

 ------ SPIN DOWN ----------


          k = 0.0000 0.0000 0.0000 (   411 PWs)   bands (ev):

    -5.7058   6.3432   6.3432   6.3432   8.7374   8.7374   8.7374

          k = 0.0000 1.0000 0.0000 (   412 PWs)   bands (ev):

    -1.5321  -1.5321   3.4046   3.4046   6.7657   6.7657  16.2469

          k = 0.5000-0.5000 0.5000 (   410 PWs)   bands (ev):

    -3.3376  -0.7612   5.1093   5.1093   7.6771   9.4935   9.4935

          k = 0.5000 0.5000 0.5000 (   410 PWs)   bands (ev):

    -3.3376  -0.7612   5.1093   5.1093   7.6771   9.4935   9.4935

          k = 0.0000-1.0000 0.0000 (   412 PWs)   bands (ev):

    -1.5321  -1.5321   3.4046   3.4046   6.7657   6.7657  16.2469

          k = 0.0000 0.0000 0.0000 (   411 PWs)   bands (ev):

    -5.7058   6.3432   6.3432   6.3432   8.7374   8.7374   8.7374

          k =-0.5000-0.5000 0.5000 (   410 PWs)   bands (ev):

    -3.3376  -0.7612   5.1093   5.1093   7.6771   9.4935   9.4935

          k =-0.5000 0.5000 0.5000 (   410 PWs)   bands (ev):

    -3.3376  -0.7612   5.1093   5.1093   7.6771   9.4935   9.4935

          k =-0.5000 0.5000 0.5000 (   410 PWs)   bands (ev):

    -3.3376  -0.7612   5.1093   5.1093   7.6771   9.4935   9.4935

          k =-0.5000 1.5000 0.5000 (   410 PWs)   bands (ev):

    -3.3376  -0.7612   5.1093   5.1093   7.6771   9.4935   9.4935

          k = 1.0000 0.0000 0.0000 (   412 PWs)   bands (ev):

    -1.5321  -1.5321   3.4046   3.4046   6.7657   6.7657  16.2469

          k = 1.0000 1.0000 0.0000 (   412 PWs)   bands (ev):

    -1.5321  -1.5321   3.4046   3.4046   6.7657   6.7657  16.2469

     highest occupied, lowest unoccupied level (ev):     6.3432    6.7657

     Writing all to output data dir /home/nicola/CODES/q-e-kcw/tempdir/kcw/q4/Si.save/ :
     XML data file, pseudopotentials, collected wavefunctions

        INFO: NSCF calculation DONE


      iter #   1 total cpu time :    21.8 secs   av.it.:  11.8
      thresh= 1.000E-06 alpha_mix =  0.700 |ddv_scf|^2 =  7.982E-07

      iter #   2 total cpu time :    21.8 secs   av.it.:  11.9
      thresh= 1.000E-06 alpha_mix =  0.700 |ddv_scf|^2 =  1.609E-06

      iter #   3 total cpu time :    21.9 secs   av.it.:  11.7
      thresh= 1.000E-06 alpha_mix =  0.700 |ddv_scf|^2 =  7.431E-09

      iter #   4 total cpu time :    21.9 secs   av.it.:  10.5
      thresh= 8.621E-07 alpha_mix =  0.700 |ddv_scf|^2 =  1.819E-11

      iter #   5 total cpu time :    22.0 secs   av.it.:  10.9
      thresh= 4.265E-08 alpha_mix =  0.700 |ddv_scf|^2 =  3.872E-12

      iter #   6 total cpu time :    22.0 secs   av.it.:  11.6
      thresh= 1.968E-08 alpha_mix =  0.700 |ddv_scf|^2 =  1.105E-12

      iter #   7 total cpu time :    22.1 secs   av.it.:  11.3
      thresh= 1.051E-08 alpha_mix =  0.700 |ddv_scf|^2 =  1.096E-13

      iter #   8 total cpu time :    22.2 secs   av.it.:  11.8
      thresh= 3.311E-09 alpha_mix =  0.700 |ddv_scf|^2 =  2.124E-14

      iter #   9 total cpu time :    22.2 secs   av.it.:  11.5
      thresh= 1.458E-09 alpha_mix =  0.700 |ddv_scf|^2 =  2.753E-14

      iter #  10 total cpu time :    22.3 secs   av.it.:  10.9
      thresh= 1.659E-09 alpha_mix =  0.700 |ddv_scf|^2 =  2.808E-16

      iter #  11 total cpu time :    22.3 secs   av.it.:  11.8
      thresh= 1.676E-10 alpha_mix =  0.700 |ddv_scf|^2 =  2.030E-16

      iter #  12 total cpu time :    22.4 secs   av.it.:  11.3
      thresh= 1.425E-10 alpha_mix =  0.700 |ddv_scf|^2 =  2.911E-17

      iter #  13 total cpu time :    22.5 secs   av.it.:  11.3
      thresh= 5.395E-11 alpha_mix =  0.700 |ddv_scf|^2 =  6.753E-18

      iter #  14 total cpu time :    22.5 secs   av.it.:  11.6
      thresh= 2.599E-11 alpha_mix =  0.700 |ddv_scf|^2 =  1.039E-18

      iter #  15 total cpu time :    22.6 secs   av.it.:  11.8
      thresh= 1.019E-11 alpha_mix =  0.700 |ddv_scf|^2 =  4.957E-19

        iq =   4   iwann =   8   rPi_q =     0.00222611     0.00000000   uPi_q =     0.01184551    -0.00000000   SH_q =     0.00951638     0.00000000


     ==============================================================================
     Calculation of q =   -0.5000000  -0.5000000   0.5000000  [Cart ]
     Calculation of q =    0.5000000   0.0000000   0.0000000  [Cryst]
     ==============================================================================

        INFO: prepare_q DONE

        INFO: rhowan_q(r) RETRIEVED


        Start LR calculation for the wannier #  1   iq =  5   spin =  1

        SYM : iq =    5   NOT DONE for WF =    1   as bz2ibz is -1

        Start LR calculation for the wannier #  2   iq =  5   spin =  1

        SYM : iq =    5   NOT DONE for WF =    2   as bz2ibz is -1

        Start LR calculation for the wannier #  3   iq =  5   spin =  1

        SYM : number of symmetry for iwann =    3 :    6   (out of    48 )
        SYM : iwann=     3 iq =     5 weight =   0.12500000

     Parallelization info
     --------------------
     sticks:   dense  smooth     PW     G-vecs:    dense   smooth      PW
     Min          73      73     27                  821      821     186
     Max          74      74     28                  823      823     189
     Sum         295     295    109                 3287     3287     749

     Using Slab Decomposition


     Title: 
     KCW Silicon screen                                                         


     bravais-lattice index     =            2
     lattice parameter (alat)  =      10.2631  a.u.
     unit-cell volume          =     270.2564 (a.u.)^3
     number of atoms/cell      =            2
     number of atomic types    =            1
     number of electrons       =         8.00 (up:   4.00, down:   4.00)
     number of Kohn-Sham states=            7
     kinetic-energy cutoff     =      20.0000  Ry
     charge density cutoff     =      80.0000  Ry
     Exchange-correlation= PW
                           (   1   4   0   0   0   0   0)

     celldm(1)=  10.263102  celldm(2)=   0.000000  celldm(3)=   0.000000
     celldm(4)=   0.000000  celldm(5)=   0.000000  celldm(6)=   0.000000

     crystal axes: (cart. coord. in units of alat)
               a(1) = (  -0.500000   0.000000   0.500000 )  
               a(2) = (   0.000000   0.500000   0.500000 )  
               a(3) = (  -0.500000   0.500000   0.000000 )  

     reciprocal axes: (cart. coord. in units 2 pi/alat)
               b(1) = ( -1.000000 -1.000000  1.000000 )  
               b(2) = (  1.000000  1.000000  1.000000 )  
               b(3) = ( -1.000000  1.000000 -1.000000 )  


     PseudoPot. # 1 for Si read from file:
     /home/nicola/CODES/q-e-kcw/pseudo/Si.upf
     MD5 check sum: 9e2d726316af3d4752eea8ab0afbb951
     Pseudo is Norm-conserving + core correction, Zval =  4.0
     Generated using ONCVPSP code by D. R. Hamann
     Using radial grid of 1510 points,  6 beta functions with: 
                l(1) =   0
                l(2) =   0
                l(3) =   1
                l(4) =   1
                l(5) =   2
                l(6) =   2

     atomic species   valence    mass     pseudopotential
     Si                4.00    28.08500     Si( 1.00)

     Starting magnetic structure 
     atomic species   magnetization
     Si              0.000

      6 Sym. Ops. (no inversion) found



   Cartesian axes

     site n.     atom                  positions (alat units)
         1        Si     tau(   1) = (   0.0000000   0.0000000   0.0000000  )
         2        Si     tau(   2) = (  -0.2500000   0.2500000   0.2500000  )

     number of k points=     8
                       cart. coord. in units 2pi/alat
        k(    1) = (   0.0000000   0.0000000   0.0000000), wk =   0.1250000
        k(    2) = (  -0.5000000  -0.5000000   0.5000000), wk =   0.0000000
        k(    3) = (   0.5000000  -0.5000000   0.5000000), wk =   0.3750000
        k(    4) = (   0.0000000  -1.0000000   1.0000000), wk =   0.0000000
        k(    5) = (   0.0000000  -1.0000000   0.0000000), wk =   0.3750000
        k(    6) = (  -0.5000000  -1.5000000   0.5000000), wk =   0.0000000
        k(    7) = (   0.5000000   0.5000000  -0.5000000), wk =   0.1250000
        k(    8) = (   0.0000000   0.0000000   0.0000000), wk =   0.0000000

     Dense  grid:     3287 G-vectors     FFT dimensions: (  24,  24,  24)

     Estimated max dynamical RAM per process >       1.44 MB

     Estimated total dynamical RAM >       5.76 MB

     The potential is recalculated from file :
     /home/nicola/CODES/q-e-kcw/tempdir/kcw/q5/Si.save/charge-density

     Starting wfcs are    8 atomic wfcs

     Band Structure Calculation
     Davidson diagonalization with overlap

     ethr =  1.25E-10,  avg # of iterations =  9.8

     total cpu time spent up to now is       -1.0 secs

     End of band structure calculation

 ------ SPIN UP ------------


          k = 0.0000 0.0000 0.0000 (   411 PWs)   bands (ev):

    -5.7058   6.3432   6.3432   6.3432   8.7374   8.7374   8.7374

          k =-0.5000-0.5000 0.5000 (   410 PWs)   bands (ev):

    -3.3376  -0.7612   5.1093   5.1093   7.6771   9.4935   9.4935

          k = 0.5000-0.5000 0.5000 (   410 PWs)   bands (ev):

    -3.3376  -0.7612   5.1093   5.1093   7.6771   9.4935   9.4935

          k = 0.0000-1.0000 1.0000 (   412 PWs)   bands (ev):

    -1.5321  -1.5321   3.4046   3.4046   6.7657   6.7657  16.2469

          k = 0.0000-1.0000 0.0000 (   412 PWs)   bands (ev):

    -1.5321  -1.5321   3.4046   3.4046   6.7657   6.7657  16.2469

          k =-0.5000-1.5000 0.5000 (   410 PWs)   bands (ev):

    -3.3376  -0.7612   5.1093   5.1093   7.6771   9.4935   9.4935

          k = 0.5000 0.5000-0.5000 (   410 PWs)   bands (ev):

    -3.3376  -0.7612   5.1093   5.1093   7.6771   9.4935   9.4935

          k = 0.0000 0.0000 0.0000 (   411 PWs)   bands (ev):

    -5.7058   6.3432   6.3432   6.3432   8.7374   8.7374   8.7374

 ------ SPIN DOWN ----------


          k = 0.0000 0.0000 0.0000 (   411 PWs)   bands (ev):

    -5.7058   6.3432   6.3432   6.3432   8.7374   8.7374   8.7374

          k =-0.5000-0.5000 0.5000 (   410 PWs)   bands (ev):

    -3.3376  -0.7612   5.1093   5.1093   7.6771   9.4935   9.4935

          k = 0.5000-0.5000 0.5000 (   410 PWs)   bands (ev):

    -3.3376  -0.7612   5.1093   5.1093   7.6771   9.4935   9.4935

          k = 0.0000-1.0000 1.0000 (   412 PWs)   bands (ev):

    -1.5321  -1.5321   3.4046   3.4046   6.7657   6.7657  16.2469

          k = 0.0000-1.0000 0.0000 (   412 PWs)   bands (ev):

    -1.5321  -1.5321   3.4046   3.4046   6.7657   6.7657  16.2469

          k =-0.5000-1.5000 0.5000 (   410 PWs)   bands (ev):

    -3.3376  -0.7612   5.1093   5.1093   7.6771   9.4935   9.4935

          k = 0.5000 0.5000-0.5000 (   410 PWs)   bands (ev):

    -3.3376  -0.7612   5.1093   5.1093   7.6771   9.4935   9.4935

          k = 0.0000 0.0000 0.0000 (   411 PWs)   bands (ev):

    -5.7058   6.3432   6.3432   6.3432   8.7374   8.7374   8.7374

     highest occupied, lowest unoccupied level (ev):     6.3432    6.7657

     Writing all to output data dir /home/nicola/CODES/q-e-kcw/tempdir/kcw/q5/Si.save/ :
     XML data file, pseudopotentials, collected wavefunctions

        INFO: NSCF calculation DONE


      iter #   1 total cpu time :    22.8 secs   av.it.:  11.6
      thresh= 1.000E-06 alpha_mix =  0.700 |ddv_scf|^2 =  1.579E-05

      iter #   2 total cpu time :    22.8 secs   av.it.:  12.5
      thresh= 1.000E-06 alpha_mix =  0.700 |ddv_scf|^2 =  8.514E-05

      iter #   3 total cpu time :    22.9 secs   av.it.:  12.2
      thresh= 1.000E-06 alpha_mix =  0.700 |ddv_scf|^2 =  2.211E-09

      iter #   4 total cpu time :    22.9 secs   av.it.:  10.6
      thresh= 4.702E-07 alpha_mix =  0.700 |ddv_scf|^2 =  2.058E-10

      iter #   5 total cpu time :    22.9 secs   av.it.:  10.8
      thresh= 1.434E-07 alpha_mix =  0.700 |ddv_scf|^2 =  5.232E-12

      iter #   6 total cpu time :    23.0 secs   av.it.:  11.2
      thresh= 2.287E-08 alpha_mix =  0.700 |ddv_scf|^2 =  1.101E-13

      iter #   7 total cpu time :    23.0 secs   av.it.:  11.0
      thresh= 3.318E-09 alpha_mix =  0.700 |ddv_scf|^2 =  1.123E-14

      iter #   8 total cpu time :    23.1 secs   av.it.:  11.1
      thresh= 1.060E-09 alpha_mix =  0.700 |ddv_scf|^2 =  2.238E-16

      iter #   9 total cpu time :    23.1 secs   av.it.:  11.5
      thresh= 1.496E-10 alpha_mix =  0.700 |ddv_scf|^2 =  2.208E-17

      iter #  10 total cpu time :    23.2 secs   av.it.:  11.8
      thresh= 4.699E-11 alpha_mix =  0.700 |ddv_scf|^2 =  1.169E-18

      iter #  11 total cpu time :    23.2 secs   av.it.:  11.9
      thresh= 1.081E-11 alpha_mix =  0.700 |ddv_scf|^2 =  2.827E-19

        iq =   5   iwann =   3   rPi_q =     0.00998932     0.00000000   uPi_q =     0.05952884     0.00000000   SH_q =     0.03746804     0.00000000

        Start LR calculation for the wannier #  4   iq =  5   spin =  1

        SYM : iq =    5   NOT DONE for WF =    4   as bz2ibz is -1

        Start LR calculation for the wannier #  5   iq =  5   spin =  1

        SYM : iq =    5   NOT DONE for WF =    5   as bz2ibz is -1

        Start LR calculation for the wannier #  6   iq =  5   spin =  1

        SYM : iq =    5   NOT DONE for WF =    6   as bz2ibz is -1

        Start LR calculation for the wannier #  7   iq =  5   spin =  1

        SYM : iq =    5   NOT DONE for WF =    7   as bz2ibz is -1

        Start LR calculation for the wannier #  8   iq =  5   spin =  1

        SYM : number of symmetry for iwann =    8 :    2   (out of    48 )
        SYM : iwann=     8 iq =     5 weight =   0.12500000

     Parallelization info
     --------------------
     sticks:   dense  smooth     PW     G-vecs:    dense   smooth      PW
     Min          73      73     27                  821      821     186
     Max          74      74     28                  823      823     189
     Sum         295     295    109                 3287     3287     749

     Using Slab Decomposition


     Title: 
     KCW Silicon screen                                                         


     bravais-lattice index     =            2
     lattice parameter (alat)  =      10.2631  a.u.
     unit-cell volume          =     270.2564 (a.u.)^3
     number of atoms/cell      =            2
     number of atomic types    =            1
     number of electrons       =         8.00 (up:   4.00, down:   4.00)
     number of Kohn-Sham states=            7
     kinetic-energy cutoff     =      20.0000  Ry
     charge density cutoff     =      80.0000  Ry
     Exchange-correlation= PW
                           (   1   4   0   0   0   0   0)

     celldm(1)=  10.263102  celldm(2)=   0.000000  celldm(3)=   0.000000
     celldm(4)=   0.000000  celldm(5)=   0.000000  celldm(6)=   0.000000

     crystal axes: (cart. coord. in units of alat)
               a(1) = (  -0.500000   0.000000   0.500000 )  
               a(2) = (   0.000000   0.500000   0.500000 )  
               a(3) = (  -0.500000   0.500000   0.000000 )  

     reciprocal axes: (cart. coord. in units 2 pi/alat)
               b(1) = ( -1.000000 -1.000000  1.000000 )  
               b(2) = (  1.000000  1.000000  1.000000 )  
               b(3) = ( -1.000000  1.000000 -1.000000 )  


     PseudoPot. # 1 for Si read from file:
     /home/nicola/CODES/q-e-kcw/pseudo/Si.upf
     MD5 check sum: 9e2d726316af3d4752eea8ab0afbb951
     Pseudo is Norm-conserving + core correction, Zval =  4.0
     Generated using ONCVPSP code by D. R. Hamann
     Using radial grid of 1510 points,  6 beta functions with: 
                l(1) =   0
                l(2) =   0
                l(3) =   1
                l(4) =   1
                l(5) =   2
                l(6) =   2

     atomic species   valence    mass     pseudopotential
     Si                4.00    28.08500     Si( 1.00)

     Starting magnetic structure 
     atomic species   magnetization
     Si              0.000

      2 Sym. Ops. (no inversion) found



   Cartesian axes

     site n.     atom                  positions (alat units)
         1        Si     tau(   1) = (   0.0000000   0.0000000   0.0000000  )
         2        Si     tau(   2) = (  -0.2500000   0.2500000   0.2500000  )

     number of k points=    12
                       cart. coord. in units 2pi/alat
        k(    1) = (   0.0000000   0.0000000   0.0000000), wk =   0.1250000
        k(    2) = (  -0.5000000  -0.5000000   0.5000000), wk =   0.0000000
        k(    3) = (   0.5000000  -0.5000000   0.5000000), wk =   0.2500000
        k(    4) = (   0.0000000  -1.0000000   1.0000000), wk =   0.0000000
        k(    5) = (   0.0000000  -1.0000000   0.0000000), wk =   0.1250000
        k(    6) = (  -0.5000000  -1.5000000   0.5000000), wk =   0.0000000
        k(    7) = (  -0.5000000   0.5000000   0.5000000), wk =   0.1250000
        k(    8) = (  -1.0000000   0.0000000   1.0000000), wk =   0.0000000
        k(    9) = (   0.5000000   0.5000000  -0.5000000), wk =   0.1250000
        k(   10) = (   0.0000000   0.0000000   0.0000000), wk =   0.0000000
        k(   11) = (  -1.0000000   0.0000000   0.0000000), wk =   0.2500000
        k(   12) = (  -1.5000000  -0.5000000   0.5000000), wk =   0.0000000

     Dense  grid:     3287 G-vectors     FFT dimensions: (  24,  24,  24)

     Estimated max dynamical RAM per process >       1.44 MB

     Estimated total dynamical RAM >       5.76 MB

     The potential is recalculated from file :
     /home/nicola/CODES/q-e-kcw/tempdir/kcw/q5/Si.save/charge-density

     Starting wfcs are    8 atomic wfcs

     Band Structure Calculation
     Davidson diagonalization with overlap

     ethr =  1.25E-10,  avg # of iterations = 10.0

     total cpu time spent up to now is       -1.0 secs

     End of band structure calculation

 ------ SPIN UP ------------


          k = 0.0000 0.0000 0.0000 (   411 PWs)   bands (ev):

    -5.7058   6.3432   6.3432   6.3432   8.7374   8.7374   8.7374

          k =-0.5000-0.5000 0.5000 (   410 PWs)   bands (ev):

    -3.3376  -0.7612   5.1093   5.1093   7.6771   9.4935   9.4935

          k = 0.5000-0.5000 0.5000 (   410 PWs)   bands (ev):

    -3.3376  -0.7612   5.1093   5.1093   7.6771   9.4935   9.4935

          k = 0.0000-1.0000 1.0000 (   412 PWs)   bands (ev):

    -1.5321  -1.5321   3.4046   3.4046   6.7657   6.7657  16.2469

          k = 0.0000-1.0000 0.0000 (   412 PWs)   bands (ev):

    -1.5321  -1.5321   3.4046   3.4046   6.7657   6.7657  16.2469

          k =-0.5000-1.5000 0.5000 (   410 PWs)   bands (ev):

    -3.3376  -0.7612   5.1093   5.1093   7.6771   9.4935   9.4935

          k =-0.5000 0.5000 0.5000 (   410 PWs)   bands (ev):

    -3.3376  -0.7612   5.1093   5.1093   7.6771   9.4935   9.4935

          k =-1.0000 0.0000 1.0000 (   412 PWs)   bands (ev):

    -1.5321  -1.5321   3.4046   3.4046   6.7657   6.7657  16.2469

          k = 0.5000 0.5000-0.5000 (   410 PWs)   bands (ev):

    -3.3376  -0.7612   5.1093   5.1093   7.6771   9.4935   9.4935

          k = 0.0000 0.0000 0.0000 (   411 PWs)   bands (ev):

    -5.7058   6.3432   6.3432   6.3432   8.7374   8.7374   8.7374

          k =-1.0000 0.0000 0.0000 (   412 PWs)   bands (ev):

    -1.5321  -1.5321   3.4046   3.4046   6.7657   6.7657  16.2469

          k =-1.5000-0.5000 0.5000 (   410 PWs)   bands (ev):

    -3.3376  -0.7612   5.1093   5.1093   7.6771   9.4935   9.4935

 ------ SPIN DOWN ----------


          k = 0.0000 0.0000 0.0000 (   411 PWs)   bands (ev):

    -5.7058   6.3432   6.3432   6.3432   8.7374   8.7374   8.7374

          k =-0.5000-0.5000 0.5000 (   410 PWs)   bands (ev):

    -3.3376  -0.7612   5.1093   5.1093   7.6771   9.4935   9.4935

          k = 0.5000-0.5000 0.5000 (   410 PWs)   bands (ev):

    -3.3376  -0.7612   5.1093   5.1093   7.6771   9.4935   9.4935

          k = 0.0000-1.0000 1.0000 (   412 PWs)   bands (ev):

    -1.5321  -1.5321   3.4046   3.4046   6.7657   6.7657  16.2469

          k = 0.0000-1.0000 0.0000 (   412 PWs)   bands (ev):

    -1.5321  -1.5321   3.4046   3.4046   6.7657   6.7657  16.2469

          k =-0.5000-1.5000 0.5000 (   410 PWs)   bands (ev):

    -3.3376  -0.7612   5.1093   5.1093   7.6771   9.4935   9.4935

          k =-0.5000 0.5000 0.5000 (   410 PWs)   bands (ev):

    -3.3376  -0.7612   5.1093   5.1093   7.6771   9.4935   9.4935

          k =-1.0000 0.0000 1.0000 (   412 PWs)   bands (ev):

    -1.5321  -1.5321   3.4046   3.4046   6.7657   6.7657  16.2469

          k = 0.5000 0.5000-0.5000 (   410 PWs)   bands (ev):

    -3.3376  -0.7612   5.1093   5.1093   7.6771   9.4935   9.4935

          k = 0.0000 0.0000 0.0000 (   411 PWs)   bands (ev):

    -5.7058   6.3432   6.3432   6.3432   8.7374   8.7374   8.7374

          k =-1.0000 0.0000 0.0000 (   412 PWs)   bands (ev):

    -1.5321  -1.5321   3.4046   3.4046   6.7657   6.7657  16.2469

          k =-1.5000-0.5000 0.5000 (   410 PWs)   bands (ev):

    -3.3376  -0.7612   5.1093   5.1093   7.6771   9.4935   9.4935

     highest occupied, lowest unoccupied level (ev):     6.3432    6.7657

     Writing all to output data dir /home/nicola/CODES/q-e-kcw/tempdir/kcw/q5/Si.save/ :
     XML data file, pseudopotentials, collected wavefunctions

        INFO: NSCF calculation DONE


      iter #   1 total cpu time :    23.5 secs   av.it.:  11.7
      thresh= 1.000E-06 alpha_mix =  0.700 |ddv_scf|^2 =  7.554E-07

      iter #   2 total cpu time :    23.5 secs   av.it.:  12.1
      thresh= 1.000E-06 alpha_mix =  0.700 |ddv_scf|^2 =  3.935E-06

      iter #   3 total cpu time :    23.6 secs   av.it.:  11.5
      thresh= 1.000E-06 alpha_mix =  0.700 |ddv_scf|^2 =  3.222E-09

      iter #   4 total cpu time :    23.6 secs   av.it.:  10.8
      thresh= 5.676E-07 alpha_mix =  0.700 |ddv_scf|^2 =  2.000E-11

      iter #   5 total cpu time :    23.7 secs   av.it.:  10.8
      thresh= 4.473E-08 alpha_mix =  0.700 |ddv_scf|^2 =  2.111E-12

      iter #   6 total cpu time :    23.8 secs   av.it.:  11.5
      thresh= 1.453E-08 alpha_mix =  0.700 |ddv_scf|^2 =  4.054E-14

      iter #   7 total cpu time :    23.8 secs   av.it.:  11.7
      thresh= 2.014E-09 alpha_mix =  0.700 |ddv_scf|^2 =  3.890E-15

      iter #   8 total cpu time :    23.9 secs   av.it.:  11.7
      thresh= 6.237E-10 alpha_mix =  0.700 |ddv_scf|^2 =  1.397E-15

      iter #   9 total cpu time :    23.9 secs   av.it.:  11.6
      thresh= 3.737E-10 alpha_mix =  0.700 |ddv_scf|^2 =  2.611E-16

      iter #  10 total cpu time :    24.0 secs   av.it.:  11.0
      thresh= 1.616E-10 alpha_mix =  0.700 |ddv_scf|^2 =  5.408E-17

      iter #  11 total cpu time :    24.1 secs   av.it.:  11.0
      thresh= 7.354E-11 alpha_mix =  0.700 |ddv_scf|^2 =  3.773E-18

      iter #  12 total cpu time :    24.1 secs   av.it.:  11.5
      thresh= 1.942E-11 alpha_mix =  0.700 |ddv_scf|^2 =  9.783E-19

        iq =   5   iwann =   8   rPi_q =    -0.00000706    -0.00000000   uPi_q =     0.00568008    -0.00000000   SH_q =     0.00612291    -0.00000000


     ==============================================================================
     Calculation of q =   -1.0000000   0.0000000   0.0000000  [Cart ]
     Calculation of q =    0.5000000   0.0000000   0.5000000  [Cryst]
     ==============================================================================

        INFO: prepare_q DONE

        INFO: rhowan_q(r) RETRIEVED


        Start LR calculation for the wannier #  1   iq =  6   spin =  1

        SYM : iq =    6   NOT DONE for WF =    1   as bz2ibz is -1

        Start LR calculation for the wannier #  2   iq =  6   spin =  1

        SYM : iq =    6   NOT DONE for WF =    2   as bz2ibz is -1

        Start LR calculation for the wannier #  3   iq =  6   spin =  1

        SYM : iq =    6   NOT DONE for WF =    3   as bz2ibz is -1

        Start LR calculation for the wannier #  4   iq =  6   spin =  1

        SYM : iq =    6   NOT DONE for WF =    4   as bz2ibz is -1

        Start LR calculation for the wannier #  5   iq =  6   spin =  1

        SYM : number of symmetry for iwann =    5 :    2   (out of    48 )
        SYM : iwann=     5 iq =     6 weight =   0.12500000

     Parallelization info
     --------------------
     sticks:   dense  smooth     PW     G-vecs:    dense   smooth      PW
     Min          73      73     30                  821      821     216
     Max          74      74     31                  823      823     218
     Sum         295     295    121                 3287     3287     869

     Using Slab Decomposition


     Title: 
     KCW Silicon screen                                                         


     bravais-lattice index     =            2
     lattice parameter (alat)  =      10.2631  a.u.
     unit-cell volume          =     270.2564 (a.u.)^3
     number of atoms/cell      =            2
     number of atomic types    =            1
     number of electrons       =         8.00 (up:   4.00, down:   4.00)
     number of Kohn-Sham states=            7
     kinetic-energy cutoff     =      20.0000  Ry
     charge density cutoff     =      80.0000  Ry
     Exchange-correlation= PW
                           (   1   4   0   0   0   0   0)

     celldm(1)=  10.263102  celldm(2)=   0.000000  celldm(3)=   0.000000
     celldm(4)=   0.000000  celldm(5)=   0.000000  celldm(6)=   0.000000

     crystal axes: (cart. coord. in units of alat)
               a(1) = (  -0.500000   0.000000   0.500000 )  
               a(2) = (   0.000000   0.500000   0.500000 )  
               a(3) = (  -0.500000   0.500000   0.000000 )  

     reciprocal axes: (cart. coord. in units 2 pi/alat)
               b(1) = ( -1.000000 -1.000000  1.000000 )  
               b(2) = (  1.000000  1.000000  1.000000 )  
               b(3) = ( -1.000000  1.000000 -1.000000 )  


     PseudoPot. # 1 for Si read from file:
     /home/nicola/CODES/q-e-kcw/pseudo/Si.upf
     MD5 check sum: 9e2d726316af3d4752eea8ab0afbb951
     Pseudo is Norm-conserving + core correction, Zval =  4.0
     Generated using ONCVPSP code by D. R. Hamann
     Using radial grid of 1510 points,  6 beta functions with: 
                l(1) =   0
                l(2) =   0
                l(3) =   1
                l(4) =   1
                l(5) =   2
                l(6) =   2

     atomic species   valence    mass     pseudopotential
     Si                4.00    28.08500     Si( 1.00)

     Starting magnetic structure 
     atomic species   magnetization
     Si              0.000

      2 Sym. Ops. (no inversion) found



   Cartesian axes

     site n.     atom                  positions (alat units)
         1        Si     tau(   1) = (   0.0000000   0.0000000   0.0000000  )
         2        Si     tau(   2) = (  -0.2500000   0.2500000   0.2500000  )

     number of k points=    12
                       cart. coord. in units 2pi/alat
        k(    1) = (   0.0000000   0.0000000   0.0000000), wk =   0.1250000
        k(    2) = (  -1.0000000   0.0000000   0.0000000), wk =   0.0000000
        k(    3) = (   0.5000000  -0.5000000   0.5000000), wk =   0.2500000
        k(    4) = (  -0.5000000  -0.5000000   0.5000000), wk =   0.0000000
        k(    5) = (   0.0000000  -1.0000000   0.0000000), wk =   0.2500000
        k(    6) = (  -1.0000000  -1.0000000   0.0000000), wk =   0.0000000
        k(    7) = (  -0.5000000   0.5000000   0.5000000), wk =   0.1250000
        k(    8) = (  -1.5000000   0.5000000   0.5000000), wk =   0.0000000
        k(    9) = (  -0.5000000  -0.5000000  -0.5000000), wk =   0.1250000
        k(   10) = (  -1.5000000  -0.5000000  -0.5000000), wk =   0.0000000
        k(   11) = (  -1.0000000   0.0000000   0.0000000), wk =   0.1250000
        k(   12) = (  -2.0000000   0.0000000   0.0000000), wk =   0.0000000

     Dense  grid:     3287 G-vectors     FFT dimensions: (  24,  24,  24)

     Estimated max dynamical RAM per process >       1.45 MB

     Estimated total dynamical RAM >       5.78 MB

     The potential is recalculated from file :
     /home/nicola/CODES/q-e-kcw/tempdir/kcw/q6/Si.save/charge-density

     Starting wfcs are    8 atomic wfcs

     Band Structure Calculation
     Davidson diagonalization with overlap

     ethr =  1.25E-10,  avg # of iterations = 10.0

     total cpu time spent up to now is       -1.0 secs

     End of band structure calculation

 ------ SPIN UP ------------


          k = 0.0000 0.0000 0.0000 (   411 PWs)   bands (ev):

    -5.7058   6.3432   6.3432   6.3432   8.7374   8.7374   8.7374

          k =-1.0000 0.0000 0.0000 (   412 PWs)   bands (ev):

    -1.5321  -1.5321   3.4046   3.4046   6.7657   6.7657  16.2469

          k = 0.5000-0.5000 0.5000 (   410 PWs)   bands (ev):

    -3.3376  -0.7612   5.1093   5.1093   7.6771   9.4935   9.4935

          k =-0.5000-0.5000 0.5000 (   410 PWs)   bands (ev):

    -3.3376  -0.7612   5.1093   5.1093   7.6771   9.4935   9.4935

          k = 0.0000-1.0000 0.0000 (   412 PWs)   bands (ev):

    -1.5321  -1.5321   3.4046   3.4046   6.7657   6.7657  16.2469

          k =-1.0000-1.0000 0.0000 (   412 PWs)   bands (ev):

    -1.5321  -1.5321   3.4046   3.4046   6.7657   6.7657  16.2469

          k =-0.5000 0.5000 0.5000 (   410 PWs)   bands (ev):

    -3.3376  -0.7612   5.1093   5.1093   7.6771   9.4935   9.4935

          k =-1.5000 0.5000 0.5000 (   410 PWs)   bands (ev):

    -3.3376  -0.7612   5.1093   5.1093   7.6771   9.4935   9.4935

          k =-0.5000-0.5000-0.5000 (   410 PWs)   bands (ev):

    -3.3376  -0.7612   5.1093   5.1093   7.6771   9.4935   9.4935

          k =-1.5000-0.5000-0.5000 (   410 PWs)   bands (ev):

    -3.3376  -0.7612   5.1093   5.1093   7.6771   9.4935   9.4935

          k =-1.0000 0.0000 0.0000 (   412 PWs)   bands (ev):

    -1.5321  -1.5321   3.4046   3.4046   6.7657   6.7657  16.2469

          k =-2.0000 0.0000 0.0000 (   411 PWs)   bands (ev):

    -5.7058   6.3432   6.3432   6.3432   8.7374   8.7374   8.7374

 ------ SPIN DOWN ----------


          k = 0.0000 0.0000 0.0000 (   411 PWs)   bands (ev):

    -5.7058   6.3432   6.3432   6.3432   8.7374   8.7374   8.7374

          k =-1.0000 0.0000 0.0000 (   412 PWs)   bands (ev):

    -1.5321  -1.5321   3.4046   3.4046   6.7657   6.7657  16.2469

          k = 0.5000-0.5000 0.5000 (   410 PWs)   bands (ev):

    -3.3376  -0.7612   5.1093   5.1093   7.6771   9.4935   9.4935

          k =-0.5000-0.5000 0.5000 (   410 PWs)   bands (ev):

    -3.3376  -0.7612   5.1093   5.1093   7.6771   9.4935   9.4935

          k = 0.0000-1.0000 0.0000 (   412 PWs)   bands (ev):

    -1.5321  -1.5321   3.4046   3.4046   6.7657   6.7657  16.2469

          k =-1.0000-1.0000 0.0000 (   412 PWs)   bands (ev):

    -1.5321  -1.5321   3.4046   3.4046   6.7657   6.7657  16.2469

          k =-0.5000 0.5000 0.5000 (   410 PWs)   bands (ev):

    -3.3376  -0.7612   5.1093   5.1093   7.6771   9.4935   9.4935

          k =-1.5000 0.5000 0.5000 (   410 PWs)   bands (ev):

    -3.3376  -0.7612   5.1093   5.1093   7.6771   9.4935   9.4935

          k =-0.5000-0.5000-0.5000 (   410 PWs)   bands (ev):

    -3.3376  -0.7612   5.1093   5.1093   7.6771   9.4935   9.4935

          k =-1.5000-0.5000-0.5000 (   410 PWs)   bands (ev):

    -3.3376  -0.7612   5.1093   5.1093   7.6771   9.4935   9.4935

          k =-1.0000 0.0000 0.0000 (   412 PWs)   bands (ev):

    -1.5321  -1.5321   3.4046   3.4046   6.7657   6.7657  16.2469

          k =-2.0000 0.0000 0.0000 (   411 PWs)   bands (ev):

    -5.7058   6.3432   6.3432   6.3432   8.7374   8.7374   8.7374

     highest occupied, lowest unoccupied level (ev):     6.3432    6.7657

     Writing all to output data dir /home/nicola/CODES/q-e-kcw/tempdir/kcw/q6/Si.save/ :
     XML data file, pseudopotentials, collected wavefunctions

        INFO: NSCF calculation DONE


      iter #   1 total cpu time :    24.4 secs   av.it.:  11.9
      thresh= 1.000E-06 alpha_mix =  0.700 |ddv_scf|^2 =  7.982E-07

      iter #   2 total cpu time :    24.4 secs   av.it.:  12.1
      thresh= 1.000E-06 alpha_mix =  0.700 |ddv_scf|^2 =  1.609E-06

      iter #   3 total cpu time :    24.5 secs   av.it.:  11.8
      thresh= 1.000E-06 alpha_mix =  0.700 |ddv_scf|^2 =  7.431E-09

      iter #   4 total cpu time :    24.6 secs   av.it.:  10.4
      thresh= 8.621E-07 alpha_mix =  0.700 |ddv_scf|^2 =  1.819E-11

      iter #   5 total cpu time :    24.6 secs   av.it.:  10.9
      thresh= 4.265E-08 alpha_mix =  0.700 |ddv_scf|^2 =  3.872E-12

      iter #   6 total cpu time :    24.7 secs   av.it.:  11.6
      thresh= 1.968E-08 alpha_mix =  0.700 |ddv_scf|^2 =  1.105E-12

      iter #   7 total cpu time :    24.7 secs   av.it.:  11.2
      thresh= 1.051E-08 alpha_mix =  0.700 |ddv_scf|^2 =  1.096E-13

      iter #   8 total cpu time :    24.8 secs   av.it.:  11.7
      thresh= 3.311E-09 alpha_mix =  0.700 |ddv_scf|^2 =  2.124E-14

      iter #   9 total cpu time :    24.9 secs   av.it.:  11.3
      thresh= 1.457E-09 alpha_mix =  0.700 |ddv_scf|^2 =  2.749E-14

      iter #  10 total cpu time :    24.9 secs   av.it.:  10.9
      thresh= 1.658E-09 alpha_mix =  0.700 |ddv_scf|^2 =  2.767E-16

      iter #  11 total cpu time :    25.0 secs   av.it.:  11.8
      thresh= 1.663E-10 alpha_mix =  0.700 |ddv_scf|^2 =  1.950E-16

      iter #  12 total cpu time :    25.0 secs   av.it.:  11.3
      thresh= 1.397E-10 alpha_mix =  0.700 |ddv_scf|^2 =  2.897E-17

      iter #  13 total cpu time :    25.1 secs   av.it.:  11.3
      thresh= 5.383E-11 alpha_mix =  0.700 |ddv_scf|^2 =  6.835E-18

      iter #  14 total cpu time :    25.2 secs   av.it.:  11.5
      thresh= 2.614E-11 alpha_mix =  0.700 |ddv_scf|^2 =  1.021E-18

      iter #  15 total cpu time :    25.2 secs   av.it.:  11.8
      thresh= 1.010E-11 alpha_mix =  0.700 |ddv_scf|^2 =  4.960E-19

        iq =   6   iwann =   5   rPi_q =     0.00222610     0.00000000   uPi_q =     0.01184549    -0.00000000   SH_q =     0.00951636    -0.00000000

        Start LR calculation for the wannier #  6   iq =  6   spin =  1

        SYM : iq =    6   NOT DONE for WF =    6   as bz2ibz is -1

        Start LR calculation for the wannier #  7   iq =  6   spin =  1

        SYM : iq =    6   NOT DONE for WF =    7   as bz2ibz is -1

        Start LR calculation for the wannier #  8   iq =  6   spin =  1

        SYM : number of symmetry for iwann =    8 :    2   (out of    48 )
        SYM : iwann=     8 iq =     6 weight =   0.25000000

     Parallelization info
     --------------------
     sticks:   dense  smooth     PW     G-vecs:    dense   smooth      PW
     Min          73      73     30                  821      821     216
     Max          74      74     31                  823      823     218
     Sum         295     295    121                 3287     3287     869

     Using Slab Decomposition


     Title: 
     KCW Silicon screen                                                         


     bravais-lattice index     =            2
     lattice parameter (alat)  =      10.2631  a.u.
     unit-cell volume          =     270.2564 (a.u.)^3
     number of atoms/cell      =            2
     number of atomic types    =            1
     number of electrons       =         8.00 (up:   4.00, down:   4.00)
     number of Kohn-Sham states=            7
     kinetic-energy cutoff     =      20.0000  Ry
     charge density cutoff     =      80.0000  Ry
     Exchange-correlation= PW
                           (   1   4   0   0   0   0   0)

     celldm(1)=  10.263102  celldm(2)=   0.000000  celldm(3)=   0.000000
     celldm(4)=   0.000000  celldm(5)=   0.000000  celldm(6)=   0.000000

     crystal axes: (cart. coord. in units of alat)
               a(1) = (  -0.500000   0.000000   0.500000 )  
               a(2) = (   0.000000   0.500000   0.500000 )  
               a(3) = (  -0.500000   0.500000   0.000000 )  

     reciprocal axes: (cart. coord. in units 2 pi/alat)
               b(1) = ( -1.000000 -1.000000  1.000000 )  
               b(2) = (  1.000000  1.000000  1.000000 )  
               b(3) = ( -1.000000  1.000000 -1.000000 )  


     PseudoPot. # 1 for Si read from file:
     /home/nicola/CODES/q-e-kcw/pseudo/Si.upf
     MD5 check sum: 9e2d726316af3d4752eea8ab0afbb951
     Pseudo is Norm-conserving + core correction, Zval =  4.0
     Generated using ONCVPSP code by D. R. Hamann
     Using radial grid of 1510 points,  6 beta functions with: 
                l(1) =   0
                l(2) =   0
                l(3) =   1
                l(4) =   1
                l(5) =   2
                l(6) =   2

     atomic species   valence    mass     pseudopotential
     Si                4.00    28.08500     Si( 1.00)

     Starting magnetic structure 
     atomic species   magnetization
     Si              0.000

      2 Sym. Ops. (no inversion) found



   Cartesian axes

     site n.     atom                  positions (alat units)
         1        Si     tau(   1) = (   0.0000000   0.0000000   0.0000000  )
         2        Si     tau(   2) = (  -0.2500000   0.2500000   0.2500000  )

     number of k points=    16
                       cart. coord. in units 2pi/alat
        k(    1) = (   0.0000000   0.0000000   0.0000000), wk =   0.1250000
        k(    2) = (  -1.0000000   0.0000000   0.0000000), wk =   0.0000000
        k(    3) = (   0.5000000  -0.5000000   0.5000000), wk =   0.1250000
        k(    4) = (  -0.5000000  -0.5000000   0.5000000), wk =   0.0000000
        k(    5) = (   0.0000000  -1.0000000   0.0000000), wk =   0.1250000
        k(    6) = (  -1.0000000  -1.0000000   0.0000000), wk =   0.0000000
        k(    7) = (  -0.5000000  -0.5000000  -0.5000000), wk =   0.1250000
        k(    8) = (  -1.5000000  -0.5000000  -0.5000000), wk =   0.0000000
        k(    9) = (  -0.5000000   0.5000000   0.5000000), wk =   0.1250000
        k(   10) = (  -1.5000000   0.5000000   0.5000000), wk =   0.0000000
        k(   11) = (   0.5000000   0.5000000  -0.5000000), wk =   0.1250000
        k(   12) = (  -0.5000000   0.5000000  -0.5000000), wk =   0.0000000
        k(   13) = (  -1.0000000   0.0000000   0.0000000), wk =   0.1250000
        k(   14) = (  -2.0000000   0.0000000   0.0000000), wk =   0.0000000
        k(   15) = (   0.0000000   0.0000000   1.0000000), wk =   0.1250000
        k(   16) = (  -1.0000000   0.0000000   1.0000000), wk =   0.0000000

     Dense  grid:     3287 G-vectors     FFT dimensions: (  24,  24,  24)

     Estimated max dynamical RAM per process >       1.45 MB

     Estimated total dynamical RAM >       5.78 MB

     The potential is recalculated from file :
     /home/nicola/CODES/q-e-kcw/tempdir/kcw/q6/Si.save/charge-density

     Starting wfcs are    8 atomic wfcs

     Band Structure Calculation
     Davidson diagonalization with overlap

     ethr =  1.25E-10,  avg # of iterations = 10.1

     total cpu time spent up to now is       -1.0 secs

     End of band structure calculation

 ------ SPIN UP ------------


          k = 0.0000 0.0000 0.0000 (   411 PWs)   bands (ev):

    -5.7058   6.3432   6.3432   6.3432   8.7374   8.7374   8.7374

          k =-1.0000 0.0000 0.0000 (   412 PWs)   bands (ev):

    -1.5321  -1.5321   3.4046   3.4046   6.7657   6.7657  16.2469

          k = 0.5000-0.5000 0.5000 (   410 PWs)   bands (ev):

    -3.3376  -0.7612   5.1093   5.1093   7.6771   9.4935   9.4935

          k =-0.5000-0.5000 0.5000 (   410 PWs)   bands (ev):

    -3.3376  -0.7612   5.1093   5.1093   7.6771   9.4935   9.4935

          k = 0.0000-1.0000 0.0000 (   412 PWs)   bands (ev):

    -1.5321  -1.5321   3.4046   3.4046   6.7657   6.7657  16.2469

          k =-1.0000-1.0000 0.0000 (   412 PWs)   bands (ev):

    -1.5321  -1.5321   3.4046   3.4046   6.7657   6.7657  16.2469

          k =-0.5000-0.5000-0.5000 (   410 PWs)   bands (ev):

    -3.3376  -0.7612   5.1093   5.1093   7.6771   9.4935   9.4935

          k =-1.5000-0.5000-0.5000 (   410 PWs)   bands (ev):

    -3.3376  -0.7612   5.1093   5.1093   7.6771   9.4935   9.4935

          k =-0.5000 0.5000 0.5000 (   410 PWs)   bands (ev):

    -3.3376  -0.7612   5.1093   5.1093   7.6771   9.4935   9.4935

          k =-1.5000 0.5000 0.5000 (   410 PWs)   bands (ev):

    -3.3376  -0.7612   5.1093   5.1093   7.6771   9.4935   9.4935

          k = 0.5000 0.5000-0.5000 (   410 PWs)   bands (ev):

    -3.3376  -0.7612   5.1093   5.1093   7.6771   9.4935   9.4935

          k =-0.5000 0.5000-0.5000 (   410 PWs)   bands (ev):

    -3.3376  -0.7612   5.1093   5.1093   7.6771   9.4935   9.4935

          k =-1.0000 0.0000 0.0000 (   412 PWs)   bands (ev):

    -1.5321  -1.5321   3.4046   3.4046   6.7657   6.7657  16.2469

          k =-2.0000 0.0000 0.0000 (   411 PWs)   bands (ev):

    -5.7058   6.3432   6.3432   6.3432   8.7374   8.7374   8.7374

          k = 0.0000 0.0000 1.0000 (   412 PWs)   bands (ev):

    -1.5321  -1.5321   3.4046   3.4046   6.7657   6.7657  16.2469

          k =-1.0000 0.0000 1.0000 (   412 PWs)   bands (ev):

    -1.5321  -1.5321   3.4046   3.4046   6.7657   6.7657  16.2469

 ------ SPIN DOWN ----------


          k = 0.0000 0.0000 0.0000 (   411 PWs)   bands (ev):

    -5.7058   6.3432   6.3432   6.3432   8.7374   8.7374   8.7374

          k =-1.0000 0.0000 0.0000 (   412 PWs)   bands (ev):

    -1.5321  -1.5321   3.4046   3.4046   6.7657   6.7657  16.2469

          k = 0.5000-0.5000 0.5000 (   410 PWs)   bands (ev):

    -3.3376  -0.7612   5.1093   5.1093   7.6771   9.4935   9.4935

          k =-0.5000-0.5000 0.5000 (   410 PWs)   bands (ev):

    -3.3376  -0.7612   5.1093   5.1093   7.6771   9.4935   9.4935

          k = 0.0000-1.0000 0.0000 (   412 PWs)   bands (ev):

    -1.5321  -1.5321   3.4046   3.4046   6.7657   6.7657  16.2469

          k =-1.0000-1.0000 0.0000 (   412 PWs)   bands (ev):

    -1.5321  -1.5321   3.4046   3.4046   6.7657   6.7657  16.2469

          k =-0.5000-0.5000-0.5000 (   410 PWs)   bands (ev):

    -3.3376  -0.7612   5.1093   5.1093   7.6771   9.4935   9.4935

          k =-1.5000-0.5000-0.5000 (   410 PWs)   bands (ev):

    -3.3376  -0.7612   5.1093   5.1093   7.6771   9.4935   9.4935

          k =-0.5000 0.5000 0.5000 (   410 PWs)   bands (ev):

    -3.3376  -0.7612   5.1093   5.1093   7.6771   9.4935   9.4935

          k =-1.5000 0.5000 0.5000 (   410 PWs)   bands (ev):

    -3.3376  -0.7612   5.1093   5.1093   7.6771   9.4935   9.4935

          k = 0.5000 0.5000-0.5000 (   410 PWs)   bands (ev):

    -3.3376  -0.7612   5.1093   5.1093   7.6771   9.4935   9.4935

          k =-0.5000 0.5000-0.5000 (   410 PWs)   bands (ev):

    -3.3376  -0.7612   5.1093   5.1093   7.6771   9.4935   9.4935

          k =-1.0000 0.0000 0.0000 (   412 PWs)   bands (ev):

    -1.5321  -1.5321   3.4046   3.4046   6.7657   6.7657  16.2469

          k =-2.0000 0.0000 0.0000 (   411 PWs)   bands (ev):

    -5.7058   6.3432   6.3432   6.3432   8.7374   8.7374   8.7374

          k = 0.0000 0.0000 1.0000 (   412 PWs)   bands (ev):

    -1.5321  -1.5321   3.4046   3.4046   6.7657   6.7657  16.2469

          k =-1.0000 0.0000 1.0000 (   412 PWs)   bands (ev):

    -1.5321  -1.5321   3.4046   3.4046   6.7657   6.7657  16.2469

     highest occupied, lowest unoccupied level (ev):     6.3432    6.7657

     Writing all to output data dir /home/nicola/CODES/q-e-kcw/tempdir/kcw/q6/Si.save/ :
     XML data file, pseudopotentials, collected wavefunctions

        INFO: NSCF calculation DONE


      iter #   1 total cpu time :    25.6 secs   av.it.:  11.6
      thresh= 1.000E-06 alpha_mix =  0.700 |ddv_scf|^2 =  7.982E-07

      iter #   2 total cpu time :    25.7 secs   av.it.:  11.8
      thresh= 1.000E-06 alpha_mix =  0.700 |ddv_scf|^2 =  1.609E-06

      iter #   3 total cpu time :    25.7 secs   av.it.:  11.6
      thresh= 1.000E-06 alpha_mix =  0.700 |ddv_scf|^2 =  7.431E-09

      iter #   4 total cpu time :    25.8 secs   av.it.:  10.2
      thresh= 8.621E-07 alpha_mix =  0.700 |ddv_scf|^2 =  1.819E-11

      iter #   5 total cpu time :    25.9 secs   av.it.:  10.8
      thresh= 4.265E-08 alpha_mix =  0.700 |ddv_scf|^2 =  3.872E-12

      iter #   6 total cpu time :    26.0 secs   av.it.:  11.4
      thresh= 1.968E-08 alpha_mix =  0.700 |ddv_scf|^2 =  1.105E-12

      iter #   7 total cpu time :    26.0 secs   av.it.:  11.3
      thresh= 1.051E-08 alpha_mix =  0.700 |ddv_scf|^2 =  1.096E-13

      iter #   8 total cpu time :    26.1 secs   av.it.:  11.7
      thresh= 3.311E-09 alpha_mix =  0.700 |ddv_scf|^2 =  2.130E-14

      iter #   9 total cpu time :    26.2 secs   av.it.:  11.2
      thresh= 1.459E-09 alpha_mix =  0.700 |ddv_scf|^2 =  2.761E-14

      iter #  10 total cpu time :    26.3 secs   av.it.:  10.8
      thresh= 1.662E-09 alpha_mix =  0.700 |ddv_scf|^2 =  2.822E-16

      iter #  11 total cpu time :    26.4 secs   av.it.:  11.6
      thresh= 1.680E-10 alpha_mix =  0.700 |ddv_scf|^2 =  2.070E-16

      iter #  12 total cpu time :    26.4 secs   av.it.:  11.2
      thresh= 1.439E-10 alpha_mix =  0.700 |ddv_scf|^2 =  2.907E-17

      iter #  13 total cpu time :    26.5 secs   av.it.:  11.2
      thresh= 5.392E-11 alpha_mix =  0.700 |ddv_scf|^2 =  6.707E-18

      iter #  14 total cpu time :    26.6 secs   av.it.:  11.4
      thresh= 2.590E-11 alpha_mix =  0.700 |ddv_scf|^2 =  1.042E-18

      iter #  15 total cpu time :    26.7 secs   av.it.:  11.7
      thresh= 1.021E-11 alpha_mix =  0.700 |ddv_scf|^2 =  4.919E-19

        iq =   6   iwann =   8   rPi_q =     0.00445223    -0.00000000   uPi_q =     0.02369105    -0.00000000   SH_q =     0.01903277    -0.00000000


     ==============================================================================
     Calculation of q =    0.0000000   0.0000000   1.0000000  [Cart ]
     Calculation of q =    0.5000000   0.5000000   0.0000000  [Cryst]
     ==============================================================================

        INFO: prepare_q DONE

        INFO: rhowan_q(r) RETRIEVED


        Start LR calculation for the wannier #  1   iq =  7   spin =  1

        SYM : iq =    7   NOT DONE for WF =    1   as bz2ibz is -1

        Start LR calculation for the wannier #  2   iq =  7   spin =  1

        SYM : iq =    7   NOT DONE for WF =    2   as bz2ibz is -1

        Start LR calculation for the wannier #  3   iq =  7   spin =  1

        SYM : iq =    7   NOT DONE for WF =    3   as bz2ibz is -1

        Start LR calculation for the wannier #  4   iq =  7   spin =  1

        SYM : iq =    7   NOT DONE for WF =    4   as bz2ibz is -1

        Start LR calculation for the wannier #  5   iq =  7   spin =  1

        SYM : iq =    7   NOT DONE for WF =    5   as bz2ibz is -1

        Start LR calculation for the wannier #  6   iq =  7   spin =  1

        SYM : iq =    7   NOT DONE for WF =    6   as bz2ibz is -1

        Start LR calculation for the wannier #  7   iq =  7   spin =  1

        SYM : number of symmetry for iwann =    7 :    2   (out of    48 )
        SYM : iwann=     7 iq =     7 weight =   0.12500000

     Parallelization info
     --------------------
     sticks:   dense  smooth     PW     G-vecs:    dense   smooth      PW
     Min          73      73     30                  821      821     216
     Max          74      74     31                  823      823     218
     Sum         295     295    121                 3287     3287     869

     Using Slab Decomposition


     Title: 
     KCW Silicon screen                                                         


     bravais-lattice index     =            2
     lattice parameter (alat)  =      10.2631  a.u.
     unit-cell volume          =     270.2564 (a.u.)^3
     number of atoms/cell      =            2
     number of atomic types    =            1
     number of electrons       =         8.00 (up:   4.00, down:   4.00)
     number of Kohn-Sham states=            7
     kinetic-energy cutoff     =      20.0000  Ry
     charge density cutoff     =      80.0000  Ry
     Exchange-correlation= PW
                           (   1   4   0   0   0   0   0)

     celldm(1)=  10.263102  celldm(2)=   0.000000  celldm(3)=   0.000000
     celldm(4)=   0.000000  celldm(5)=   0.000000  celldm(6)=   0.000000

     crystal axes: (cart. coord. in units of alat)
               a(1) = (  -0.500000   0.000000   0.500000 )  
               a(2) = (   0.000000   0.500000   0.500000 )  
               a(3) = (  -0.500000   0.500000   0.000000 )  

     reciprocal axes: (cart. coord. in units 2 pi/alat)
               b(1) = ( -1.000000 -1.000000  1.000000 )  
               b(2) = (  1.000000  1.000000  1.000000 )  
               b(3) = ( -1.000000  1.000000 -1.000000 )  


     PseudoPot. # 1 for Si read from file:
     /home/nicola/CODES/q-e-kcw/pseudo/Si.upf
     MD5 check sum: 9e2d726316af3d4752eea8ab0afbb951
     Pseudo is Norm-conserving + core correction, Zval =  4.0
     Generated using ONCVPSP code by D. R. Hamann
     Using radial grid of 1510 points,  6 beta functions with: 
                l(1) =   0
                l(2) =   0
                l(3) =   1
                l(4) =   1
                l(5) =   2
                l(6) =   2

     atomic species   valence    mass     pseudopotential
     Si                4.00    28.08500     Si( 1.00)

     Starting magnetic structure 
     atomic species   magnetization
     Si              0.000

      2 Sym. Ops. (no inversion) found



   Cartesian axes

     site n.     atom                  positions (alat units)
         1        Si     tau(   1) = (   0.0000000   0.0000000   0.0000000  )
         2        Si     tau(   2) = (  -0.2500000   0.2500000   0.2500000  )

     number of k points=    12
                       cart. coord. in units 2pi/alat
        k(    1) = (   0.0000000   0.0000000   0.0000000), wk =   0.1250000
        k(    2) = (   0.0000000   0.0000000   1.0000000), wk =   0.0000000
        k(    3) = (   0.5000000  -0.5000000   0.5000000), wk =   0.1250000
        k(    4) = (   0.5000000  -0.5000000   1.5000000), wk =   0.0000000
        k(    5) = (   0.0000000  -1.0000000   0.0000000), wk =   0.2500000
        k(    6) = (   0.0000000  -1.0000000   1.0000000), wk =   0.0000000
        k(    7) = (  -0.5000000   0.5000000   0.5000000), wk =   0.1250000
        k(    8) = (  -0.5000000   0.5000000   1.5000000), wk =   0.0000000
        k(    9) = (  -0.5000000  -0.5000000  -0.5000000), wk =   0.2500000
        k(   10) = (  -0.5000000  -0.5000000   0.5000000), wk =   0.0000000
        k(   11) = (   0.0000000   0.0000000   1.0000000), wk =   0.1250000
        k(   12) = (   0.0000000   0.0000000   2.0000000), wk =   0.0000000

     Dense  grid:     3287 G-vectors     FFT dimensions: (  24,  24,  24)

     Estimated max dynamical RAM per process >       1.45 MB

     Estimated total dynamical RAM >       5.78 MB

     The potential is recalculated from file :
     /home/nicola/CODES/q-e-kcw/tempdir/kcw/q7/Si.save/charge-density

     Starting wfcs are    8 atomic wfcs

     Band Structure Calculation
     Davidson diagonalization with overlap

     ethr =  1.25E-10,  avg # of iterations = 10.0

     total cpu time spent up to now is       -1.0 secs

     End of band structure calculation

 ------ SPIN UP ------------


          k = 0.0000 0.0000 0.0000 (   411 PWs)   bands (ev):

    -5.7058   6.3432   6.3432   6.3432   8.7374   8.7374   8.7374

          k = 0.0000 0.0000 1.0000 (   412 PWs)   bands (ev):

    -1.5321  -1.5321   3.4046   3.4046   6.7657   6.7657  16.2469

          k = 0.5000-0.5000 0.5000 (   410 PWs)   bands (ev):

    -3.3376  -0.7612   5.1093   5.1093   7.6771   9.4935   9.4935

          k = 0.5000-0.5000 1.5000 (   410 PWs)   bands (ev):

    -3.3376  -0.7612   5.1093   5.1093   7.6771   9.4935   9.4935

          k = 0.0000-1.0000 0.0000 (   412 PWs)   bands (ev):

    -1.5321  -1.5321   3.4046   3.4046   6.7657   6.7657  16.2469

          k = 0.0000-1.0000 1.0000 (   412 PWs)   bands (ev):

    -1.5321  -1.5321   3.4046   3.4046   6.7657   6.7657  16.2469

          k =-0.5000 0.5000 0.5000 (   410 PWs)   bands (ev):

    -3.3376  -0.7612   5.1093   5.1093   7.6771   9.4935   9.4935

          k =-0.5000 0.5000 1.5000 (   410 PWs)   bands (ev):

    -3.3376  -0.7612   5.1093   5.1093   7.6771   9.4935   9.4935

          k =-0.5000-0.5000-0.5000 (   410 PWs)   bands (ev):

    -3.3376  -0.7612   5.1093   5.1093   7.6771   9.4935   9.4935

          k =-0.5000-0.5000 0.5000 (   410 PWs)   bands (ev):

    -3.3376  -0.7612   5.1093   5.1093   7.6771   9.4935   9.4935

          k = 0.0000 0.0000 1.0000 (   412 PWs)   bands (ev):

    -1.5321  -1.5321   3.4046   3.4046   6.7657   6.7657  16.2469

          k = 0.0000 0.0000 2.0000 (   411 PWs)   bands (ev):

    -5.7058   6.3432   6.3432   6.3432   8.7374   8.7374   8.7374

 ------ SPIN DOWN ----------


          k = 0.0000 0.0000 0.0000 (   411 PWs)   bands (ev):

    -5.7058   6.3432   6.3432   6.3432   8.7374   8.7374   8.7374

          k = 0.0000 0.0000 1.0000 (   412 PWs)   bands (ev):

    -1.5321  -1.5321   3.4046   3.4046   6.7657   6.7657  16.2469

          k = 0.5000-0.5000 0.5000 (   410 PWs)   bands (ev):

    -3.3376  -0.7612   5.1093   5.1093   7.6771   9.4935   9.4935

          k = 0.5000-0.5000 1.5000 (   410 PWs)   bands (ev):

    -3.3376  -0.7612   5.1093   5.1093   7.6771   9.4935   9.4935

          k = 0.0000-1.0000 0.0000 (   412 PWs)   bands (ev):

    -1.5321  -1.5321   3.4046   3.4046   6.7657   6.7657  16.2469

          k = 0.0000-1.0000 1.0000 (   412 PWs)   bands (ev):

    -1.5321  -1.5321   3.4046   3.4046   6.7657   6.7657  16.2469

          k =-0.5000 0.5000 0.5000 (   410 PWs)   bands (ev):

    -3.3376  -0.7612   5.1093   5.1093   7.6771   9.4935   9.4935

          k =-0.5000 0.5000 1.5000 (   410 PWs)   bands (ev):

    -3.3376  -0.7612   5.1093   5.1093   7.6771   9.4935   9.4935

          k =-0.5000-0.5000-0.5000 (   410 PWs)   bands (ev):

    -3.3376  -0.7612   5.1093   5.1093   7.6771   9.4935   9.4935

          k =-0.5000-0.5000 0.5000 (   410 PWs)   bands (ev):

    -3.3376  -0.7612   5.1093   5.1093   7.6771   9.4935   9.4935

          k = 0.0000 0.0000 1.0000 (   412 PWs)   bands (ev):

    -1.5321  -1.5321   3.4046   3.4046   6.7657   6.7657  16.2469

          k = 0.0000 0.0000 2.0000 (   411 PWs)   bands (ev):

    -5.7058   6.3432   6.3432   6.3432   8.7374   8.7374   8.7374

     highest occupied, lowest unoccupied level (ev):     6.3432    6.7657

     Writing all to output data dir /home/nicola/CODES/q-e-kcw/tempdir/kcw/q7/Si.save/ :
     XML data file, pseudopotentials, collected wavefunctions

        INFO: NSCF calculation DONE


      iter #   1 total cpu time :    26.9 secs   av.it.:  11.8
      thresh= 1.000E-06 alpha_mix =  0.700 |ddv_scf|^2 =  7.982E-07

      iter #   2 total cpu time :    27.0 secs   av.it.:  12.1
      thresh= 1.000E-06 alpha_mix =  0.700 |ddv_scf|^2 =  1.609E-06

      iter #   3 total cpu time :    27.1 secs   av.it.:  11.7
      thresh= 1.000E-06 alpha_mix =  0.700 |ddv_scf|^2 =  7.431E-09

      iter #   4 total cpu time :    27.1 secs   av.it.:  10.5
      thresh= 8.621E-07 alpha_mix =  0.700 |ddv_scf|^2 =  1.819E-11

      iter #   5 total cpu time :    27.2 secs   av.it.:  10.8
      thresh= 4.265E-08 alpha_mix =  0.700 |ddv_scf|^2 =  3.872E-12

      iter #   6 total cpu time :    27.2 secs   av.it.:  11.5
      thresh= 1.968E-08 alpha_mix =  0.700 |ddv_scf|^2 =  1.105E-12

      iter #   7 total cpu time :    27.3 secs   av.it.:  11.2
      thresh= 1.051E-08 alpha_mix =  0.700 |ddv_scf|^2 =  1.096E-13

      iter #   8 total cpu time :    27.4 secs   av.it.:  11.7
      thresh= 3.311E-09 alpha_mix =  0.700 |ddv_scf|^2 =  2.135E-14

      iter #   9 total cpu time :    27.4 secs   av.it.:  11.5
      thresh= 1.461E-09 alpha_mix =  0.700 |ddv_scf|^2 =  2.770E-14

      iter #  10 total cpu time :    27.5 secs   av.it.:  11.1
      thresh= 1.664E-09 alpha_mix =  0.700 |ddv_scf|^2 =  2.872E-16

      iter #  11 total cpu time :    27.5 secs   av.it.:  11.6
      thresh= 1.695E-10 alpha_mix =  0.700 |ddv_scf|^2 =  2.173E-16

      iter #  12 total cpu time :    27.6 secs   av.it.:  11.3
      thresh= 1.474E-10 alpha_mix =  0.700 |ddv_scf|^2 =  2.907E-17

      iter #  13 total cpu time :    27.7 secs   av.it.:  11.3
      thresh= 5.392E-11 alpha_mix =  0.700 |ddv_scf|^2 =  6.616E-18

      iter #  14 total cpu time :    27.8 secs   av.it.:  11.5
      thresh= 2.572E-11 alpha_mix =  0.700 |ddv_scf|^2 =  1.060E-18

      iter #  15 total cpu time :    27.8 secs   av.it.:  11.8
      thresh= 1.030E-11 alpha_mix =  0.700 |ddv_scf|^2 =  4.888E-19

        iq =   7   iwann =   7   rPi_q =     0.00222608     0.00000000   uPi_q =     0.01184543    -0.00000000   SH_q =     0.00951633     0.00000000

        Start LR calculation for the wannier #  8   iq =  7   spin =  1

        SYM : iq =    7   NOT DONE for WF =    8   as bz2ibz is -1


     ==============================================================================
     Calculation of q =   -0.5000000   0.5000000   0.5000000  [Cart ]
     Calculation of q =    0.5000000   0.5000000   0.5000000  [Cryst]
     ==============================================================================

        INFO: prepare_q DONE

        INFO: rhowan_q(r) RETRIEVED


        Start LR calculation for the wannier #  1   iq =  8   spin =  1

        SYM : iq =    8   NOT DONE for WF =    1   as bz2ibz is -1

        Start LR calculation for the wannier #  2   iq =  8   spin =  1

        SYM : iq =    8   NOT DONE for WF =    2   as bz2ibz is -1

        Start LR calculation for the wannier #  3   iq =  8   spin =  1

        SYM : iq =    8   NOT DONE for WF =    3   as bz2ibz is -1

        Start LR calculation for the wannier #  4   iq =  8   spin =  1

        SYM : number of symmetry for iwann =    4 :   12   (out of    48 )
        SYM : iwann=     4 iq =     8 weight =   0.12500000

     Parallelization info
     --------------------
     sticks:   dense  smooth     PW     G-vecs:    dense   smooth      PW
     Min          73      73     22                  821      821     152
     Max          74      74     23                  823      823     153
     Sum         295     295     91                 3287     3287     609

     Using Slab Decomposition


     Title: 
     KCW Silicon screen                                                         


     bravais-lattice index     =            2
     lattice parameter (alat)  =      10.2631  a.u.
     unit-cell volume          =     270.2564 (a.u.)^3
     number of atoms/cell      =            2
     number of atomic types    =            1
     number of electrons       =         8.00 (up:   4.00, down:   4.00)
     number of Kohn-Sham states=            7
     kinetic-energy cutoff     =      20.0000  Ry
     charge density cutoff     =      80.0000  Ry
     Exchange-correlation= PW
                           (   1   4   0   0   0   0   0)

     celldm(1)=  10.263102  celldm(2)=   0.000000  celldm(3)=   0.000000
     celldm(4)=   0.000000  celldm(5)=   0.000000  celldm(6)=   0.000000

     crystal axes: (cart. coord. in units of alat)
               a(1) = (  -0.500000   0.000000   0.500000 )  
               a(2) = (   0.000000   0.500000   0.500000 )  
               a(3) = (  -0.500000   0.500000   0.000000 )  

     reciprocal axes: (cart. coord. in units 2 pi/alat)
               b(1) = ( -1.000000 -1.000000  1.000000 )  
               b(2) = (  1.000000  1.000000  1.000000 )  
               b(3) = ( -1.000000  1.000000 -1.000000 )  


     PseudoPot. # 1 for Si read from file:
     /home/nicola/CODES/q-e-kcw/pseudo/Si.upf
     MD5 check sum: 9e2d726316af3d4752eea8ab0afbb951
     Pseudo is Norm-conserving + core correction, Zval =  4.0
     Generated using ONCVPSP code by D. R. Hamann
     Using radial grid of 1510 points,  6 beta functions with: 
                l(1) =   0
                l(2) =   0
                l(3) =   1
                l(4) =   1
                l(5) =   2
                l(6) =   2

     atomic species   valence    mass     pseudopotential
     Si                4.00    28.08500     Si( 1.00)

     Starting magnetic structure 
     atomic species   magnetization
     Si              0.000

     12 Sym. Ops. (no inversion) found



   Cartesian axes

     site n.     atom                  positions (alat units)
         1        Si     tau(   1) = (   0.0000000   0.0000000   0.0000000  )
         2        Si     tau(   2) = (  -0.2500000   0.2500000   0.2500000  )

     number of k points=     8
                       cart. coord. in units 2pi/alat
        k(    1) = (   0.0000000   0.0000000   0.0000000), wk =   0.1250000
        k(    2) = (  -0.5000000   0.5000000   0.5000000), wk =   0.0000000
        k(    3) = (   0.5000000  -0.5000000   0.5000000), wk =   0.3750000
        k(    4) = (   0.0000000   0.0000000   1.0000000), wk =   0.0000000
        k(    5) = (   0.0000000  -1.0000000   0.0000000), wk =   0.3750000
        k(    6) = (  -0.5000000  -0.5000000   0.5000000), wk =   0.0000000
        k(    7) = (   0.5000000  -0.5000000  -0.5000000), wk =   0.1250000
        k(    8) = (   0.0000000   0.0000000   0.0000000), wk =   0.0000000

     Dense  grid:     3287 G-vectors     FFT dimensions: (  24,  24,  24)

     Estimated max dynamical RAM per process >       1.44 MB

     Estimated total dynamical RAM >       5.76 MB

     The potential is recalculated from file :
     /home/nicola/CODES/q-e-kcw/tempdir/kcw/q8/Si.save/charge-density

     Starting wfcs are    8 atomic wfcs

     Band Structure Calculation
     Davidson diagonalization with overlap

     ethr =  1.25E-10,  avg # of iterations =  9.8

     total cpu time spent up to now is       -1.0 secs

     End of band structure calculation

 ------ SPIN UP ------------


          k = 0.0000 0.0000 0.0000 (   411 PWs)   bands (ev):

    -5.7058   6.3432   6.3432   6.3432   8.7374   8.7374   8.7374

          k =-0.5000 0.5000 0.5000 (   410 PWs)   bands (ev):

    -3.3376  -0.7612   5.1093   5.1093   7.6771   9.4935   9.4935

          k = 0.5000-0.5000 0.5000 (   410 PWs)   bands (ev):

    -3.3376  -0.7612   5.1093   5.1093   7.6771   9.4935   9.4935

          k = 0.0000 0.0000 1.0000 (   412 PWs)   bands (ev):

    -1.5321  -1.5321   3.4046   3.4046   6.7657   6.7657  16.2469

          k = 0.0000-1.0000 0.0000 (   412 PWs)   bands (ev):

    -1.5321  -1.5321   3.4046   3.4046   6.7657   6.7657  16.2469

          k =-0.5000-0.5000 0.5000 (   410 PWs)   bands (ev):

    -3.3376  -0.7612   5.1093   5.1093   7.6771   9.4935   9.4935

          k = 0.5000-0.5000-0.5000 (   410 PWs)   bands (ev):

    -3.3376  -0.7612   5.1093   5.1093   7.6771   9.4935   9.4935

          k = 0.0000 0.0000 0.0000 (   411 PWs)   bands (ev):

    -5.7058   6.3432   6.3432   6.3432   8.7374   8.7374   8.7374

 ------ SPIN DOWN ----------


          k = 0.0000 0.0000 0.0000 (   411 PWs)   bands (ev):

    -5.7058   6.3432   6.3432   6.3432   8.7374   8.7374   8.7374

          k =-0.5000 0.5000 0.5000 (   410 PWs)   bands (ev):

    -3.3376  -0.7612   5.1093   5.1093   7.6771   9.4935   9.4935

          k = 0.5000-0.5000 0.5000 (   410 PWs)   bands (ev):

    -3.3376  -0.7612   5.1093   5.1093   7.6771   9.4935   9.4935

          k = 0.0000 0.0000 1.0000 (   412 PWs)   bands (ev):

    -1.5321  -1.5321   3.4046   3.4046   6.7657   6.7657  16.2469

          k = 0.0000-1.0000 0.0000 (   412 PWs)   bands (ev):

    -1.5321  -1.5321   3.4046   3.4046   6.7657   6.7657  16.2469

          k =-0.5000-0.5000 0.5000 (   410 PWs)   bands (ev):

    -3.3376  -0.7612   5.1093   5.1093   7.6771   9.4935   9.4935

          k = 0.5000-0.5000-0.5000 (   410 PWs)   bands (ev):

    -3.3376  -0.7612   5.1093   5.1093   7.6771   9.4935   9.4935

          k = 0.0000 0.0000 0.0000 (   411 PWs)   bands (ev):

    -5.7058   6.3432   6.3432   6.3432   8.7374   8.7374   8.7374

     highest occupied, lowest unoccupied level (ev):     6.3432    6.7657

     Writing all to output data dir /home/nicola/CODES/q-e-kcw/tempdir/kcw/q8/Si.save/ :
     XML data file, pseudopotentials, collected wavefunctions

        INFO: NSCF calculation DONE


      iter #   1 total cpu time :    28.0 secs   av.it.:  11.8
      thresh= 1.000E-06 alpha_mix =  0.700 |ddv_scf|^2 =  1.579E-05

      iter #   2 total cpu time :    28.0 secs   av.it.:  12.5
      thresh= 1.000E-06 alpha_mix =  0.700 |ddv_scf|^2 =  8.514E-05

      iter #   3 total cpu time :    28.1 secs   av.it.:  12.1
      thresh= 1.000E-06 alpha_mix =  0.700 |ddv_scf|^2 =  2.211E-09

      iter #   4 total cpu time :    28.1 secs   av.it.:  10.4
      thresh= 4.702E-07 alpha_mix =  0.700 |ddv_scf|^2 =  2.058E-10

      iter #   5 total cpu time :    28.2 secs   av.it.:  10.5
      thresh= 1.434E-07 alpha_mix =  0.700 |ddv_scf|^2 =  5.232E-12

      iter #   6 total cpu time :    28.2 secs   av.it.:  11.0
      thresh= 2.287E-08 alpha_mix =  0.700 |ddv_scf|^2 =  1.100E-13

      iter #   7 total cpu time :    28.3 secs   av.it.:  11.0
      thresh= 3.317E-09 alpha_mix =  0.700 |ddv_scf|^2 =  1.123E-14

      iter #   8 total cpu time :    28.3 secs   av.it.:  10.9
      thresh= 1.060E-09 alpha_mix =  0.700 |ddv_scf|^2 =  2.238E-16

      iter #   9 total cpu time :    28.4 secs   av.it.:  10.6
      thresh= 1.496E-10 alpha_mix =  0.700 |ddv_scf|^2 =  2.202E-17

      iter #  10 total cpu time :    28.4 secs   av.it.:  11.1
      thresh= 4.692E-11 alpha_mix =  0.700 |ddv_scf|^2 =  9.126E-19

        iq =   8   iwann =   4   rPi_q =     0.00998928     0.00000000   uPi_q =     0.05952884    -0.00000000   SH_q =     0.03746804    -0.00000000

        Start LR calculation for the wannier #  5   iq =  8   spin =  1

        SYM : number of symmetry for iwann =    5 :    2   (out of    48 )
        SYM : iwann=     5 iq =     8 weight =   0.12500000

     Parallelization info
     --------------------
     sticks:   dense  smooth     PW     G-vecs:    dense   smooth      PW
     Min          73      73     27                  821      821     186
     Max          74      74     28                  823      823     189
     Sum         295     295    109                 3287     3287     749

     Using Slab Decomposition


     Title: 
     KCW Silicon screen                                                         


     bravais-lattice index     =            2
     lattice parameter (alat)  =      10.2631  a.u.
     unit-cell volume          =     270.2564 (a.u.)^3
     number of atoms/cell      =            2
     number of atomic types    =            1
     number of electrons       =         8.00 (up:   4.00, down:   4.00)
     number of Kohn-Sham states=            7
     kinetic-energy cutoff     =      20.0000  Ry
     charge density cutoff     =      80.0000  Ry
     Exchange-correlation= PW
                           (   1   4   0   0   0   0   0)

     celldm(1)=  10.263102  celldm(2)=   0.000000  celldm(3)=   0.000000
     celldm(4)=   0.000000  celldm(5)=   0.000000  celldm(6)=   0.000000

     crystal axes: (cart. coord. in units of alat)
               a(1) = (  -0.500000   0.000000   0.500000 )  
               a(2) = (   0.000000   0.500000   0.500000 )  
               a(3) = (  -0.500000   0.500000   0.000000 )  

     reciprocal axes: (cart. coord. in units 2 pi/alat)
               b(1) = ( -1.000000 -1.000000  1.000000 )  
               b(2) = (  1.000000  1.000000  1.000000 )  
               b(3) = ( -1.000000  1.000000 -1.000000 )  


     PseudoPot. # 1 for Si read from file:
     /home/nicola/CODES/q-e-kcw/pseudo/Si.upf
     MD5 check sum: 9e2d726316af3d4752eea8ab0afbb951
     Pseudo is Norm-conserving + core correction, Zval =  4.0
     Generated using ONCVPSP code by D. R. Hamann
     Using radial grid of 1510 points,  6 beta functions with: 
                l(1) =   0
                l(2) =   0
                l(3) =   1
                l(4) =   1
                l(5) =   2
                l(6) =   2

     atomic species   valence    mass     pseudopotential
     Si                4.00    28.08500     Si( 1.00)

     Starting magnetic structure 
     atomic species   magnetization
     Si              0.000

      2 Sym. Ops. (no inversion) found



   Cartesian axes

     site n.     atom                  positions (alat units)
         1        Si     tau(   1) = (   0.0000000   0.0000000   0.0000000  )
         2        Si     tau(   2) = (  -0.2500000   0.2500000   0.2500000  )

     number of k points=    12
                       cart. coord. in units 2pi/alat
        k(    1) = (   0.0000000   0.0000000   0.0000000), wk =   0.1250000
        k(    2) = (  -0.5000000   0.5000000   0.5000000), wk =   0.0000000
        k(    3) = (   0.5000000  -0.5000000   0.5000000), wk =   0.2500000
        k(    4) = (   0.0000000   0.0000000   1.0000000), wk =   0.0000000
        k(    5) = (   0.0000000  -1.0000000   0.0000000), wk =   0.2500000
        k(    6) = (  -0.5000000  -0.5000000   0.5000000), wk =   0.0000000
        k(    7) = (  -0.5000000  -0.5000000  -0.5000000), wk =   0.1250000
        k(    8) = (  -1.0000000   0.0000000   0.0000000), wk =   0.0000000
        k(    9) = (   0.5000000  -0.5000000  -0.5000000), wk =   0.1250000
        k(   10) = (   0.0000000   0.0000000   0.0000000), wk =   0.0000000
        k(   11) = (  -1.0000000   0.0000000   0.0000000), wk =   0.1250000
        k(   12) = (  -1.5000000   0.5000000   0.5000000), wk =   0.0000000

     Dense  grid:     3287 G-vectors     FFT dimensions: (  24,  24,  24)

     Estimated max dynamical RAM per process >       1.44 MB

     Estimated total dynamical RAM >       5.76 MB

     The potential is recalculated from file :
     /home/nicola/CODES/q-e-kcw/tempdir/kcw/q8/Si.save/charge-density

     Starting wfcs are    8 atomic wfcs

     Band Structure Calculation
     Davidson diagonalization with overlap

     ethr =  1.25E-10,  avg # of iterations = 10.0

     total cpu time spent up to now is       -1.0 secs

     End of band structure calculation

 ------ SPIN UP ------------


          k = 0.0000 0.0000 0.0000 (   411 PWs)   bands (ev):

    -5.7058   6.3432   6.3432   6.3432   8.7374   8.7374   8.7374

          k =-0.5000 0.5000 0.5000 (   410 PWs)   bands (ev):

    -3.3376  -0.7612   5.1093   5.1093   7.6771   9.4935   9.4935

          k = 0.5000-0.5000 0.5000 (   410 PWs)   bands (ev):

    -3.3376  -0.7612   5.1093   5.1093   7.6771   9.4935   9.4935

          k = 0.0000 0.0000 1.0000 (   412 PWs)   bands (ev):

    -1.5321  -1.5321   3.4046   3.4046   6.7657   6.7657  16.2469

          k = 0.0000-1.0000 0.0000 (   412 PWs)   bands (ev):

    -1.5321  -1.5321   3.4046   3.4046   6.7657   6.7657  16.2469

          k =-0.5000-0.5000 0.5000 (   410 PWs)   bands (ev):

    -3.3376  -0.7612   5.1093   5.1093   7.6771   9.4935   9.4935

          k =-0.5000-0.5000-0.5000 (   410 PWs)   bands (ev):

    -3.3376  -0.7612   5.1093   5.1093   7.6771   9.4935   9.4935

          k =-1.0000 0.0000 0.0000 (   412 PWs)   bands (ev):

    -1.5321  -1.5321   3.4046   3.4046   6.7657   6.7657  16.2469

          k = 0.5000-0.5000-0.5000 (   410 PWs)   bands (ev):

    -3.3376  -0.7612   5.1093   5.1093   7.6771   9.4935   9.4935

          k = 0.0000 0.0000 0.0000 (   411 PWs)   bands (ev):

    -5.7058   6.3432   6.3432   6.3432   8.7374   8.7374   8.7374

          k =-1.0000 0.0000 0.0000 (   412 PWs)   bands (ev):

    -1.5321  -1.5321   3.4046   3.4046   6.7657   6.7657  16.2469

          k =-1.5000 0.5000 0.5000 (   410 PWs)   bands (ev):

    -3.3376  -0.7612   5.1093   5.1093   7.6771   9.4935   9.4935

 ------ SPIN DOWN ----------


          k = 0.0000 0.0000 0.0000 (   411 PWs)   bands (ev):

    -5.7058   6.3432   6.3432   6.3432   8.7374   8.7374   8.7374

          k =-0.5000 0.5000 0.5000 (   410 PWs)   bands (ev):

    -3.3376  -0.7612   5.1093   5.1093   7.6771   9.4935   9.4935

          k = 0.5000-0.5000 0.5000 (   410 PWs)   bands (ev):

    -3.3376  -0.7612   5.1093   5.1093   7.6771   9.4935   9.4935

          k = 0.0000 0.0000 1.0000 (   412 PWs)   bands (ev):

    -1.5321  -1.5321   3.4046   3.4046   6.7657   6.7657  16.2469

          k = 0.0000-1.0000 0.0000 (   412 PWs)   bands (ev):

    -1.5321  -1.5321   3.4046   3.4046   6.7657   6.7657  16.2469

          k =-0.5000-0.5000 0.5000 (   410 PWs)   bands (ev):

    -3.3376  -0.7612   5.1093   5.1093   7.6771   9.4935   9.4935

          k =-0.5000-0.5000-0.5000 (   410 PWs)   bands (ev):

    -3.3376  -0.7612   5.1093   5.1093   7.6771   9.4935   9.4935

          k =-1.0000 0.0000 0.0000 (   412 PWs)   bands (ev):

    -1.5321  -1.5321   3.4046   3.4046   6.7657   6.7657  16.2469

          k = 0.5000-0.5000-0.5000 (   410 PWs)   bands (ev):

    -3.3376  -0.7612   5.1093   5.1093   7.6771   9.4935   9.4935

          k = 0.0000 0.0000 0.0000 (   411 PWs)   bands (ev):

    -5.7058   6.3432   6.3432   6.3432   8.7374   8.7374   8.7374

          k =-1.0000 0.0000 0.0000 (   412 PWs)   bands (ev):

    -1.5321  -1.5321   3.4046   3.4046   6.7657   6.7657  16.2469

          k =-1.5000 0.5000 0.5000 (   410 PWs)   bands (ev):

    -3.3376  -0.7612   5.1093   5.1093   7.6771   9.4935   9.4935

     highest occupied, lowest unoccupied level (ev):     6.3432    6.7657

     Writing all to output data dir /home/nicola/CODES/q-e-kcw/tempdir/kcw/q8/Si.save/ :
     XML data file, pseudopotentials, collected wavefunctions

        INFO: NSCF calculation DONE


      iter #   1 total cpu time :    28.7 secs   av.it.:  12.2
      thresh= 1.000E-06 alpha_mix =  0.700 |ddv_scf|^2 =  1.825E-06

      iter #   2 total cpu time :    28.7 secs   av.it.:  12.2
      thresh= 1.000E-06 alpha_mix =  0.700 |ddv_scf|^2 =  1.355E-06

      iter #   3 total cpu time :    28.8 secs   av.it.:  11.9
      thresh= 1.000E-06 alpha_mix =  0.700 |ddv_scf|^2 =  7.507E-11

      iter #   4 total cpu time :    28.9 secs   av.it.:  10.9
      thresh= 8.664E-08 alpha_mix =  0.700 |ddv_scf|^2 =  2.949E-12

      iter #   5 total cpu time :    28.9 secs   av.it.:  11.8
      thresh= 1.717E-08 alpha_mix =  0.700 |ddv_scf|^2 =  4.222E-12

      iter #   6 total cpu time :    29.0 secs   av.it.:  10.8
      thresh= 2.055E-08 alpha_mix =  0.700 |ddv_scf|^2 =  4.594E-13

      iter #   7 total cpu time :    29.0 secs   av.it.:  11.5
      thresh= 6.778E-09 alpha_mix =  0.700 |ddv_scf|^2 =  2.544E-14

      iter #   8 total cpu time :    29.1 secs   av.it.:  11.2
      thresh= 1.595E-09 alpha_mix =  0.700 |ddv_scf|^2 =  2.165E-16

      iter #   9 total cpu time :    29.2 secs   av.it.:  11.4
      thresh= 1.471E-10 alpha_mix =  0.700 |ddv_scf|^2 =  2.927E-17

      iter #  10 total cpu time :    29.2 secs   av.it.:  11.7
      thresh= 5.411E-11 alpha_mix =  0.700 |ddv_scf|^2 =  2.244E-19

        iq =   8   iwann =   5   rPi_q =     0.01015220    -0.00000000   uPi_q =     0.03112875    -0.00000000   SH_q =     0.01955108    -0.00000000

        Start LR calculation for the wannier #  6   iq =  8   spin =  1

        SYM : number of symmetry for iwann =    6 :   12   (out of    48 )
        SYM : iwann=     6 iq =     8 weight =   0.12500000

     Parallelization info
     --------------------
     sticks:   dense  smooth     PW     G-vecs:    dense   smooth      PW
     Min          73      73     22                  821      821     152
     Max          74      74     23                  823      823     153
     Sum         295     295     91                 3287     3287     609

     Using Slab Decomposition


     Title: 
     KCW Silicon screen                                                         


     bravais-lattice index     =            2
     lattice parameter (alat)  =      10.2631  a.u.
     unit-cell volume          =     270.2564 (a.u.)^3
     number of atoms/cell      =            2
     number of atomic types    =            1
     number of electrons       =         8.00 (up:   4.00, down:   4.00)
     number of Kohn-Sham states=            7
     kinetic-energy cutoff     =      20.0000  Ry
     charge density cutoff     =      80.0000  Ry
     Exchange-correlation= PW
                           (   1   4   0   0   0   0   0)

     celldm(1)=  10.263102  celldm(2)=   0.000000  celldm(3)=   0.000000
     celldm(4)=   0.000000  celldm(5)=   0.000000  celldm(6)=   0.000000

     crystal axes: (cart. coord. in units of alat)
               a(1) = (  -0.500000   0.000000   0.500000 )  
               a(2) = (   0.000000   0.500000   0.500000 )  
               a(3) = (  -0.500000   0.500000   0.000000 )  

     reciprocal axes: (cart. coord. in units 2 pi/alat)
               b(1) = ( -1.000000 -1.000000  1.000000 )  
               b(2) = (  1.000000  1.000000  1.000000 )  
               b(3) = ( -1.000000  1.000000 -1.000000 )  


     PseudoPot. # 1 for Si read from file:
     /home/nicola/CODES/q-e-kcw/pseudo/Si.upf
     MD5 check sum: 9e2d726316af3d4752eea8ab0afbb951
     Pseudo is Norm-conserving + core correction, Zval =  4.0
     Generated using ONCVPSP code by D. R. Hamann
     Using radial grid of 1510 points,  6 beta functions with: 
                l(1) =   0
                l(2) =   0
                l(3) =   1
                l(4) =   1
                l(5) =   2
                l(6) =   2

     atomic species   valence    mass     pseudopotential
     Si                4.00    28.08500     Si( 1.00)

     Starting magnetic structure 
     atomic species   magnetization
     Si              0.000

     12 Sym. Ops. (no inversion) found



   Cartesian axes

     site n.     atom                  positions (alat units)
         1        Si     tau(   1) = (   0.0000000   0.0000000   0.0000000  )
         2        Si     tau(   2) = (  -0.2500000   0.2500000   0.2500000  )

     number of k points=     8
                       cart. coord. in units 2pi/alat
        k(    1) = (   0.0000000   0.0000000   0.0000000), wk =   0.1250000
        k(    2) = (  -0.5000000   0.5000000   0.5000000), wk =   0.0000000
        k(    3) = (   0.5000000  -0.5000000   0.5000000), wk =   0.3750000
        k(    4) = (   0.0000000   0.0000000   1.0000000), wk =   0.0000000
        k(    5) = (   0.0000000  -1.0000000   0.0000000), wk =   0.3750000
        k(    6) = (  -0.5000000  -0.5000000   0.5000000), wk =   0.0000000
        k(    7) = (   0.5000000  -0.5000000  -0.5000000), wk =   0.1250000
        k(    8) = (   0.0000000   0.0000000   0.0000000), wk =   0.0000000

     Dense  grid:     3287 G-vectors     FFT dimensions: (  24,  24,  24)

     Estimated max dynamical RAM per process >       1.44 MB

     Estimated total dynamical RAM >       5.76 MB

     The potential is recalculated from file :
     /home/nicola/CODES/q-e-kcw/tempdir/kcw/q8/Si.save/charge-density

     Starting wfcs are    8 atomic wfcs

     Band Structure Calculation
     Davidson diagonalization with overlap

     ethr =  1.25E-10,  avg # of iterations =  9.8

     total cpu time spent up to now is       -1.0 secs

     End of band structure calculation

 ------ SPIN UP ------------


          k = 0.0000 0.0000 0.0000 (   411 PWs)   bands (ev):

    -5.7058   6.3432   6.3432   6.3432   8.7374   8.7374   8.7374

          k =-0.5000 0.5000 0.5000 (   410 PWs)   bands (ev):

    -3.3376  -0.7612   5.1093   5.1093   7.6771   9.4935   9.4935

          k = 0.5000-0.5000 0.5000 (   410 PWs)   bands (ev):

    -3.3376  -0.7612   5.1093   5.1093   7.6771   9.4935   9.4935

          k = 0.0000 0.0000 1.0000 (   412 PWs)   bands (ev):

    -1.5321  -1.5321   3.4046   3.4046   6.7657   6.7657  16.2469

          k = 0.0000-1.0000 0.0000 (   412 PWs)   bands (ev):

    -1.5321  -1.5321   3.4046   3.4046   6.7657   6.7657  16.2469

          k =-0.5000-0.5000 0.5000 (   410 PWs)   bands (ev):

    -3.3376  -0.7612   5.1093   5.1093   7.6771   9.4935   9.4935

          k = 0.5000-0.5000-0.5000 (   410 PWs)   bands (ev):

    -3.3376  -0.7612   5.1093   5.1093   7.6771   9.4935   9.4935

          k = 0.0000 0.0000 0.0000 (   411 PWs)   bands (ev):

    -5.7058   6.3432   6.3432   6.3432   8.7374   8.7374   8.7374

 ------ SPIN DOWN ----------


          k = 0.0000 0.0000 0.0000 (   411 PWs)   bands (ev):

    -5.7058   6.3432   6.3432   6.3432   8.7374   8.7374   8.7374

          k =-0.5000 0.5000 0.5000 (   410 PWs)   bands (ev):

    -3.3376  -0.7612   5.1093   5.1093   7.6771   9.4935   9.4935

          k = 0.5000-0.5000 0.5000 (   410 PWs)   bands (ev):

    -3.3376  -0.7612   5.1093   5.1093   7.6771   9.4935   9.4935

          k = 0.0000 0.0000 1.0000 (   412 PWs)   bands (ev):

    -1.5321  -1.5321   3.4046   3.4046   6.7657   6.7657  16.2469

          k = 0.0000-1.0000 0.0000 (   412 PWs)   bands (ev):

    -1.5321  -1.5321   3.4046   3.4046   6.7657   6.7657  16.2469

          k =-0.5000-0.5000 0.5000 (   410 PWs)   bands (ev):

    -3.3376  -0.7612   5.1093   5.1093   7.6771   9.4935   9.4935

          k = 0.5000-0.5000-0.5000 (   410 PWs)   bands (ev):

    -3.3376  -0.7612   5.1093   5.1093   7.6771   9.4935   9.4935

          k = 0.0000 0.0000 0.0000 (   411 PWs)   bands (ev):

    -5.7058   6.3432   6.3432   6.3432   8.7374   8.7374   8.7374

     highest occupied, lowest unoccupied level (ev):     6.3432    6.7657

     Writing all to output data dir /home/nicola/CODES/q-e-kcw/tempdir/kcw/q8/Si.save/ :
     XML data file, pseudopotentials, collected wavefunctions

        INFO: NSCF calculation DONE


      iter #   1 total cpu time :    29.4 secs   av.it.:  11.5
      thresh= 1.000E-06 alpha_mix =  0.700 |ddv_scf|^2 =  7.554E-07

      iter #   2 total cpu time :    29.5 secs   av.it.:  11.8
      thresh= 1.000E-06 alpha_mix =  0.700 |ddv_scf|^2 =  3.935E-06

      iter #   3 total cpu time :    29.5 secs   av.it.:  11.6
      thresh= 1.000E-06 alpha_mix =  0.700 |ddv_scf|^2 =  3.222E-09

      iter #   4 total cpu time :    29.5 secs   av.it.:  10.5
      thresh= 5.676E-07 alpha_mix =  0.700 |ddv_scf|^2 =  2.000E-11

      iter #   5 total cpu time :    29.6 secs   av.it.:  10.8
      thresh= 4.473E-08 alpha_mix =  0.700 |ddv_scf|^2 =  2.111E-12

      iter #   6 total cpu time :    29.6 secs   av.it.:  11.1
      thresh= 1.453E-08 alpha_mix =  0.700 |ddv_scf|^2 =  4.011E-14

      iter #   7 total cpu time :    29.7 secs   av.it.:  11.1
      thresh= 2.003E-09 alpha_mix =  0.700 |ddv_scf|^2 =  3.013E-15

      iter #   8 total cpu time :    29.7 secs   av.it.:  10.8
      thresh= 5.490E-10 alpha_mix =  0.700 |ddv_scf|^2 =  6.353E-17

      iter #   9 total cpu time :    29.8 secs   av.it.:  11.1
      thresh= 7.971E-11 alpha_mix =  0.700 |ddv_scf|^2 =  1.793E-17

      iter #  10 total cpu time :    29.8 secs   av.it.:  10.8
      thresh= 4.234E-11 alpha_mix =  0.700 |ddv_scf|^2 =  3.076E-18

      iter #  11 total cpu time :    29.9 secs   av.it.:  10.2
      thresh= 1.754E-11 alpha_mix =  0.700 |ddv_scf|^2 =  3.509E-20

        iq =   8   iwann =   6   rPi_q =    -0.00000704    -0.00000000   uPi_q =     0.00568014    -0.00000000   SH_q =     0.00612294    -0.00000000

        Start LR calculation for the wannier #  7   iq =  8   spin =  1

        SYM : number of symmetry for iwann =    7 :    2   (out of    48 )
        SYM : iwann=     7 iq =     8 weight =   0.12500000

     Parallelization info
     --------------------
     sticks:   dense  smooth     PW     G-vecs:    dense   smooth      PW
     Min          73      73     22                  821      821     152
     Max          74      74     23                  823      823     153
     Sum         295     295     91                 3287     3287     609

     Using Slab Decomposition


     Title: 
     KCW Silicon screen                                                         


     bravais-lattice index     =            2
     lattice parameter (alat)  =      10.2631  a.u.
     unit-cell volume          =     270.2564 (a.u.)^3
     number of atoms/cell      =            2
     number of atomic types    =            1
     number of electrons       =         8.00 (up:   4.00, down:   4.00)
     number of Kohn-Sham states=            7
     kinetic-energy cutoff     =      20.0000  Ry
     charge density cutoff     =      80.0000  Ry
     Exchange-correlation= PW
                           (   1   4   0   0   0   0   0)

     celldm(1)=  10.263102  celldm(2)=   0.000000  celldm(3)=   0.000000
     celldm(4)=   0.000000  celldm(5)=   0.000000  celldm(6)=   0.000000

     crystal axes: (cart. coord. in units of alat)
               a(1) = (  -0.500000   0.000000   0.500000 )  
               a(2) = (   0.000000   0.500000   0.500000 )  
               a(3) = (  -0.500000   0.500000   0.000000 )  

     reciprocal axes: (cart. coord. in units 2 pi/alat)
               b(1) = ( -1.000000 -1.000000  1.000000 )  
               b(2) = (  1.000000  1.000000  1.000000 )  
               b(3) = ( -1.000000  1.000000 -1.000000 )  


     PseudoPot. # 1 for Si read from file:
     /home/nicola/CODES/q-e-kcw/pseudo/Si.upf
     MD5 check sum: 9e2d726316af3d4752eea8ab0afbb951
     Pseudo is Norm-conserving + core correction, Zval =  4.0
     Generated using ONCVPSP code by D. R. Hamann
     Using radial grid of 1510 points,  6 beta functions with: 
                l(1) =   0
                l(2) =   0
                l(3) =   1
                l(4) =   1
                l(5) =   2
                l(6) =   2

     atomic species   valence    mass     pseudopotential
     Si                4.00    28.08500     Si( 1.00)

     Starting magnetic structure 
     atomic species   magnetization
     Si              0.000

      2 Sym. Ops. (no inversion) found



   Cartesian axes

     site n.     atom                  positions (alat units)
         1        Si     tau(   1) = (   0.0000000   0.0000000   0.0000000  )
         2        Si     tau(   2) = (  -0.2500000   0.2500000   0.2500000  )

     number of k points=    12
                       cart. coord. in units 2pi/alat
        k(    1) = (   0.0000000   0.0000000   0.0000000), wk =   0.1250000
        k(    2) = (  -0.5000000   0.5000000   0.5000000), wk =   0.0000000
        k(    3) = (   0.5000000  -0.5000000   0.5000000), wk =   0.1250000
        k(    4) = (   0.0000000   0.0000000   1.0000000), wk =   0.0000000
        k(    5) = (   0.0000000  -1.0000000   0.0000000), wk =   0.2500000
        k(    6) = (  -0.5000000  -0.5000000   0.5000000), wk =   0.0000000
        k(    7) = (  -0.5000000  -0.5000000  -0.5000000), wk =   0.2500000
        k(    8) = (  -1.0000000   0.0000000   0.0000000), wk =   0.0000000
        k(    9) = (   0.5000000  -0.5000000  -0.5000000), wk =   0.1250000
        k(   10) = (   0.0000000   0.0000000   0.0000000), wk =   0.0000000
        k(   11) = (   0.0000000   0.0000000  -1.0000000), wk =   0.1250000
        k(   12) = (  -0.5000000   0.5000000  -0.5000000), wk =   0.0000000

     Dense  grid:     3287 G-vectors     FFT dimensions: (  24,  24,  24)

     Estimated max dynamical RAM per process >       1.44 MB

     Estimated total dynamical RAM >       5.76 MB

     The potential is recalculated from file :
     /home/nicola/CODES/q-e-kcw/tempdir/kcw/q8/Si.save/charge-density

     Starting wfcs are    8 atomic wfcs

     Band Structure Calculation
     Davidson diagonalization with overlap

     ethr =  1.25E-10,  avg # of iterations = 10.0

     total cpu time spent up to now is       -1.0 secs

     End of band structure calculation

 ------ SPIN UP ------------


          k = 0.0000 0.0000 0.0000 (   411 PWs)   bands (ev):

    -5.7058   6.3432   6.3432   6.3432   8.7374   8.7374   8.7374

          k =-0.5000 0.5000 0.5000 (   410 PWs)   bands (ev):

    -3.3376  -0.7612   5.1093   5.1093   7.6771   9.4935   9.4935

          k = 0.5000-0.5000 0.5000 (   410 PWs)   bands (ev):

    -3.3376  -0.7612   5.1093   5.1093   7.6771   9.4935   9.4935

          k = 0.0000 0.0000 1.0000 (   412 PWs)   bands (ev):

    -1.5321  -1.5321   3.4046   3.4046   6.7657   6.7657  16.2469

          k = 0.0000-1.0000 0.0000 (   412 PWs)   bands (ev):

    -1.5321  -1.5321   3.4046   3.4046   6.7657   6.7657  16.2469

          k =-0.5000-0.5000 0.5000 (   410 PWs)   bands (ev):

    -3.3376  -0.7612   5.1093   5.1093   7.6771   9.4935   9.4935

          k =-0.5000-0.5000-0.5000 (   410 PWs)   bands (ev):

    -3.3376  -0.7612   5.1093   5.1093   7.6771   9.4935   9.4935

          k =-1.0000 0.0000 0.0000 (   412 PWs)   bands (ev):

    -1.5321  -1.5321   3.4046   3.4046   6.7657   6.7657  16.2469

          k = 0.5000-0.5000-0.5000 (   410 PWs)   bands (ev):

    -3.3376  -0.7612   5.1093   5.1093   7.6771   9.4935   9.4935

          k = 0.0000 0.0000 0.0000 (   411 PWs)   bands (ev):

    -5.7058   6.3432   6.3432   6.3432   8.7374   8.7374   8.7374

          k = 0.0000 0.0000-1.0000 (   412 PWs)   bands (ev):

    -1.5321  -1.5321   3.4046   3.4046   6.7657   6.7657  16.2469

          k =-0.5000 0.5000-0.5000 (   410 PWs)   bands (ev):

    -3.3376  -0.7612   5.1093   5.1093   7.6771   9.4935   9.4935

 ------ SPIN DOWN ----------


          k = 0.0000 0.0000 0.0000 (   411 PWs)   bands (ev):

    -5.7058   6.3432   6.3432   6.3432   8.7374   8.7374   8.7374

          k =-0.5000 0.5000 0.5000 (   410 PWs)   bands (ev):

    -3.3376  -0.7612   5.1093   5.1093   7.6771   9.4935   9.4935

          k = 0.5000-0.5000 0.5000 (   410 PWs)   bands (ev):

    -3.3376  -0.7612   5.1093   5.1093   7.6771   9.4935   9.4935

          k = 0.0000 0.0000 1.0000 (   412 PWs)   bands (ev):

    -1.5321  -1.5321   3.4046   3.4046   6.7657   6.7657  16.2469

          k = 0.0000-1.0000 0.0000 (   412 PWs)   bands (ev):

    -1.5321  -1.5321   3.4046   3.4046   6.7657   6.7657  16.2469

          k =-0.5000-0.5000 0.5000 (   410 PWs)   bands (ev):

    -3.3376  -0.7612   5.1093   5.1093   7.6771   9.4935   9.4935

          k =-0.5000-0.5000-0.5000 (   410 PWs)   bands (ev):

    -3.3376  -0.7612   5.1093   5.1093   7.6771   9.4935   9.4935

          k =-1.0000 0.0000 0.0000 (   412 PWs)   bands (ev):

    -1.5321  -1.5321   3.4046   3.4046   6.7657   6.7657  16.2469

          k = 0.5000-0.5000-0.5000 (   410 PWs)   bands (ev):

    -3.3376  -0.7612   5.1093   5.1093   7.6771   9.4935   9.4935

          k = 0.0000 0.0000 0.0000 (   411 PWs)   bands (ev):

    -5.7058   6.3432   6.3432   6.3432   8.7374   8.7374   8.7374

          k = 0.0000 0.0000-1.0000 (   412 PWs)   bands (ev):

    -1.5321  -1.5321   3.4046   3.4046   6.7657   6.7657  16.2469

          k =-0.5000 0.5000-0.5000 (   410 PWs)   bands (ev):

    -3.3376  -0.7612   5.1093   5.1093   7.6771   9.4935   9.4935

     highest occupied, lowest unoccupied level (ev):     6.3432    6.7657

     Writing all to output data dir /home/nicola/CODES/q-e-kcw/tempdir/kcw/q8/Si.save/ :
     XML data file, pseudopotentials, collected wavefunctions

        INFO: NSCF calculation DONE


      iter #   1 total cpu time :    30.1 secs   av.it.:  12.2
      thresh= 1.000E-06 alpha_mix =  0.700 |ddv_scf|^2 =  1.825E-06

      iter #   2 total cpu time :    30.2 secs   av.it.:  12.2
      thresh= 1.000E-06 alpha_mix =  0.700 |ddv_scf|^2 =  1.355E-06

      iter #   3 total cpu time :    30.3 secs   av.it.:  12.1
      thresh= 1.000E-06 alpha_mix =  0.700 |ddv_scf|^2 =  7.507E-11

      iter #   4 total cpu time :    30.3 secs   av.it.:  10.8
      thresh= 8.664E-08 alpha_mix =  0.700 |ddv_scf|^2 =  2.940E-12

      iter #   5 total cpu time :    30.4 secs   av.it.:  11.8
      thresh= 1.715E-08 alpha_mix =  0.700 |ddv_scf|^2 =  4.196E-12

      iter #   6 total cpu time :    30.4 secs   av.it.:  10.9
      thresh= 2.048E-08 alpha_mix =  0.700 |ddv_scf|^2 =  4.620E-13

      iter #   7 total cpu time :    30.5 secs   av.it.:  11.4
      thresh= 6.797E-09 alpha_mix =  0.700 |ddv_scf|^2 =  2.544E-14

      iter #   8 total cpu time :    30.5 secs   av.it.:  11.2
      thresh= 1.595E-09 alpha_mix =  0.700 |ddv_scf|^2 =  2.166E-16

      iter #   9 total cpu time :    30.6 secs   av.it.:  11.4
      thresh= 1.472E-10 alpha_mix =  0.700 |ddv_scf|^2 =  2.927E-17

      iter #  10 total cpu time :    30.7 secs   av.it.:  11.7
      thresh= 5.410E-11 alpha_mix =  0.700 |ddv_scf|^2 =  2.241E-19

        iq =   8   iwann =   7   rPi_q =     0.01015218    -0.00000000   uPi_q =     0.03112870    -0.00000000   SH_q =     0.01955105    -0.00000000

        Start LR calculation for the wannier #  8   iq =  8   spin =  1

        SYM : number of symmetry for iwann =    8 :    2   (out of    48 )
        SYM : iwann=     8 iq =     8 weight =   0.12500000

     Parallelization info
     --------------------
     sticks:   dense  smooth     PW     G-vecs:    dense   smooth      PW
     Min          73      73     22                  821      821     152
     Max          74      74     23                  823      823     153
     Sum         295     295     91                 3287     3287     609

     Using Slab Decomposition


     Title: 
     KCW Silicon screen                                                         


     bravais-lattice index     =            2
     lattice parameter (alat)  =      10.2631  a.u.
     unit-cell volume          =     270.2564 (a.u.)^3
     number of atoms/cell      =            2
     number of atomic types    =            1
     number of electrons       =         8.00 (up:   4.00, down:   4.00)
     number of Kohn-Sham states=            7
     kinetic-energy cutoff     =      20.0000  Ry
     charge density cutoff     =      80.0000  Ry
     Exchange-correlation= PW
                           (   1   4   0   0   0   0   0)

     celldm(1)=  10.263102  celldm(2)=   0.000000  celldm(3)=   0.000000
     celldm(4)=   0.000000  celldm(5)=   0.000000  celldm(6)=   0.000000

     crystal axes: (cart. coord. in units of alat)
               a(1) = (  -0.500000   0.000000   0.500000 )  
               a(2) = (   0.000000   0.500000   0.500000 )  
               a(3) = (  -0.500000   0.500000   0.000000 )  

     reciprocal axes: (cart. coord. in units 2 pi/alat)
               b(1) = ( -1.000000 -1.000000  1.000000 )  
               b(2) = (  1.000000  1.000000  1.000000 )  
               b(3) = ( -1.000000  1.000000 -1.000000 )  


     PseudoPot. # 1 for Si read from file:
     /home/nicola/CODES/q-e-kcw/pseudo/Si.upf
     MD5 check sum: 9e2d726316af3d4752eea8ab0afbb951
     Pseudo is Norm-conserving + core correction, Zval =  4.0
     Generated using ONCVPSP code by D. R. Hamann
     Using radial grid of 1510 points,  6 beta functions with: 
                l(1) =   0
                l(2) =   0
                l(3) =   1
                l(4) =   1
                l(5) =   2
                l(6) =   2

     atomic species   valence    mass     pseudopotential
     Si                4.00    28.08500     Si( 1.00)

     Starting magnetic structure 
     atomic species   magnetization
     Si              0.000

      2 Sym. Ops. (no inversion) found



   Cartesian axes

     site n.     atom                  positions (alat units)
         1        Si     tau(   1) = (   0.0000000   0.0000000   0.0000000  )
         2        Si     tau(   2) = (  -0.2500000   0.2500000   0.2500000  )

     number of k points=    12
                       cart. coord. in units 2pi/alat
        k(    1) = (   0.0000000   0.0000000   0.0000000), wk =   0.1250000
        k(    2) = (  -0.5000000   0.5000000   0.5000000), wk =   0.0000000
        k(    3) = (   0.5000000  -0.5000000   0.5000000), wk =   0.2500000
        k(    4) = (   0.0000000   0.0000000   1.0000000), wk =   0.0000000
        k(    5) = (   0.0000000  -1.0000000   0.0000000), wk =   0.1250000
        k(    6) = (  -0.5000000  -0.5000000   0.5000000), wk =   0.0000000
        k(    7) = (   0.5000000   0.5000000  -0.5000000), wk =   0.1250000
        k(    8) = (   0.0000000   1.0000000   0.0000000), wk =   0.0000000
        k(    9) = (   0.5000000  -0.5000000  -0.5000000), wk =   0.1250000
        k(   10) = (   0.0000000   0.0000000   0.0000000), wk =   0.0000000
        k(   11) = (   0.0000000   0.0000000  -1.0000000), wk =   0.2500000
        k(   12) = (  -0.5000000   0.5000000  -0.5000000), wk =   0.0000000

     Dense  grid:     3287 G-vectors     FFT dimensions: (  24,  24,  24)

     Estimated max dynamical RAM per process >       1.44 MB

     Estimated total dynamical RAM >       5.76 MB

     The potential is recalculated from file :
     /home/nicola/CODES/q-e-kcw/tempdir/kcw/q8/Si.save/charge-density

     Starting wfcs are    8 atomic wfcs

     Band Structure Calculation
     Davidson diagonalization with overlap

     ethr =  1.25E-10,  avg # of iterations = 10.0

     total cpu time spent up to now is       -1.0 secs

     End of band structure calculation

 ------ SPIN UP ------------


          k = 0.0000 0.0000 0.0000 (   411 PWs)   bands (ev):

    -5.7058   6.3432   6.3432   6.3432   8.7374   8.7374   8.7374

          k =-0.5000 0.5000 0.5000 (   410 PWs)   bands (ev):

    -3.3376  -0.7612   5.1093   5.1093   7.6771   9.4935   9.4935

          k = 0.5000-0.5000 0.5000 (   410 PWs)   bands (ev):

    -3.3376  -0.7612   5.1093   5.1093   7.6771   9.4935   9.4935

          k = 0.0000 0.0000 1.0000 (   412 PWs)   bands (ev):

    -1.5321  -1.5321   3.4046   3.4046   6.7657   6.7657  16.2469

          k = 0.0000-1.0000 0.0000 (   412 PWs)   bands (ev):

    -1.5321  -1.5321   3.4046   3.4046   6.7657   6.7657  16.2469

          k =-0.5000-0.5000 0.5000 (   410 PWs)   bands (ev):

    -3.3376  -0.7612   5.1093   5.1093   7.6771   9.4935   9.4935

          k = 0.5000 0.5000-0.5000 (   410 PWs)   bands (ev):

    -3.3376  -0.7612   5.1093   5.1093   7.6771   9.4935   9.4935

          k = 0.0000 1.0000 0.0000 (   412 PWs)   bands (ev):

    -1.5321  -1.5321   3.4046   3.4046   6.7657   6.7657  16.2469

          k = 0.5000-0.5000-0.5000 (   410 PWs)   bands (ev):

    -3.3376  -0.7612   5.1093   5.1093   7.6771   9.4935   9.4935

          k = 0.0000 0.0000 0.0000 (   411 PWs)   bands (ev):

    -5.7058   6.3432   6.3432   6.3432   8.7374   8.7374   8.7374

          k = 0.0000 0.0000-1.0000 (   412 PWs)   bands (ev):

    -1.5321  -1.5321   3.4046   3.4046   6.7657   6.7657  16.2469

          k =-0.5000 0.5000-0.5000 (   410 PWs)   bands (ev):

    -3.3376  -0.7612   5.1093   5.1093   7.6771   9.4935   9.4935

 ------ SPIN DOWN ----------


          k = 0.0000 0.0000 0.0000 (   411 PWs)   bands (ev):

    -5.7058   6.3432   6.3432   6.3432   8.7374   8.7374   8.7374

          k =-0.5000 0.5000 0.5000 (   410 PWs)   bands (ev):

    -3.3376  -0.7612   5.1093   5.1093   7.6771   9.4935   9.4935

          k = 0.5000-0.5000 0.5000 (   410 PWs)   bands (ev):

    -3.3376  -0.7612   5.1093   5.1093   7.6771   9.4935   9.4935

          k = 0.0000 0.0000 1.0000 (   412 PWs)   bands (ev):

    -1.5321  -1.5321   3.4046   3.4046   6.7657   6.7657  16.2469

          k = 0.0000-1.0000 0.0000 (   412 PWs)   bands (ev):

    -1.5321  -1.5321   3.4046   3.4046   6.7657   6.7657  16.2469

          k =-0.5000-0.5000 0.5000 (   410 PWs)   bands (ev):

    -3.3376  -0.7612   5.1093   5.1093   7.6771   9.4935   9.4935

          k = 0.5000 0.5000-0.5000 (   410 PWs)   bands (ev):

    -3.3376  -0.7612   5.1093   5.1093   7.6771   9.4935   9.4935

          k = 0.0000 1.0000 0.0000 (   412 PWs)   bands (ev):

    -1.5321  -1.5321   3.4046   3.4046   6.7657   6.7657  16.2469

          k = 0.5000-0.5000-0.5000 (   410 PWs)   bands (ev):

    -3.3376  -0.7612   5.1093   5.1093   7.6771   9.4935   9.4935

          k = 0.0000 0.0000 0.0000 (   411 PWs)   bands (ev):

    -5.7058   6.3432   6.3432   6.3432   8.7374   8.7374   8.7374

          k = 0.0000 0.0000-1.0000 (   412 PWs)   bands (ev):

    -1.5321  -1.5321   3.4046   3.4046   6.7657   6.7657  16.2469

          k =-0.5000 0.5000-0.5000 (   410 PWs)   bands (ev):

    -3.3376  -0.7612   5.1093   5.1093   7.6771   9.4935   9.4935

     highest occupied, lowest unoccupied level (ev):     6.3432    6.7657

     Writing all to output data dir /home/nicola/CODES/q-e-kcw/tempdir/kcw/q8/Si.save/ :
     XML data file, pseudopotentials, collected wavefunctions

        INFO: NSCF calculation DONE


      iter #   1 total cpu time :    30.9 secs   av.it.:  12.2
      thresh= 1.000E-06 alpha_mix =  0.700 |ddv_scf|^2 =  1.825E-06

      iter #   2 total cpu time :    31.0 secs   av.it.:  12.3
      thresh= 1.000E-06 alpha_mix =  0.700 |ddv_scf|^2 =  1.355E-06

      iter #   3 total cpu time :    31.0 secs   av.it.:  12.0
      thresh= 1.000E-06 alpha_mix =  0.700 |ddv_scf|^2 =  7.507E-11

      iter #   4 total cpu time :    31.1 secs   av.it.:  10.9
      thresh= 8.664E-08 alpha_mix =  0.700 |ddv_scf|^2 =  2.938E-12

      iter #   5 total cpu time :    31.2 secs   av.it.:  11.7
      thresh= 1.714E-08 alpha_mix =  0.700 |ddv_scf|^2 =  4.190E-12

      iter #   6 total cpu time :    31.2 secs   av.it.:  10.9
      thresh= 2.047E-08 alpha_mix =  0.700 |ddv_scf|^2 =  4.626E-13

      iter #   7 total cpu time :    31.3 secs   av.it.:  11.5
      thresh= 6.801E-09 alpha_mix =  0.700 |ddv_scf|^2 =  2.544E-14

      iter #   8 total cpu time :    31.3 secs   av.it.:  11.2
      thresh= 1.595E-09 alpha_mix =  0.700 |ddv_scf|^2 =  2.166E-16

      iter #   9 total cpu time :    31.4 secs   av.it.:  11.3
      thresh= 1.472E-10 alpha_mix =  0.700 |ddv_scf|^2 =  2.927E-17

      iter #  10 total cpu time :    31.5 secs   av.it.:  11.7
      thresh= 5.410E-11 alpha_mix =  0.700 |ddv_scf|^2 =  2.239E-19

        iq =   8   iwann =   8   rPi_q =     0.01015223    -0.00000000   uPi_q =     0.03112884    -0.00000000   SH_q =     0.01955113    -0.00000000


     INFO: LR CALCULATION ... DONE





        iwann  =     1   relaxed =      0.12823380   unrelaxed =      0.41955197   alpha =  0.30564462   self Hartree =  0.27287943

        iwann  =     2   relaxed =      0.12823377   unrelaxed =      0.41955196   alpha =  0.30564456   self Hartree =  0.27287943

        iwann  =     3   relaxed =      0.12823380   unrelaxed =      0.41955196   alpha =  0.30564462   self Hartree =  0.27287943

        iwann  =     4   relaxed =      0.12823377   unrelaxed =      0.41955197   alpha =  0.30564455   self Hartree =  0.27287943

        iwann  =     5   relaxed =      0.03083261   unrelaxed =      0.12950050   alpha =  0.23808874   self Hartree =  0.09536558

        iwann  =     6   relaxed =      0.03083301   unrelaxed =      0.12950151   alpha =  0.23808998   self Hartree =  0.09536616

        iwann  =     7   relaxed =      0.03083245   unrelaxed =      0.12950008   alpha =  0.23808826   self Hartree =  0.09536535

        iwann  =     8   relaxed =      0.03083271   unrelaxed =      0.12950083   alpha =  0.23808891   self Hartree =  0.09536577





     init_run     :      0.20s CPU      0.22s WALL (      38 calls)
     electrons    :      6.01s CPU      6.21s WALL (      38 calls)

     Called by init_run:
     wfcinit      :      0.00s CPU      0.00s WALL (      38 calls)
     wfcinit:atom :      0.01s CPU      0.01s WALL (     804 calls)
     wfcinit:wfcr :      0.52s CPU      0.54s WALL (     804 calls)
     potinit      :      0.03s CPU      0.03s WALL (      38 calls)
     hinit0       :      0.11s CPU      0.12s WALL (      38 calls)

     Called by electrons:
     c_bands      :      6.00s CPU      6.20s WALL (      38 calls)
     v_of_rho     :      0.02s CPU      0.02s WALL (      39 calls)
     v_h          :      0.00s CPU      0.00s WALL (      39 calls)
     v_xc         :      0.02s CPU      0.02s WALL (      39 calls)

     Called by c_bands:
     init_us_2    :      0.15s CPU      0.16s WALL (    5880 calls)
     cegterg      :      5.37s CPU      5.55s WALL (     804 calls)

     Called by sum_band:

     Called by *egterg:
     cdiaghg      :      0.76s CPU      0.79s WALL (    8838 calls)
     cegterg:over :      0.34s CPU      0.36s WALL (    8034 calls)
     cegterg:upda :      0.18s CPU      0.19s WALL (    8034 calls)
     cegterg:last :      0.11s CPU      0.11s WALL (    2814 calls)
     h_psi        :     21.12s CPU     22.37s WALL (   73318 calls)
     g_psi        :      0.02s CPU      0.02s WALL (    8034 calls)

     Called by h_psi:
     h_psi:calbec :      1.84s CPU      1.94s WALL (   73318 calls)
     vloc_psi     :     17.50s CPU     18.53s WALL (   73318 calls)
                                        0.00s GPU  (   73318 calls)
     add_vuspsi   :      1.59s CPU      1.69s WALL (   73318 calls)

     General routines
     calbec       :      1.78s CPU      1.89s WALL (   73318 calls)
     fft          :      0.26s CPU      0.27s WALL (    2340 calls)
     ffts         :      0.02s CPU      0.02s WALL (     406 calls)
     fftw         :     18.23s CPU     19.31s WALL (  673194 calls)
     davcio       :      0.24s CPU      0.28s WALL (   31156 calls)

     Parallel routines

     KCW          :     29.64s CPU     31.46s WALL

     INITIALIZATION: 

     init_vloc    :      0.00s CPU      0.00s WALL (      39 calls)
     init_us_1    :      0.00s CPU      0.00s WALL (      39 calls)

     solve_linter :     22.94s CPU     24.48s WALL (      38 calls)
     kcw_run_nscf :      6.45s CPU      6.70s WALL (      38 calls)

     solve_linter :     22.94s CPU     24.48s WALL (      38 calls)
     ortho        :      0.06s CPU      0.06s WALL (    5076 calls)
     cgsolve      :     18.40s CPU     19.61s WALL (    5076 calls)
     incdrhoscf   :      1.29s CPU      1.37s WALL (    5076 calls)
                                        0.00s GPU  (    5076 calls)
     dv_of_drho   :      0.16s CPU      0.17s WALL (     429 calls)
     mix_pot      :      0.23s CPU      0.26s WALL (     429 calls)
     psymdvscf    :      1.18s CPU      1.28s WALL (     429 calls)


     cgsolve      :     18.40s CPU     19.61s WALL (    5076 calls)
     ch_psi       :     17.71s CPU     18.88s WALL (   63676 calls)

     ch_psi       :     17.71s CPU     18.88s WALL (   63676 calls)
     h_psi        :     21.12s CPU     22.37s WALL (   73318 calls)
     last         :      0.73s CPU      0.77s WALL (   63676 calls)

     h_psi        :     21.12s CPU     22.37s WALL (   73318 calls)
     add_vuspsi   :      1.59s CPU      1.69s WALL (   73318 calls)

     incdrhoscf   :      1.29s CPU      1.37s WALL (    5076 calls)
                                        0.00s GPU  (    5076 calls)


      General routines
     calbec       :      1.78s CPU      1.89s WALL (   73318 calls)
     fft          :      0.26s CPU      0.27s WALL (    2340 calls)
     ffts         :      0.02s CPU      0.02s WALL (     406 calls)
     fftw         :     18.23s CPU     19.31s WALL (  673194 calls)
     davcio       :      0.24s CPU      0.28s WALL (   31156 calls)


     KCW          :     29.64s CPU     31.51s WALL


   This run was terminated on:  20:35:14  16Sep2025            

=------------------------------------------------------------------------------=
   JOB DONE.
=------------------------------------------------------------------------------=
