
     =--------------------------------------------------------------------------------=
                      :::    :::           ::::::::         :::       ::: 
                     :+:   :+:           :+:    :+:        :+:       :+:  
                    +:+  +:+            +:+               +:+       +:+   
                   +#++:++             +#+               +#+  +:+  +#+    
                  +#+  +#+            +#+               +#+ +#+#+ +#+     
                 #+#   #+#           #+#    #+#         #+#+# #+#+#       
                ###    ###           ########           ###   ###         

       Koopmans functional implementation based on DFPT; please cite this program as

        N.Colonna, R. De Gennaro, E. Linscott, and N. Marzari, JCTC 18, 5435 (2022) 

                                                                                    

       If you use the non-collinear mode (with/without spin-orbit coupling) please cite

        A. Marrazzo and N. Colonna, Phys. Rev. Research 6, 033085 (2024)  
     =--------------------------------------------------------------------------------=

     Program KCW v.7.5 starts on 16Sep2025 at 20:53:52 
        Git branch: develop
        Last git commit: 7e86c4d7f8b367fcfbff0156d653f13ca55b1b03-dirty
        Last git commit date: Tue Sep 16 17:33:36 2025 +0000
        Last git commit subject: Merge branch 'vhpsi' into 'develop'

     This program is part of the open-source Quantum ESPRESSO suite
     for quantum simulation of materials; please cite
         "P. Giannozzi et al., J. Phys.:Condens. Matter 21 395502 (2009);
         "P. Giannozzi et al., J. Phys.:Condens. Matter 29 465901 (2017);
         "P. Giannozzi et al., J. Chem. Phys. 152 154105 (2020);
          URL http://www.quantum-espresso.org", 
     in publications or presentations arising from this work. More details at
     http://www.quantum-espresso.org/quote

     Parallel version (MPI), running on     4 processors

     MPI processes distributed on     1 nodes
     R & G space division:  proc/nbgrp/npool/nimage =       4
     4369 MiB available memory on the printing compute node when the environment starts


     KCW INPUT SUMMARY 
     ============================================

      CONTROL 
       # title               =            KI H2O
       # out_dir             =/home/nicola/CODES
       # prefix              =              cri3
       # calculation         =               ham
       # kcw_iverbosity      =                 1
       # kcw_at_ks           =                 F
       # MP grid             =     2     2     2
       # spin_component      =                 2
       # homo_only           =                 F
       # read_unitary_matrix =                 T
       # check_ks            =                 T
       # l_vcut              =                 F
       # assume_isolated     =              none
       # io_sp               =                 F
       # io_real_space       =                 F
       # irr_bz              =                 F
           # use_wct         =                 F

      WANNIER 
       # seedname            =              wann
       # num_wann_occ        =                32
       # num_wann_emp        =                10
       # have_empty          =                 T
       # has_disentangle     =                 F
       # l_unique_manifold   =                 F

      HAM 
       # qp_symm             =                 F
       # kipz_corr           =                 F
       # MP grid             =     2     2     2
       # do_bands            =                 T
       # use_ws_distance     =                 T
       # write_hr            =                 T
       # l_alpha_corr        =                 F
       # on_site_only        =                 T
     ============================================

     INFO: Reading pwscf data

     Reading xml data from directory:

     /home/nicola/CODES/q-e-kcw/tempdir/cri3.save/

     IMPORTANT: XC functional enforced from input :
     Exchange-correlation= PW
                           (   1   4   0   0   0   0   0)
     Any further DFT definition will be discarded
     Please, verify this is what you really want


     Parallelization info
     --------------------
     sticks:   dense  smooth     PW     G-vecs:    dense   smooth      PW
     Min         539     539    147                15534    15534    2263
     Max         540     540    148                15535    15535    2267
     Sum        2159    2159    591                62139    62139    9063

     Using Slab Decomposition


     Check: negative core charge=   -0.000182
     Reading collected, re-writing distributed wavefunctions

     INFO: total number of primitive cell    8

     READING SCREENING PARAMETERS

     INFO: alphas read from:file_alpharef.txt                                                                                                                                                                                                                                               
     iwann =     1   alpha =      0.12200000
     iwann =     2   alpha =      0.12200000
     iwann =     3   alpha =      0.12200000
     iwann =     4   alpha =      0.12200000
     iwann =     5   alpha =      0.12200000
     iwann =     6   alpha =      0.12200000
     iwann =     7   alpha =      0.12200000
     iwann =     8   alpha =      0.12200000
     iwann =     9   alpha =      0.12200000
     iwann =    10   alpha =      0.12200000
     iwann =    11   alpha =      0.12200000
     iwann =    12   alpha =      0.12200000
     iwann =    13   alpha =      0.12200000
     iwann =    14   alpha =      0.12200000
     iwann =    15   alpha =      0.12200000
     iwann =    16   alpha =      0.12200000
     iwann =    17   alpha =      0.12200000
     iwann =    18   alpha =      0.12200000
     iwann =    19   alpha =      0.12200000
     iwann =    20   alpha =      0.12200000
     iwann =    21   alpha =      0.12200000
     iwann =    22   alpha =      0.12200000
     iwann =    23   alpha =      0.12200000
     iwann =    24   alpha =      0.12200000
     iwann =    25   alpha =      0.12200000
     iwann =    26   alpha =      0.12200000
     iwann =    27   alpha =      0.12200000
     iwann =    28   alpha =      0.12200000
     iwann =    29   alpha =      0.12200000
     iwann =    30   alpha =      0.12200000
     iwann =    31   alpha =      0.12200000
     iwann =    32   alpha =      0.12200000
     iwann =    33   alpha =      0.12200000
     iwann =    34   alpha =      0.12200000
     iwann =    35   alpha =      0.12200000
     iwann =    36   alpha =      0.12200000
     iwann =    37   alpha =      0.12200000
     iwann =    38   alpha =      0.12200000
     iwann =    39   alpha =      0.12200000
     iwann =    40   alpha =      0.12200000
     iwann =    41   alpha =      0.12200000
     iwann =    42   alpha =      0.12200000

     INFO: MLWF read from file: Reading collected, re-writing distributed wavefunctions

        KS Hamiltonian calculation at k=      0.0000      0.0000      0.0000   ...    DONE 

        WANN     -67.9306   -67.9242   -39.4097   -39.4021   -39.3605   -39.3605   -39.3497   -39.3497
        WANN      -8.4661    -7.5268    -7.3432    -7.3432    -7.2625    -7.2625     0.1919     0.2611
        WANN       1.0559     1.0559     1.2679     1.2679     1.3610     2.1678     2.5808     2.5808
        WANN       2.7153     2.8413     2.8413     3.9385     3.9385     4.4026     4.4356     4.4356
        WANN       6.5162     6.5339     6.5397     6.5397     6.8424     6.8424     7.5959     7.5959
        WANN       7.7697     7.7697
        PWSCF    -67.9307   -67.9243   -39.4098   -39.4022   -39.3606   -39.3606   -39.3498   -39.3498
        PWSCF     -8.4661    -7.5268    -7.3432    -7.3432    -7.2625    -7.2625     0.1919     0.2611
        PWSCF      1.0559     1.0559     1.2679     1.2679     1.3610     2.1678     2.5808     2.5808
        PWSCF      2.7153     2.8413     2.8413     3.9385     3.9385     4.4026     4.4356     4.4356
        PWSCF      6.5162     6.5339     6.5396     6.5396     6.8424     6.8424     7.5959     7.5959
        PWSCF      7.7697     7.7697

        KS Hamiltonian calculation at k=      0.0000     -0.6475      0.1944   ...    DONE 

        WANN     -67.9282   -67.9246   -39.4016   -39.4002   -39.3645   -39.3592   -39.3557   -39.3407
        WANN      -8.0471    -7.8363    -7.4123    -7.3893    -7.3353    -7.3315     0.1317     0.6972
        WANN       0.7341     1.3296     1.5247     1.8107     1.9021     2.1563     2.4480     2.4621
        WANN       2.6027     3.1215     3.2665     3.4420     3.4451     3.8176     3.8811     4.1999
        WANN       6.2300     6.3052     6.7927     6.7970     6.8881     7.0118     7.3818     7.6240
        WANN       7.7208     7.7270
        PWSCF    -67.9283   -67.9247   -39.4017   -39.4003   -39.3645   -39.3593   -39.3558   -39.3408
        PWSCF     -8.0471    -7.8363    -7.4123    -7.3893    -7.3353    -7.3315     0.1317     0.6972
        PWSCF      0.7341     1.3296     1.5247     1.8107     1.9021     2.1563     2.4480     2.4621
        PWSCF      2.6027     3.1215     3.2665     3.4420     3.4451     3.8176     3.8811     4.1999
        PWSCF      6.2300     6.3052     6.7927     6.7970     6.8881     7.0118     7.3817     7.6240
        PWSCF      7.7207     7.7270

        KS Hamiltonian calculation at k=     -0.5607      0.3237      0.1944   ...    DONE 

        WANN     -67.9282   -67.9246   -39.4016   -39.4002   -39.3645   -39.3592   -39.3557   -39.3407
        WANN      -8.0471    -7.8363    -7.4123    -7.3893    -7.3353    -7.3315     0.1317     0.6972
        WANN       0.7341     1.3296     1.5247     1.8107     1.9021     2.1563     2.4480     2.4621
        WANN       2.6027     3.1215     3.2665     3.4420     3.4451     3.8176     3.8811     4.1999
        WANN       6.2300     6.3052     6.7927     6.7970     6.8881     7.0118     7.3818     7.6240
        WANN       7.7208     7.7270
        PWSCF    -67.9283   -67.9247   -39.4017   -39.4003   -39.3645   -39.3593   -39.3558   -39.3408
        PWSCF     -8.0471    -7.8363    -7.4123    -7.3893    -7.3353    -7.3315     0.1317     0.6972
        PWSCF      0.7341     1.3296     1.5247     1.8107     1.9021     2.1563     2.4480     2.4621
        PWSCF      2.6027     3.1215     3.2665     3.4420     3.4451     3.8176     3.8811     4.1999
        PWSCF      6.2300     6.3052     6.7927     6.7970     6.8881     7.0118     7.3817     7.6240
        PWSCF      7.7207     7.7270

        KS Hamiltonian calculation at k=     -0.5607     -0.3237      0.3888   ...    DONE 

        WANN     -67.9332   -67.9308   -39.4113   -39.4026   -39.3725   -39.3669   -39.3654   -39.3440
        WANN      -7.9738    -7.7726    -7.4922    -7.4842    -7.4121    -7.2513     0.2455     0.8219
        WANN       1.1570     1.2872     1.3235     1.7410     2.0957     2.3283     2.4211     2.4420
        WANN       2.6930     2.7076     3.1256     3.1900     3.3248     3.7000     3.7551     4.1696
        WANN       6.3224     6.3461     6.6832     6.6876     6.8960     7.0144     7.3247     7.5130
        WANN       7.6065     7.7115
        PWSCF    -67.9333   -67.9309   -39.4113   -39.4027   -39.3726   -39.3670   -39.3655   -39.3441
        PWSCF     -7.9739    -7.7726    -7.4922    -7.4842    -7.4121    -7.2513     0.2455     0.8219
        PWSCF      1.1570     1.2871     1.3235     1.7410     2.0957     2.3283     2.4211     2.4420
        PWSCF      2.6930     2.7076     3.1256     3.1900     3.3248     3.7000     3.7551     4.1696
        PWSCF      6.3224     6.3461     6.6831     6.6876     6.8959     7.0143     7.3246     7.5129
        PWSCF      7.6064     7.7114

        KS Hamiltonian calculation at k=      0.5607      0.3237      0.1944   ...    DONE 

        WANN     -67.9282   -67.9246   -39.4016   -39.4002   -39.3645   -39.3592   -39.3557   -39.3407
        WANN      -8.0471    -7.8363    -7.4123    -7.3893    -7.3353    -7.3315     0.1317     0.6972
        WANN       0.7341     1.3296     1.5247     1.8107     1.9021     2.1563     2.4480     2.4621
        WANN       2.6027     3.1215     3.2665     3.4420     3.4451     3.8176     3.8811     4.1999
        WANN       6.2300     6.3052     6.7927     6.7970     6.8881     7.0118     7.3818     7.6240
        WANN       7.7208     7.7270
        PWSCF    -67.9283   -67.9247   -39.4017   -39.4003   -39.3645   -39.3593   -39.3558   -39.3408
        PWSCF     -8.0471    -7.8363    -7.4123    -7.3893    -7.3353    -7.3315     0.1317     0.6972
        PWSCF      0.7341     1.3296     1.5247     1.8107     1.9021     2.1563     2.4480     2.4621
        PWSCF      2.6027     3.1215     3.2665     3.4420     3.4451     3.8176     3.8811     4.1999
        PWSCF      6.2300     6.3052     6.7927     6.7970     6.8881     7.0118     7.3817     7.6240
        PWSCF      7.7207     7.7270

        KS Hamiltonian calculation at k=      0.5607     -0.3237      0.3888   ...    DONE 

        WANN     -67.9332   -67.9308   -39.4113   -39.4026   -39.3725   -39.3669   -39.3654   -39.3440
        WANN      -7.9738    -7.7726    -7.4922    -7.4842    -7.4121    -7.2513     0.2455     0.8219
        WANN       1.1570     1.2872     1.3235     1.7410     2.0957     2.3283     2.4211     2.4420
        WANN       2.6930     2.7076     3.1256     3.1900     3.3248     3.7000     3.7551     4.1696
        WANN       6.3224     6.3461     6.6832     6.6876     6.8960     7.0144     7.3247     7.5130
        WANN       7.6065     7.7115
        PWSCF    -67.9333   -67.9309   -39.4113   -39.4027   -39.3726   -39.3670   -39.3655   -39.3441
        PWSCF     -7.9739    -7.7726    -7.4922    -7.4842    -7.4121    -7.2513     0.2455     0.8219
        PWSCF      1.1570     1.2871     1.3235     1.7410     2.0957     2.3283     2.4211     2.4420
        PWSCF      2.6930     2.7076     3.1256     3.1900     3.3248     3.7000     3.7551     4.1696
        PWSCF      6.3224     6.3461     6.6831     6.6876     6.8959     7.0143     7.3246     7.5129
        PWSCF      7.6064     7.7114

        KS Hamiltonian calculation at k=      0.0000      0.6475      0.3888   ...    DONE 

        WANN     -67.9332   -67.9308   -39.4113   -39.4026   -39.3725   -39.3669   -39.3654   -39.3440
        WANN      -7.9738    -7.7726    -7.4922    -7.4842    -7.4121    -7.2513     0.2455     0.8219
        WANN       1.1570     1.2872     1.3235     1.7410     2.0957     2.3283     2.4211     2.4420
        WANN       2.6930     2.7076     3.1256     3.1900     3.3248     3.7000     3.7551     4.1696
        WANN       6.3224     6.3461     6.6832     6.6876     6.8960     7.0144     7.3247     7.5130
        WANN       7.6065     7.7115
        PWSCF    -67.9333   -67.9309   -39.4113   -39.4027   -39.3726   -39.3670   -39.3655   -39.3441
        PWSCF     -7.9739    -7.7726    -7.4922    -7.4842    -7.4121    -7.2513     0.2455     0.8219
        PWSCF      1.1570     1.2871     1.3235     1.7410     2.0957     2.3283     2.4211     2.4420
        PWSCF      2.6930     2.7076     3.1256     3.1900     3.3248     3.7000     3.7551     4.1696
        PWSCF      6.3224     6.3461     6.6831     6.6876     6.8959     7.0143     7.3246     7.5129
        PWSCF      7.6064     7.7114

        KS Hamiltonian calculation at k=      0.0000      0.0000      0.5832   ...    DONE 

        WANN     -67.9296   -67.9262   -39.4098   -39.3772   -39.3646   -39.3646   -39.3576   -39.3576
        WANN      -8.2756    -7.7907    -7.3610    -7.3610    -7.2472    -7.2472     0.1504     1.1714
        WANN       1.2738     1.2738     1.3701     1.3701     1.5365     2.1557     2.4052     2.4052
        WANN       2.4495     2.7489     2.7489     3.0632     3.7421     3.7421     4.3060     4.3060
        WANN       6.4375     6.5377     6.5377     6.7251     6.9082     6.9082     7.4170     7.4170
        WANN       7.7813     7.7813
        PWSCF    -67.9296   -67.9263   -39.4099   -39.3772   -39.3647   -39.3647   -39.3576   -39.3576
        PWSCF     -8.2756    -7.7907    -7.3610    -7.3610    -7.2472    -7.2472     0.1504     1.1714
        PWSCF      1.2738     1.2738     1.3701     1.3701     1.5365     2.1557     2.4052     2.4052
        PWSCF      2.4495     2.7489     2.7489     3.0632     3.7421     3.7421     4.3060     4.3060
        PWSCF      6.4374     6.5377     6.5377     6.7250     6.9081     6.9081     7.4169     7.4169
        PWSCF      7.7812     7.7812

     INFO: Coulomb q+G=0 treatment:
     INFO: Divergence            none    
     INFO: q-grid dimension         2   2   2
     INFO: cell volume              1819.528131144983
     INFO: Gamma Extrapolation       F
     INFO: extrapolation q->0 term not estimated
     INFO: Bare Coulomb q+G=0            0.00000E+00

     INFO: READING Wannier-orbital Densities ...

        ==============================================================================
        iq =     1
        The  Wannier density at  q =    0.0000000   0.0000000   0.0000000  [Cart ]
        The  Wannier density at  q =    0.0000000   0.0000000   0.0000000  [Cryst]
        ==============================================================================


        ==============================================================================
        iq =     2
        The  Wannier density at  q =    0.0000000  -0.6474914   0.1944075  [Cart ]
        The  Wannier density at  q =   -0.0000000  -0.0000000   0.5000000  [Cryst]
        ==============================================================================


        ==============================================================================
        iq =     3
        The  Wannier density at  q =   -0.5607440   0.3237457   0.1944075  [Cart ]
        The  Wannier density at  q =    0.0000000   0.5000000  -0.0000000  [Cryst]
        ==============================================================================


        ==============================================================================
        iq =     4
        The  Wannier density at  q =   -0.5607440  -0.3237457   0.3888149  [Cart ]
        The  Wannier density at  q =   -0.0000000   0.5000000   0.5000000  [Cryst]
        ==============================================================================


        ==============================================================================
        iq =     5
        The  Wannier density at  q =    0.5607440   0.3237457   0.1944075  [Cart ]
        The  Wannier density at  q =    0.5000000   0.0000000  -0.0000000  [Cryst]
        ==============================================================================


        ==============================================================================
        iq =     6
        The  Wannier density at  q =    0.5607440  -0.3237457   0.3888149  [Cart ]
        The  Wannier density at  q =    0.5000000  -0.0000000   0.5000000  [Cryst]
        ==============================================================================


        ==============================================================================
        iq =     7
        The  Wannier density at  q =    0.0000000   0.6474914   0.3888149  [Cart ]
        The  Wannier density at  q =    0.5000000   0.5000000  -0.0000000  [Cryst]
        ==============================================================================


        ==============================================================================
        iq =     8
        The  Wannier density at  q =    0.0000000   0.0000000   0.5832224  [Cart ]
        The  Wannier density at  q =    0.5000000   0.5000000   0.5000000  [Cryst]
        ==============================================================================

     INFO: total number of wannier to compute   42 from     1 to    42
     INFO: PREPARING THE KCW CALCULATION ... DONE



     INFO: Skipping off-diag: only R=0 and i=j

     INFO: KC SCALAR TERM CALCULATION ... START

     INFO: KC SCALAR TERM CALCULATION ... END

          k = 0.0000 0.0000 0.0000     band energies (ev):

          KS     -67.9306   -67.9242   -39.4097   -39.4021   -39.3605   -39.3605   -39.3497   -39.3497
          KS      -8.4661    -7.5268    -7.3432    -7.3432    -7.2625    -7.2625     0.1919     0.2611
          KS       1.0559     1.0559     1.2679     1.2679     1.3610     2.1678     2.5808     2.5808
          KS       2.7153     2.8413     2.8413     3.9385     3.9385     4.4026     4.4356     4.4356
          KS       6.5162     6.5339     6.5397     6.5397     6.8424     6.8424     7.5959     7.5959
          KS       7.7697     7.7697
          KI     -69.3225   -69.3161   -40.7408   -40.7332   -40.6920   -40.6920   -40.6812   -40.6812
          KI      -8.9654    -8.0261    -7.8425    -7.8425    -7.7617    -7.7617    -0.1745    -0.1060
          KI       0.6890     0.6890     0.9029     0.9029     0.9934     1.8048     2.2135     2.2135
          KI       2.3504     2.4752     2.4752     3.5759     3.5759     4.0378     4.0697     4.0698
          KI       7.0394     7.0571     7.0629     7.0629     7.3656     7.3656     8.0122     8.0122
          KI       8.1860     8.1860

          k = 0.0000-0.6475 0.1944     band energies (ev):

          KS     -67.9282   -67.9246   -39.4016   -39.4002   -39.3645   -39.3592   -39.3557   -39.3407
          KS      -8.0471    -7.8363    -7.4123    -7.3893    -7.3353    -7.3315     0.1317     0.6972
          KS       0.7341     1.3296     1.5247     1.8107     1.9021     2.1563     2.4480     2.4621
          KS       2.6027     3.1215     3.2665     3.4420     3.4451     3.8176     3.8811     4.1999
          KS       6.2300     6.3052     6.7927     6.7970     6.8881     7.0118     7.3818     7.6240
          KS       7.7208     7.7270
          KI     -69.3201   -69.3165   -40.7327   -40.7313   -40.6959   -40.6906   -40.6871   -40.6722
          KI      -8.5463    -8.3355    -7.9115    -7.8886    -7.8346    -7.8308    -0.2352     0.3311
          KI       0.3672     0.9650     1.1575     1.4437     1.5367     1.7915     2.0810     2.0950
          KI       2.2359     2.7560     2.9017     3.0778     3.0800     3.4525     3.5179     3.8368
          KI       6.7532     6.8284     7.3159     7.3202     7.4113     7.5350     7.7981     8.0403
          KI       8.1371     8.1433

          k =-0.5607 0.3237 0.1944     band energies (ev):

          KS     -67.9282   -67.9246   -39.4016   -39.4002   -39.3645   -39.3592   -39.3557   -39.3407
          KS      -8.0471    -7.8363    -7.4123    -7.3893    -7.3353    -7.3315     0.1317     0.6972
          KS       0.7341     1.3296     1.5247     1.8107     1.9021     2.1563     2.4480     2.4621
          KS       2.6027     3.1215     3.2665     3.4420     3.4451     3.8176     3.8811     4.1999
          KS       6.2300     6.3052     6.7927     6.7970     6.8881     7.0118     7.3818     7.6240
          KS       7.7208     7.7270
          KI     -69.3201   -69.3165   -40.7327   -40.7313   -40.6959   -40.6906   -40.6871   -40.6722
          KI      -8.5463    -8.3355    -7.9115    -7.8886    -7.8346    -7.8308    -0.2352     0.3311
          KI       0.3672     0.9650     1.1575     1.4437     1.5367     1.7915     2.0810     2.0950
          KI       2.2359     2.7560     2.9017     3.0778     3.0800     3.4525     3.5179     3.8368
          KI       6.7532     6.8284     7.3159     7.3202     7.4113     7.5350     7.7981     8.0403
          KI       8.1370     8.1433

          k =-0.5607-0.3237 0.3888     band energies (ev):

          KS     -67.9332   -67.9308   -39.4113   -39.4026   -39.3725   -39.3669   -39.3654   -39.3440
          KS      -7.9738    -7.7726    -7.4922    -7.4842    -7.4121    -7.2513     0.2455     0.8219
          KS       1.1570     1.2872     1.3235     1.7410     2.0957     2.3283     2.4211     2.4420
          KS       2.6930     2.7076     3.1256     3.1900     3.3248     3.7000     3.7551     4.1696
          KS       6.3224     6.3461     6.6832     6.6876     6.8960     7.0144     7.3247     7.5130
          KS       7.6065     7.7115
          KI     -69.3251   -69.3227   -40.7423   -40.7337   -40.7039   -40.6983   -40.6969   -40.6755
          KI      -8.4731    -8.2718    -7.9915    -7.9835    -7.9113    -7.7506    -0.1213     0.4548
          KI       0.7906     0.9205     0.9571     1.3766     1.7299     1.9630     2.0536     2.0761
          KI       2.3270     2.3398     2.7614     2.8244     2.9608     3.3359     3.3922     3.8056
          KI       6.8456     6.8693     7.2064     7.2108     7.4192     7.5376     7.7410     7.9293
          KI       8.0227     8.1278

          k = 0.5607 0.3237 0.1944     band energies (ev):

          KS     -67.9282   -67.9246   -39.4016   -39.4002   -39.3645   -39.3592   -39.3557   -39.3407
          KS      -8.0471    -7.8363    -7.4123    -7.3893    -7.3353    -7.3315     0.1317     0.6972
          KS       0.7341     1.3296     1.5247     1.8107     1.9021     2.1563     2.4480     2.4621
          KS       2.6027     3.1215     3.2665     3.4420     3.4451     3.8176     3.8811     4.1999
          KS       6.2300     6.3052     6.7927     6.7970     6.8881     7.0118     7.3818     7.6240
          KS       7.7208     7.7270
          KI     -69.3201   -69.3165   -40.7327   -40.7313   -40.6959   -40.6906   -40.6871   -40.6722
          KI      -8.5463    -8.3355    -7.9115    -7.8886    -7.8346    -7.8308    -0.2352     0.3311
          KI       0.3672     0.9650     1.1575     1.4437     1.5367     1.7915     2.0810     2.0950
          KI       2.2359     2.7560     2.9017     3.0778     3.0800     3.4525     3.5179     3.8368
          KI       6.7532     6.8284     7.3159     7.3202     7.4113     7.5350     7.7980     8.0403
          KI       8.1371     8.1433

          k = 0.5607-0.3237 0.3888     band energies (ev):

          KS     -67.9332   -67.9308   -39.4113   -39.4026   -39.3725   -39.3669   -39.3654   -39.3440
          KS      -7.9738    -7.7726    -7.4922    -7.4842    -7.4121    -7.2513     0.2455     0.8219
          KS       1.1570     1.2872     1.3235     1.7410     2.0957     2.3283     2.4211     2.4420
          KS       2.6930     2.7076     3.1256     3.1900     3.3248     3.7000     3.7551     4.1696
          KS       6.3224     6.3461     6.6832     6.6876     6.8960     7.0144     7.3247     7.5130
          KS       7.6065     7.7115
          KI     -69.3251   -69.3227   -40.7423   -40.7337   -40.7039   -40.6983   -40.6969   -40.6755
          KI      -8.4731    -8.2718    -7.9915    -7.9835    -7.9113    -7.7506    -0.1213     0.4548
          KI       0.7906     0.9205     0.9571     1.3766     1.7299     1.9630     2.0536     2.0761
          KI       2.3270     2.3398     2.7614     2.8244     2.9608     3.3359     3.3922     3.8056
          KI       6.8456     6.8693     7.2064     7.2108     7.4192     7.5376     7.7410     7.9293
          KI       8.0227     8.1278

          k = 0.0000 0.6475 0.3888     band energies (ev):

          KS     -67.9332   -67.9308   -39.4113   -39.4026   -39.3725   -39.3669   -39.3654   -39.3440
          KS      -7.9738    -7.7726    -7.4922    -7.4842    -7.4121    -7.2513     0.2455     0.8219
          KS       1.1570     1.2872     1.3235     1.7410     2.0957     2.3283     2.4211     2.4420
          KS       2.6930     2.7076     3.1256     3.1900     3.3248     3.7000     3.7551     4.1696
          KS       6.3224     6.3461     6.6832     6.6876     6.8960     7.0144     7.3247     7.5130
          KS       7.6065     7.7115
          KI     -69.3251   -69.3227   -40.7423   -40.7337   -40.7039   -40.6983   -40.6969   -40.6755
          KI      -8.4731    -8.2718    -7.9915    -7.9835    -7.9113    -7.7506    -0.1213     0.4548
          KI       0.7906     0.9205     0.9571     1.3766     1.7299     1.9630     2.0536     2.0761
          KI       2.3270     2.3398     2.7614     2.8244     2.9608     3.3359     3.3922     3.8056
          KI       6.8456     6.8693     7.2064     7.2108     7.4192     7.5376     7.7410     7.9293
          KI       8.0227     8.1278

          k = 0.0000 0.0000 0.5832     band energies (ev):

          KS     -67.9296   -67.9262   -39.4098   -39.3772   -39.3646   -39.3646   -39.3576   -39.3576
          KS      -8.2756    -7.7907    -7.3610    -7.3610    -7.2472    -7.2472     0.1504     1.1714
          KS       1.2738     1.2738     1.3701     1.3701     1.5365     2.1557     2.4052     2.4052
          KS       2.4495     2.7489     2.7489     3.0632     3.7421     3.7421     4.3060     4.3060
          KS       6.4375     6.5377     6.5377     6.7251     6.9082     6.9082     7.4170     7.4170
          KS       7.7813     7.7813
          KI     -69.3215   -69.3181   -40.7409   -40.7082   -40.6960   -40.6960   -40.6890   -40.6890
          KI      -8.7749    -8.2900    -7.8602    -7.8602    -7.7465    -7.7465    -0.2170     0.8040
          KI       0.9063     0.9063     1.0052     1.0052     1.1707     1.7921     2.0388     2.0388
          KI       2.0825     2.3826     2.3826     2.7008     3.3792     3.3792     3.9403     3.9403
          KI       6.9606     7.0609     7.0609     7.2483     7.4313     7.4313     7.8333     7.8333
          KI       8.1976     8.1976

        KS       highest occupied, lowest unoccupied level (ev):     4.4356    6.2300
        KI[2nd]  highest occupied, lowest unoccupied level (ev):     4.0698    6.7532

     ====================================
     STARTING BAND STRUCTURE INTERPOLATION
     ====================================

        KC interpolated eigenvalues at k=      0.0000      0.0000      0.0000

         -69.3225   -69.3161   -40.7408   -40.7332   -40.6920   -40.6920   -40.6812   -40.6812
          -8.9654    -8.0261    -7.8425    -7.8425    -7.7617    -7.7617    -0.1745    -0.1060
           0.6890     0.6890     0.9029     0.9029     0.9934     1.8048     2.2135     2.2135
           2.3504     2.4752     2.4752     3.5759     3.5759     4.0378     4.0697     4.0698
           7.0394     7.0571     7.0629     7.0629     7.3656     7.3656     8.0122     8.0122
           8.1860     8.1860

        KC interpolated eigenvalues at k=      0.0167      0.0167      0.0167

         -69.3225   -69.3161   -40.7408   -40.7331   -40.6920   -40.6920   -40.6812   -40.6812
          -8.9650    -8.0266    -7.8425    -7.8425    -7.7617    -7.7617    -0.1730    -0.1064
           0.6886     0.6886     0.9045     0.9045     0.9943     1.8040     2.2122     2.2122
           2.3513     2.4751     2.4751     3.5756     3.5756     4.0343     4.0695     4.0695
           7.0396     7.0570     7.0624     7.0633     7.3654     7.3663     8.0113     8.0113
           8.1865     8.1865

        KC interpolated eigenvalues at k=      0.0333      0.0333      0.0333

         -69.3225   -69.3161   -40.7408   -40.7329   -40.6919   -40.6919   -40.6813   -40.6813
          -8.9639    -8.0284    -7.8427    -7.8427    -7.7615    -7.7615    -0.1684    -0.1078
           0.6875     0.6875     0.9090     0.9090     0.9968     1.8015     2.2083     2.2083
           2.3540     2.4750     2.4750     3.5747     3.5747     4.0238     4.0687     4.0687
           7.0402     7.0569     7.0620     7.0636     7.3658     7.3675     8.0086     8.0086
           8.1878     8.1878

        KC interpolated eigenvalues at k=      0.0500      0.0500      0.0500

         -69.3225   -69.3161   -40.7408   -40.7325   -40.6919   -40.6919   -40.6815   -40.6815
          -8.9620    -8.0312    -7.8430    -7.8430    -7.7613    -7.7613    -0.1609    -0.1100
           0.6859     0.6859     0.9164     0.9164     1.0008     1.7974     2.2020     2.2020
           2.3584     2.4747     2.4747     3.5731     3.5731     4.0064     4.0675     4.0675
           7.0408     7.0570     7.0616     7.0640     7.3667     7.3692     8.0042     8.0042
           8.1899     8.1899

        KC interpolated eigenvalues at k=      0.0667      0.0667      0.0667

         -69.3225   -69.3162   -40.7408   -40.7321   -40.6919   -40.6918   -40.6818   -40.6818
          -8.9594    -8.0352    -7.8434    -7.8434    -7.7609    -7.7609    -0.1505    -0.1129
           0.6840     0.6840     0.9263     0.9263     1.0064     1.7919     2.1932     2.1932
           2.3643     2.4744     2.4744     3.5709     3.5709     3.9821     4.0657     4.0657
           7.0408     7.0573     7.0617     7.0645     7.3681     7.3714     7.9984     7.9984
           8.1926     8.1926

        KC interpolated eigenvalues at k=      0.0833      0.0833      0.0833

         -69.3225   -69.3162   -40.7408   -40.7315   -40.6918   -40.6918   -40.6821   -40.6821
          -8.9561    -8.0402    -7.8439    -7.8439    -7.7605    -7.7605    -0.1379    -0.1156
           0.6821     0.6821     0.9384     0.9384     1.0133     1.7852     2.1822     2.1822
           2.3716     2.4739     2.4739     3.5679     3.5679     3.9511     4.0634     4.0634
           7.0400     7.0573     7.0621     7.0662     7.3699     7.3740     7.9914     7.9914
           8.1956     8.1956

        KC interpolated eigenvalues at k=      0.1000      0.1000      0.1000

         -69.3225   -69.3163   -40.7408   -40.7308   -40.6917   -40.6917   -40.6825   -40.6825
          -8.9521    -8.0463    -7.8445    -7.8445    -7.7600    -7.7600    -0.1284    -0.1129
           0.6805     0.6805     0.9522     0.9522     1.0214     1.7774     2.1691     2.1691
           2.3801     2.4735     2.4735     3.5643     3.5643     3.9137     4.0606     4.0606
           7.0383     7.0568     7.0624     7.0698     7.3721     7.3770     7.9834     7.9835
           8.1988     8.1988

        KC interpolated eigenvalues at k=      0.1167      0.1167      0.1167

         -69.3224   -69.3163   -40.7408   -40.7299   -40.6916   -40.6916   -40.6830   -40.6830
          -8.9474    -8.0535    -7.8451    -7.8451    -7.7594    -7.7594    -0.1300    -0.0964
           0.6793     0.6793     0.9675     0.9675     1.0304     1.7689     2.1542     2.1542
           2.3895     2.4730     2.4730     3.5599     3.5599     3.8700     4.0573     4.0573
           7.0358     7.0560     7.0622     7.0753     7.3747     7.3802     7.9747     7.9748
           8.2019     8.2020

        KC interpolated eigenvalues at k=      0.1333      0.1333      0.1333

         -69.3224   -69.3164   -40.7408   -40.7290   -40.6916   -40.6915   -40.6835   -40.6835
          -8.9420    -8.0616    -7.8459    -7.8459    -7.7587    -7.7587    -0.1349    -0.0740
           0.6788     0.6788     0.9839     0.9839     1.0402     1.7599     2.1378     2.1378
           2.3997     2.4724     2.4724     3.5547     3.5547     3.8203     4.0535     4.0535
           7.0328     7.0551     7.0619     7.0820     7.3776     7.3837     7.9655     7.9656
           8.2050     8.2050

        KC interpolated eigenvalues at k=      0.1500      0.1500      0.1500

         -69.3224   -69.3164   -40.7408   -40.7280   -40.6915   -40.6915   -40.6841   -40.6841
          -8.9360    -8.0706    -7.8467    -7.8467    -7.7580    -7.7580    -0.1406    -0.0480
           0.6790     0.6791     1.0010     1.0010     1.0506     1.7507     2.1202     2.1202
           2.4104     2.4717     2.4717     3.5488     3.5488     3.7650     4.0492     4.0492
           7.0294     7.0542     7.0615     7.0897     7.3807     7.3874     7.9559     7.9560
           8.2077     8.2078

        KC interpolated eigenvalues at k=      0.1667      0.1667      0.1667

         -69.3224   -69.3165   -40.7408   -40.7269   -40.6914   -40.6913   -40.6848   -40.6847
          -8.9293    -8.0805    -7.8475    -7.8475    -7.7573    -7.7573    -0.1467    -0.0188
           0.6803     0.6803     1.0184     1.0184     1.0612     1.7414     2.1018     2.1018
           2.4214     2.4709     2.4709     3.5420     3.5420     3.7043     4.0444     4.0444
           7.0256     7.0534     7.0611     7.0982     7.3840     7.3911     7.9462     7.9463
           8.2101     8.2102

        KC interpolated eigenvalues at k=      0.1833      0.1833      0.1833

         -69.3223   -69.3166   -40.7408   -40.7257   -40.6913   -40.6912   -40.6854   -40.6854
          -8.9220    -8.0912    -7.8484    -7.8484    -7.7565    -7.7565    -0.1529     0.0135
           0.6826     0.6826     1.0358     1.0358     1.0719     1.7324     2.0831     2.0831
           2.4324     2.4700     2.4700     3.5345     3.5345     3.6388     4.0391     4.0391
           7.0216     7.0526     7.0607     7.1074     7.3874     7.3949     7.9364     7.9365
           8.2121     8.2122

        KC interpolated eigenvalues at k=      0.2000      0.2000      0.2000

         -69.3223   -69.3167   -40.7408   -40.7245   -40.6912   -40.6911   -40.6861   -40.6861
          -8.9142    -8.1026    -7.8493    -7.8493    -7.7557    -7.7557    -0.1591     0.0489
           0.6860     0.6860     1.0527     1.0527     1.0825     1.7238     2.0645     2.0645
           2.4432     2.4687     2.4687     3.5263     3.5263     3.5688     4.0335     4.0335
           7.0173     7.0520     7.0604     7.1170     7.3909     7.3987     7.9267     7.9268
           8.2136     8.2137

        KC interpolated eigenvalues at k=      0.2167      0.2167      0.2167

         -69.3222   -69.3168   -40.7408   -40.7233   -40.6911   -40.6911   -40.6868   -40.6868
          -8.9058    -8.1147    -7.8503    -7.8503    -7.7549    -7.7549    -0.1653     0.0873
           0.6906     0.6906     1.0687     1.0688     1.0927     1.7159     2.0465     2.0465
           2.4536     2.4672     2.4672     3.4949     3.5173     3.5174     4.0274     4.0274
           7.0129     7.0515     7.0601     7.1270     7.3944     7.4025     7.9172     7.9173
           8.2146     8.2147

        KC interpolated eigenvalues at k=      0.2333      0.2333      0.2333

         -69.3222   -69.3169   -40.7408   -40.7220   -40.6910   -40.6910   -40.6875   -40.6875
          -8.8970    -8.1273    -7.8512    -7.8512    -7.7541    -7.7541    -0.1712     0.1285
           0.6965     0.6965     1.0835     1.0835     1.1023     1.7089     2.0296     2.0296
           2.4633     2.4653     2.4653     3.4177     3.5078     3.5078     4.0210     4.0210
           7.0085     7.0512     7.0599     7.1373     7.3979     7.4061     7.9080     7.9081
           8.2152     8.2152

        KC interpolated eigenvalues at k=      0.2500      0.2500      0.2500

         -69.3221   -69.3170   -40.7408   -40.7207   -40.6910   -40.6910   -40.6881   -40.6881
          -8.8878    -8.1403    -7.8521    -7.8521    -7.7533    -7.7533    -0.1769     0.1724
           0.7036     0.7036     1.0964     1.0964     1.1113     1.7029     2.0144     2.0144
           2.4630     2.4630     2.4718     3.3379     3.4977     3.4977     4.0143     4.0143
           7.0039     7.0511     7.0597     7.1478     7.4013     7.4096     7.8992     7.8993
           8.2152     8.2153

        KC interpolated eigenvalues at k=      0.2667      0.2667      0.2667

         -69.3221   -69.3171   -40.7408   -40.7194   -40.6910   -40.6910   -40.6887   -40.6887
          -8.8782    -8.1537    -7.8530    -7.8530    -7.7526    -7.7526    -0.1823     0.2189
           0.7119     0.7119     1.1071     1.1071     1.1195     1.6982     2.0014     2.0014
           2.4601     2.4601     2.4789     3.2564     3.4871     3.4871     4.0075     4.0075
           6.9994     7.0512     7.0597     7.1582     7.4047     7.4128     7.8908     7.8909
           8.2149     8.2150

        KC interpolated eigenvalues at k=      0.2833      0.2833      0.2833

         -69.3220   -69.3172   -40.7408   -40.7181   -40.6912   -40.6912   -40.6891   -40.6891
          -8.8684    -8.1674    -7.8539    -7.8539    -7.7518    -7.7518    -0.1873     0.2677
           0.7215     0.7215     1.1152     1.1152     1.1268     1.6948     1.9909     1.9909
           2.4566     2.4566     2.4838     3.1742     3.4763     3.4763     4.0005     4.0005
           6.9949     7.0514     7.0598     7.1686     7.4078     7.4159     7.8829     7.8830
           8.2142     8.2142

        KC interpolated eigenvalues at k=      0.3000      0.3000      0.3000

         -69.3220   -69.3173   -40.7408   -40.7168   -40.6916   -40.6916   -40.6893   -40.6893
          -8.8584    -8.1811    -7.8547    -7.8547    -7.7511    -7.7511    -0.1920     0.3186
           0.7324     0.7324     1.1202     1.1202     1.1332     1.6929     1.9834     1.9834
           2.4524     2.4524     2.4857     3.0925     3.4652     3.4652     3.9935     3.9935
           6.9905     7.0518     7.0599     7.1787     7.4109     7.4187     7.8755     7.8756
           8.2131     8.2132

        KC interpolated eigenvalues at k=      0.3167      0.3167      0.3167

         -69.3219   -69.3174   -40.7408   -40.7156   -40.6921   -40.6921   -40.6894   -40.6894
          -8.8483    -8.1948    -7.8555    -7.8555    -7.7504    -7.7504    -0.1962     0.3711
           0.7445     0.7445     1.1220     1.1220     1.1387     1.6926     1.9789     1.9789
           2.4475     2.4475     2.4835     3.0133     3.4542     3.4542     3.9865     3.9865
           6.9863     7.0524     7.0601     7.1885     7.4137     7.4212     7.8687     7.8688
           8.2117     8.2118

        KC interpolated eigenvalues at k=      0.3333      0.3333      0.3333

         -69.3219   -69.3175   -40.7409   -40.7145   -40.6926   -40.6926   -40.6894   -40.6894
          -8.8383    -8.2082    -7.8563    -7.8563    -7.7497    -7.7497    -0.2000     0.4247
           0.7578     0.7578     1.1205     1.1205     1.1434     1.6939     1.9777     1.9777
           2.4419     2.4419     2.4753     2.9389     3.4433     3.4433     3.9797     3.9797
           6.9823     7.0530     7.0604     7.1979     7.4164     7.4235     7.8625     7.8625
           8.2102     8.2102

        KC interpolated eigenvalues at k=      0.3500      0.3500      0.3500

         -69.3218   -69.3176   -40.7409   -40.7134   -40.6932   -40.6932   -40.6894   -40.6894
          -8.8284    -8.2213    -7.8570    -7.8570    -7.7491    -7.7491    -0.2034     0.4789
           0.7722     0.7722     1.1157     1.1157     1.1475     1.6971     1.9795     1.9795
           2.4356     2.4356     2.4587     2.8724     3.4328     3.4328     3.9731     3.9731
           6.9785     7.0538     7.0606     7.2067     7.4188     7.4255     7.8568     7.8569
           8.2085     8.2085

        KC interpolated eigenvalues at k=      0.3667      0.3667      0.3667

         -69.3217   -69.3177   -40.7409   -40.7123   -40.6937   -40.6937   -40.6893   -40.6893
          -8.8188    -8.2339    -7.8577    -7.8577    -7.7486    -7.7486    -0.2064     0.5328
           0.7877     0.7877     1.1078     1.1078     1.1510     1.7021     1.9841     1.9841
           2.4287     2.4287     2.4313     2.8170     3.4227     3.4227     3.9669     3.9669
           6.9750     7.0547     7.0609     7.2149     7.4211     7.4272     7.8518     7.8519
           8.2067     8.2067

        KC interpolated eigenvalues at k=      0.3833      0.3833      0.3833

         -69.3217   -69.3178   -40.7409   -40.7114   -40.6942   -40.6942   -40.6893   -40.6893
          -8.8098    -8.2456    -7.8582    -7.8582    -7.7481    -7.7481    -0.2090     0.5855
           0.8041     0.8041     1.0970     1.0970     1.1542     1.7091     1.9909     1.9909
           2.3918     2.4212     2.4213     2.7749     3.4133     3.4133     3.9611     3.9611
           6.9718     7.0556     7.0612     7.2223     7.4231     7.4286     7.8474     7.8475
           8.2049     8.2049

        KC interpolated eigenvalues at k=      0.4000      0.4000      0.4000

         -69.3216   -69.3179   -40.7409   -40.7106   -40.6947   -40.6947   -40.6892   -40.6892
          -8.8014    -8.2565    -7.8588    -7.8588    -7.7477    -7.7477    -0.2112     0.6358
           0.8212     0.8212     1.0839     1.0839     1.1572     1.7183     1.9993     1.9993
           2.3419     2.4135     2.4135     2.7457     3.4048     3.4048     3.9559     3.9559
           6.9689     7.0565     7.0614     7.2290     7.4249     7.4298     7.8436     7.8436
           8.2032     8.2032

        KC interpolated eigenvalues at k=      0.4167      0.4167      0.4167

         -69.3216   -69.3180   -40.7409   -40.7099   -40.6951   -40.6951   -40.6891   -40.6891
          -8.7938    -8.2661    -7.8592    -7.8592    -7.7473    -7.7473    -0.2130     0.6822
           0.8389     0.8389     1.0689     1.0689     1.1601     1.7298     2.0085     2.0085
           2.2855     2.4058     2.4058     2.7267     3.3973     3.3973     3.9513     3.9513
           6.9664     7.0574     7.0616     7.2347     7.4265     7.4306     7.8404     7.8405
           8.2016     8.2016

        KC interpolated eigenvalues at k=      0.4333      0.4333      0.4333

         -69.3215   -69.3180   -40.7409   -40.7093   -40.6954   -40.6954   -40.6891   -40.6891
          -8.7873    -8.2744    -7.8596    -7.8596    -7.7470    -7.7470    -0.2145     0.7232
           0.8567     0.8567     1.0529     1.0529     1.1631     1.7436     2.0178     2.0178
           2.2274     2.3985     2.3985     2.7149     3.3910     3.3910     3.9475     3.9475
           6.9644     7.0583     7.0617     7.2395     7.4279     7.4313     7.8378     7.8379
           8.2002     8.2002

        KC interpolated eigenvalues at k=      0.4500      0.4500      0.4500

         -69.3215   -69.3181   -40.7409   -40.7088   -40.6957   -40.6957   -40.6890   -40.6890
          -8.7820    -8.2810    -7.8598    -7.8598    -7.7468    -7.7468    -0.2156     0.7573
           0.8741     0.8741     1.0365     1.0365     1.1659     1.7591     2.0262     2.0262
           2.1726     2.3921     2.3921     2.7077     3.3859     3.3859     3.9444     3.9444
           6.9628     7.0591     7.0617     7.2433     7.4291     7.4316     7.8358     7.8358
           8.1991     8.1991

        KC interpolated eigenvalues at k=      0.4667      0.4667      0.4667

         -69.3215   -69.3181   -40.7409   -40.7085   -40.6959   -40.6959   -40.6890   -40.6890
          -8.7781    -8.2859    -7.8600    -7.8600    -7.7466    -7.7466    -0.2164     0.7828
           0.8898     0.8898     1.0214     1.0214     1.1683     1.7747     2.0329     2.0329
           2.1262     2.3870     2.3870     2.7036     3.3822     3.3822     3.9422     3.9422
           6.9616     7.0598     7.0615     7.2461     7.4300     7.4318     7.8344     7.8344
           8.1983     8.1983

        KC interpolated eigenvalues at k=      0.4833      0.4833      0.4833

         -69.3215   -69.3181   -40.7409   -40.7083   -40.6960   -40.6960   -40.6890   -40.6890
          -8.7757    -8.2890    -7.8602    -7.8602    -7.7465    -7.7465    -0.2168     0.7986
           0.9017     0.9017     1.0098     1.0098     1.1701     1.7872     2.0373     2.0373
           2.0941     2.3837     2.3837     2.7014     3.3800     3.3800     3.9408     3.9408
           6.9609     7.0604     7.0613     7.2477     7.4308     7.4317     7.8336     7.8336
           8.1977     8.1977

        KC interpolated eigenvalues at k=      0.5000      0.5000      0.5000

         -69.3215   -69.3181   -40.7409   -40.7082   -40.6960   -40.6960   -40.6890   -40.6890
          -8.7749    -8.2900    -7.8602    -7.8602    -7.7465    -7.7465    -0.2170     0.8040
           0.9063     0.9063     1.0052     1.0052     1.1707     1.7921     2.0388     2.0388
           2.0825     2.3826     2.3826     2.7008     3.3792     3.3792     3.9403     3.9403
           6.9606     7.0609     7.0609     7.2483     7.4313     7.4313     7.8333     7.8333
           8.1976     8.1976

        KC interpolated eigenvalues at k=      0.5000      0.4833      0.4833

         -69.3215   -69.3182   -40.7409   -40.7083   -40.6961   -40.6961   -40.6890   -40.6889
          -8.7747    -8.2891    -7.8613    -7.8605    -7.7465    -7.7462    -0.2176     0.7979
           0.9031     0.9074     1.0022     1.0097     1.1774     1.7933     2.0287     2.0356
           2.0962     2.3831     2.3844     2.7039     3.3786     3.3794     3.9369     3.9396
           6.9604     7.0610     7.0619     7.2448     7.4311     7.4337     7.8331     7.8338
           8.1965     8.1979

        KC interpolated eigenvalues at k=      0.5000      0.4667      0.4667

         -69.3215   -69.3182   -40.7409   -40.7086   -40.6961   -40.6961   -40.6890   -40.6888
          -8.7741    -8.2866    -7.8646    -7.8615    -7.7466    -7.7456    -0.2194     0.7806
           0.8936     0.9113     0.9953     1.0210     1.1959     1.7972     2.0107     2.0268
           2.1244     2.3847     2.3896     2.7134     3.3766     3.3800     3.9268     3.9372
           6.9596     7.0618     7.0644     7.2350     7.4305     7.4403     7.8327     7.8355
           8.1932     8.1989

        KC interpolated eigenvalues at k=      0.5000      0.4500      0.4500

         -69.3215   -69.3183   -40.7410   -40.7090   -40.6962   -40.6961   -40.6891   -40.6886
          -8.7731    -8.2825    -7.8701    -7.8630    -7.7469    -7.7445    -0.2221     0.7547
           0.8782     0.9186     0.9878     1.0355     1.2224     1.8045     1.9907     2.0145
           2.1590     2.3868     2.3980     2.7286     3.3734     3.3809     3.9100     3.9334
           6.9581     7.0631     7.0685     7.2202     7.4295     7.4497     7.8320     7.8384
           8.1877     8.2005

        KC interpolated eigenvalues at k=      0.5000      0.4333      0.4333

         -69.3215   -69.3184   -40.7411   -40.7095   -40.6962   -40.6962   -40.6891   -40.6883
          -8.7717    -8.2768    -7.8775    -7.8651    -7.7474    -7.7431    -0.2255     0.7235
           0.8576     0.9280     0.9819     1.0515     1.2541     1.8159     1.9680     2.0014
           2.1980     2.3890     2.4092     2.7491     3.3692     3.3820     3.8868     3.9280
           6.9558     7.0652     7.0742     7.2018     7.4281     7.4606     7.8313     7.8423
           8.1802     8.2027

        KC interpolated eigenvalues at k=      0.5000      0.4167      0.4167

         -69.3216   -69.3185   -40.7411   -40.7102   -40.6963   -40.6963   -40.6892   -40.6879
          -8.7698    -8.2695    -7.8867    -7.8676    -7.7481    -7.7416    -0.2292     0.6893
           0.8330     0.9372     0.9780     1.0692     1.2891     1.8312     1.9428     1.9893
           2.2405     2.3908     2.4230     2.7740     3.3641     3.3833     3.8574     3.9212
           6.9527     7.0681     7.0813     7.1814     7.4263     7.4721     7.8306     7.8472
           8.1708     8.2053

        KC interpolated eigenvalues at k=      0.5000      0.4000      0.4000

         -69.3216   -69.3187   -40.7412   -40.7110   -40.6964   -40.6963   -40.6893   -40.6875
          -8.7674    -8.2608    -7.8977    -7.8704    -7.7492    -7.7399    -0.2330     0.6538
           0.8058     0.9439     0.9758     1.0898     1.3262     1.8469     1.9189     1.9789
           2.2854     2.3917     2.4394     2.8023     3.3585     3.3845     3.8222     3.9130
           6.9485     7.0720     7.0891     7.1602     7.4241     7.4833     7.8300     7.8532
           8.1597     8.2082

        KC interpolated eigenvalues at k=      0.5000      0.3833      0.3833

         -69.3216   -69.3188   -40.7413   -40.7120   -40.6966   -40.6964   -40.6894   -40.6870
          -8.7645    -8.2507    -7.9103    -7.8735    -7.7508    -7.7383    -0.2363     0.6181
           0.7769     0.9465     0.9751     1.1143     1.3646     1.8477     1.9109     1.9715
           2.3316     2.3918     2.4583     2.8329     3.3524     3.3855     3.7819     3.9034
           6.9433     7.0767     7.0958     7.1410     7.4216     7.4939     7.8299     7.8600
           8.1470     8.2113

        KC interpolated eigenvalues at k=      0.5000      0.3667      0.3667

         -69.3217   -69.3189   -40.7414   -40.7130   -40.6967   -40.6964   -40.6895   -40.6864
          -8.7610    -8.2393    -7.9243    -7.8767    -7.7527    -7.7368    -0.2391     0.5830
           0.7471     0.9446     0.9758     1.1425     1.4040     1.8242     1.9220     1.9734
           2.3743     2.3947     2.4798     2.8645     3.3461     3.3861     3.7373     3.8927
           6.9370     7.0812     7.0945     7.1320     7.4188     7.5036     7.8302     7.8677
           8.1330     8.2145

        KC interpolated eigenvalues at k=      0.5000      0.3500      0.3500

         -69.3217   -69.3191   -40.7414   -40.7141   -40.6968   -40.6963   -40.6895   -40.6858
          -8.7568    -8.2267    -7.9397    -7.8801    -7.7551    -7.7355    -0.2410     0.5492
           0.7170     0.9390     0.9778     1.1733     1.4441     1.7924     1.9250     1.9961
           2.3825     2.4306     2.5040     2.8958     3.3394     3.3863     3.6896     3.8808
           6.9298     7.0730     7.0930     7.1383     7.4156     7.5122     7.8313     7.8760
           8.1181     8.2176

        KC interpolated eigenvalues at k=      0.5000      0.3333      0.3333

         -69.3217   -69.3192   -40.7414   -40.7152   -40.6969   -40.6963   -40.6896   -40.6852
          -8.7519    -8.2130    -7.9563    -7.8834    -7.7580    -7.7345    -0.2420     0.5171
           0.6870     0.9309     0.9811     1.2051     1.4846     1.7594     1.9181     2.0341
           2.3783     2.4763     2.5313     2.9254     3.3314     3.3861     3.6409     3.8681
           6.9218     7.0522     7.1002     7.1510     7.4121     7.5196     7.8332     7.8847
           8.1026     8.2205

        KC interpolated eigenvalues at k=      0.5000      0.3167      0.3167

         -69.3217   -69.3193   -40.7414   -40.7164   -40.6970   -40.6962   -40.6896   -40.6844
          -8.7463    -8.1984    -7.9739    -7.8867    -7.7612    -7.7338    -0.2420     0.4871
           0.6575     0.9217     0.9855     1.2362     1.5253     1.7281     1.9077     2.0788
           2.3722     2.5199     2.5626     2.9518     3.3195     3.3860     3.5944     3.8545
           6.9130     7.0296     7.1092     7.1661     7.4084     7.5259     7.8361     7.8936
           8.0870     8.2231

        KC interpolated eigenvalues at k=      0.5000      0.3000      0.3000

         -69.3217   -69.3194   -40.7413   -40.7176   -40.6971   -40.6960   -40.6896   -40.6837
          -8.7399    -8.1830    -7.9926    -7.8900    -7.7649    -7.7336    -0.2410     0.4596
           0.6285     0.9124     0.9912     1.2645     1.5656     1.7009     1.8957     2.1264
           2.3650     2.5592     2.5990     2.9739     3.2994     3.3873     3.5546     3.8404
           6.9036     7.0072     7.1193     7.1826     7.4045     7.5309     7.8401     7.9021
           8.0718     8.2253

        KC interpolated eigenvalues at k=      0.5000      0.2833      0.2833

         -69.3217   -69.3194   -40.7411   -40.7187   -40.6971   -40.6958   -40.6896   -40.6829
          -8.7327    -8.1668    -8.0121    -7.8931    -7.7689    -7.7339    -0.2393     0.4350
           0.6004     0.9038     0.9979     1.2876     1.6037     1.6818     1.8824     2.1748
           2.3578     2.5942     2.6391     2.9907     3.2665     3.3907     3.5266     3.8259
           6.8937     6.9855     7.1302     7.2000     7.4005     7.5349     7.8453     7.9095
           8.0579     8.2269

        KC interpolated eigenvalues at k=      0.5000      0.2667      0.2667

         -69.3216   -69.3194   -40.7409   -40.7199   -40.6972   -40.6956   -40.6895   -40.6821
          -8.7247    -8.1503    -8.0321    -7.8960    -7.7733    -7.7348    -0.2370     0.4133
           0.5733     0.8969     1.0057     1.3033     1.6315     1.6810     1.8683     2.2207
           2.3529     2.6269     2.6798     3.0017     3.2203     3.3953     3.5126     3.8115
           6.8833     6.9648     7.1418     7.2179     7.3963     7.5378     7.8517     7.9150
           8.0465     8.2280

        KC interpolated eigenvalues at k=      0.5000      0.2500      0.2500

         -69.3215   -69.3193   -40.7406   -40.7210   -40.6972   -40.6953   -40.6895   -40.6812
          -8.7159    -8.1336    -8.0525    -7.8986    -7.7778    -7.7364    -0.2344     0.3949
           0.5473     0.8924     1.0144     1.3098     1.6409     1.7077     1.8539     2.2571
           2.3567     2.6581     2.7183     3.0066     3.1654     3.3993     3.5115     3.7975
           6.8726     6.9455     7.1540     7.2360     7.3921     7.5398     7.8593     7.9172
           8.0388     8.2283

        KC interpolated eigenvalues at k=      0.5000      0.2333      0.2333

         -69.3215   -69.3192   -40.7402   -40.7221   -40.6971   -40.6949   -40.6893   -40.6804
          -8.7062    -8.1184    -8.0715    -7.9011    -7.7826    -7.7386    -0.2317     0.3797
           0.5224     0.8907     1.0237     1.3075     1.6483     1.7438     1.8407     2.2731
           2.3792     2.6878     2.7519     3.0039     3.1101     3.4015     3.5201     3.7843
           6.8614     6.9277     7.1667     7.2541     7.3880     7.5410     7.8679     7.9155
           8.0358     8.2278

        KC interpolated eigenvalues at k=      0.5000      0.2167      0.2167

         -69.3214   -69.3190   -40.7398   -40.7231   -40.6971   -40.6946   -40.6892   -40.6795
          -8.6957    -8.1128    -8.0811    -7.9033    -7.7875    -7.7415    -0.2294     0.3678
           0.4989     0.8925     1.0332     1.2987     1.6600     1.7745     1.8352     2.2711
           2.4171     2.7140     2.7771     2.9882     3.0687     3.4017     3.5344     3.7728
           6.8501     6.9116     7.1797     7.2718     7.3840     7.5414     7.8771     7.9102
           8.0377     8.2265

        KC interpolated eigenvalues at k=      0.5000      0.2000      0.2000

         -69.3213   -69.3188   -40.7393   -40.7241   -40.6970   -40.6942   -40.6890   -40.6786
          -8.6844    -8.1273    -8.0707    -7.9052    -7.7925    -7.7452    -0.2275     0.3588
           0.4767     0.8982     1.0420     1.2867     1.6735     1.7835     1.8538     2.2613
           2.4582     2.7302     2.7923     2.9601     3.0527     3.4007     3.5505     3.7637
           6.8385     6.8973     7.1929     7.2887     7.3804     7.5413     7.8844     7.9048
           8.0434     8.2243

        KC interpolated eigenvalues at k=      0.5000      0.1833      0.1833

         -69.3212   -69.3186   -40.7388   -40.7250   -40.6969   -40.6938   -40.6888   -40.6778
          -8.6724    -8.1483    -8.0540    -7.9068    -7.7975    -7.7496    -0.2262     0.3527
           0.4560     0.9079     1.0491     1.2754     1.6834     1.7801     1.8899     2.2483
           2.4939     2.7224     2.8071     2.9375     3.0538     3.3990     3.5654     3.7582
           6.8270     6.8848     7.2061     7.3044     7.3773     7.5408     7.8815     7.9087
           8.0515     8.2212

        KC interpolated eigenvalues at k=      0.5000      0.1667      0.1667

         -69.3211   -69.3183   -40.7382   -40.7258   -40.6968   -40.6934   -40.6886   -40.6770
          -8.6596    -8.1705    -8.0360    -7.9082    -7.8024    -7.7549    -0.2257     0.3489
           0.4369     0.9217     1.0531     1.2682     1.6827     1.7826     1.9300     2.2337
           2.5115     2.6989     2.8284     2.9243     3.0643     3.3971     3.5763     3.7573
           6.8156     6.8739     7.2193     7.3181     7.3754     7.5400     7.8712     7.9201
           8.0611     8.2170

        KC interpolated eigenvalues at k=      0.5000      0.1500      0.1500

         -69.3209   -69.3181   -40.7376   -40.7266   -40.6967   -40.6929   -40.6884   -40.6761
          -8.6462    -8.1930    -8.0178    -7.9093    -7.8072    -7.7610    -0.2258     0.3469
           0.4196     0.9392     1.0531     1.2681     1.6700     1.7946     1.9705     2.2182
           2.4929     2.6925     2.8520     2.9141     3.0804     3.3956     3.5820     3.7614
           6.8048     6.8645     7.2323     7.3288     7.3753     7.5390     7.8595     7.9337
           8.0713     8.2119

        KC interpolated eigenvalues at k=      0.5000      0.1333      0.1333

         -69.3208   -69.3178   -40.7370   -40.7273   -40.6966   -40.6925   -40.6882   -40.6754
          -8.6323    -8.2154    -7.9996    -7.9101    -7.8118    -7.7679    -0.2265     0.3462
           0.4041     0.9592     1.0497     1.2762     1.6496     1.8118     2.0099     2.2018
           2.4411     2.7098     2.8730     2.9062     3.0980     3.3953     3.5823     3.7698
           6.7946     6.8564     7.2449     7.3356     7.3781     7.5379     7.8479     7.9483
           8.0815     8.2058

        KC interpolated eigenvalues at k=      0.5000      0.1167      0.1167

         -69.3207   -69.3175   -40.7364   -40.7280   -40.6964   -40.6921   -40.6880   -40.6747
          -8.6181    -8.2373    -7.9816    -7.9108    -7.8161    -7.7755    -0.2276     0.3461
           0.3907     0.9790     1.0462     1.2924     1.6255     1.8296     2.0471     2.1847
           2.3759     2.7355     2.8794     2.9127     3.1141     3.3967     3.5782     3.7810
           6.7853     6.8495     7.2571     7.3382     7.3834     7.5369     7.8370     7.9634
           8.0914     8.1987

        KC interpolated eigenvalues at k=      0.5000      0.1000      0.1000

         -69.3206   -69.3173   -40.7357   -40.7286   -40.6963   -40.6918   -40.6878   -40.6741
          -8.6038    -8.2584    -7.9640    -7.9112    -7.8201    -7.7840    -0.2290     0.3458
           0.3801     0.9914     1.0504     1.3156     1.6000     1.8453     2.0806     2.1662
           2.3105     2.7588     2.8737     2.9336     3.1262     3.4005     3.5711     3.7932
           6.7770     6.8437     7.2685     7.3381     7.3900     7.5361     7.8271     7.9785
           8.1006     8.1909

        KC interpolated eigenvalues at k=      0.5000      0.0833      0.0833

         -69.3204   -69.3171   -40.7351   -40.7291   -40.6962   -40.6914   -40.6876   -40.6735
          -8.5898    -8.2784    -7.9470    -7.9114    -7.8236    -7.7931    -0.2305     0.3444
           0.3726     0.9912     1.0680     1.3441     1.5747     1.8559     2.1071     2.1456
           2.2556     2.7730     2.8714     2.9573     3.1325     3.4072     3.5619     3.8052
           6.7699     6.8389     7.2792     7.3364     7.3964     7.5355     7.8185     7.9935
           8.1090     8.1823

        KC interpolated eigenvalues at k=      0.5000      0.0667      0.0667

         -69.3203   -69.3169   -40.7345   -40.7297   -40.6961   -40.6911   -40.6874   -40.6730
          -8.5765    -8.2965    -7.9308    -7.9115    -7.8266    -7.8027    -0.2320     0.3414
           0.3687     0.9845     1.0924     1.3759     1.5516     1.8576     2.1135     2.1292
           2.2231     2.7757     2.8764     2.9819     3.1326     3.4166     3.5515     3.8160
           6.7639     6.8351     7.2890     7.3339     7.4019     7.5352     7.8113     8.0076
           8.1164     8.1733

        KC interpolated eigenvalues at k=      0.5000      0.0500      0.0500

         -69.3203   -69.3167   -40.7339   -40.7302   -40.6960   -40.6909   -40.6873   -40.6727
          -8.5646    -8.3123    -7.9158    -7.9115    -7.8291    -7.8126    -0.2333     0.3376
           0.3673     0.9768     1.1171     1.4073     1.5339     1.8469     2.0936     2.1243
           2.2176     2.7707     2.8854     3.0071     3.1265     3.4278     3.5405     3.8248
           6.7593     6.8321     7.2977     7.3309     7.4061     7.5350     7.8055     8.0203
           8.1228     8.1642

        KC interpolated eigenvalues at k=      0.5000      0.0333      0.0333

         -69.3202   -69.3166   -40.7334   -40.7307   -40.6959   -40.6908   -40.6872   -40.6724
          -8.5550    -8.3247    -7.9116    -7.9025    -7.8310    -7.8219    -0.2344     0.3342
           0.3670     0.9705     1.1381     1.4313     1.5267     1.8250     2.0809     2.1133
           2.2252     2.7636     2.8940     3.0322     3.1149     3.4393     3.5299     3.8314
           6.7559     6.8301     7.3054     7.3273     7.4090     7.5350     7.8014     8.0308
           8.1285     8.1554

        KC interpolated eigenvalues at k=      0.5000      0.0167      0.0167

         -69.3202   -69.3165   -40.7329   -40.7311   -40.6959   -40.6907   -40.6871   -40.6722
          -8.5486    -8.3327    -7.9116    -7.8925    -7.8329    -7.8289    -0.2350     0.3319
           0.3672     0.9664     1.1524     1.4419     1.5317     1.8017     2.0788     2.1014
           2.2329     2.7581     2.8997     3.0564     3.0987     3.4487     3.5214     3.8354
           6.7539     6.8288     7.3119     7.3234     7.4107     7.5350     7.7989     8.0378
           8.1336     8.1478

        KC interpolated eigenvalues at k=      0.5000      0.0000      0.0000

         -69.3201   -69.3165   -40.7327   -40.7313   -40.6959   -40.6906   -40.6871   -40.6722
          -8.5463    -8.3355    -7.9115    -7.8886    -7.8346    -7.8308    -0.2352     0.3311
           0.3672     0.9650     1.1575     1.4437     1.5367     1.7915     2.0810     2.0950
           2.2359     2.7560     2.9017     3.0778     3.0800     3.4525     3.5179     3.8368
           6.7532     6.8284     7.3159     7.3202     7.4113     7.5350     7.7980     8.0403
           8.1371     8.1433

        KC interpolated eigenvalues at k=      0.5000      0.0000      0.0167

         -69.3202   -69.3165   -40.7328   -40.7312   -40.6959   -40.6906   -40.6871   -40.6722
          -8.5465    -8.3348    -7.9123    -7.8897    -7.8349    -7.8292    -0.2341     0.3323
           0.3675     0.9649     1.1565     1.4408     1.5316     1.7961     2.0818     2.0956
           2.2366     2.7577     2.9017     3.0643     3.0929     3.4502     3.5189     3.8356
           6.7537     6.8288     7.3120     7.3225     7.4117     7.5351     7.7984     8.0401
           8.1330     8.1464

        KC interpolated eigenvalues at k=      0.5000      0.0000      0.0333

         -69.3202   -69.3166   -40.7330   -40.7311   -40.6960   -40.6906   -40.6871   -40.6724
          -8.5468    -8.3325    -7.9148    -7.8927    -7.8355    -7.8254    -0.2308     0.3357
           0.3684     0.9645     1.1537     1.4311     1.5194     1.8080     2.0840     2.0972
           2.2387     2.7627     2.9020     3.0497     3.1059     3.4437     3.5215     3.8320
           6.7553     6.8299     7.3053     7.3246     7.4128     7.5354     7.7993     8.0394
           8.1262     8.1506

        KC interpolated eigenvalues at k=      0.5000      0.0000      0.0500

         -69.3202   -69.3167   -40.7333   -40.7310   -40.6961   -40.6907   -40.6870   -40.6727
          -8.5474    -8.3288    -7.9190    -7.8969    -7.8361    -7.8201    -0.2252     0.3410
           0.3700     0.9637     1.1490     1.4123     1.5066     1.8233     2.0876     2.0999
           2.2421     2.7708     2.9025     3.0352     3.1174     3.4339     3.5250     3.8262
           6.7578     6.8316     7.2972     7.3251     7.4146     7.5359     7.8007     8.0382
           8.1184     8.1541

        KC interpolated eigenvalues at k=      0.5000      0.0000      0.0667

         -69.3203   -69.3169   -40.7336   -40.7309   -40.6962   -40.6908   -40.6870   -40.6731
          -8.5481    -8.3237    -7.9249    -7.9014    -7.8367    -7.8141    -0.2175     0.3476
           0.3731     0.9623     1.1428     1.3844     1.4975     1.8386     2.0923     2.1033
           2.2469     2.7814     2.9031     3.0216     3.1272     3.4217     3.5286     3.8181
           6.7613     6.8340     7.2883     7.3239     7.4168     7.5365     7.8028     8.0362
           8.1102     8.1566

        KC interpolated eigenvalues at k=      0.5000      0.0000      0.0833

         -69.3203   -69.3171   -40.7340   -40.7308   -40.6964   -40.6909   -40.6869   -40.6736
          -8.5488    -8.3174    -7.9322    -7.9059    -7.8376    -7.8077    -0.2078     0.3539
           0.3788     0.9599     1.1351     1.3506     1.4923     1.8519     2.0977     2.1074
           2.2529     2.7938     2.9041     3.0093     3.1348     3.4077     3.5320     3.8081
           6.7656     6.8370     7.2787     7.3211     7.4194     7.5373     7.8053     8.0333
           8.1020     8.1582

        KC interpolated eigenvalues at k=      0.5000      0.0000      0.1000

         -69.3204   -69.3173   -40.7344   -40.7307   -40.6966   -40.6910   -40.6867   -40.6741
          -8.5495    -8.3100    -7.9408    -7.9105    -7.8387    -7.8012    -0.1962     0.3582
           0.3887     0.9562     1.1263     1.3144     1.4897     1.8623     2.1034     2.1119
           2.2598     2.8063     2.9062     2.9989     3.1397     3.3924     3.5351     3.7962
           6.7709     6.8404     7.2686     7.3169     7.4220     7.5381     7.8083     8.0290
           8.0941     8.1589

        KC interpolated eigenvalues at k=      0.5000      0.0000      0.1167

         -69.3205   -69.3176   -40.7349   -40.7307   -40.6968   -40.6913   -40.6866   -40.6748
          -8.5500    -8.3017    -7.9501    -7.9152    -7.8401    -7.7947    -0.1828     0.3603
           0.4029     0.9509     1.1166     1.2788     1.4891     1.8698     2.1089     2.1165
           2.2674     2.8167     2.9102     2.9912     3.1414     3.3765     3.5379     3.7829
           6.7768     6.8441     7.2584     7.3116     7.4245     7.5390     7.8118     8.0230
           8.0870     8.1587

        KC interpolated eigenvalues at k=      0.5000      0.0000      0.1333

         -69.3206   -69.3179   -40.7353   -40.7307   -40.6971   -40.6915   -40.6864   -40.6755
          -8.5503    -8.2927    -7.9600    -7.9198    -7.8418    -7.7885    -0.1680     0.3606
           0.4203     0.9435     1.1061     1.2460     1.4901     1.8746     2.1134     2.1214
           2.2755     2.8223     2.9175     2.9868     3.1395     3.3605     3.5403     3.7683
           6.7835     6.8481     7.2481     7.3053     7.4268     7.5399     7.8156     8.0149
           8.0813     8.1577

        KC interpolated eigenvalues at k=      0.5000      0.0000      0.1500

         -69.3207   -69.3182   -40.7358   -40.7307   -40.6974   -40.6918   -40.6862   -40.6762
          -8.5502    -8.2832    -7.9703    -7.9245    -7.8438    -7.7825    -0.1519     0.3597
           0.4404     0.9342     1.0944     1.2180     1.4925     1.8771     2.1165     2.1266
           2.2837     2.8218     2.9271     2.9867     3.1338     3.3448     3.5423     3.7530
           6.7906     6.8522     7.2380     7.2983     7.4288     7.5407     7.8196     8.0047
           8.0770     8.1560

        KC interpolated eigenvalues at k=      0.5000      0.0000      0.1667

         -69.3208   -69.3186   -40.7363   -40.7307   -40.6977   -40.6922   -40.6861   -40.6770
          -8.5498    -8.2732    -7.9807    -7.9291    -7.8462    -7.7769    -0.1349     0.3575
           0.4627     0.9232     1.0807     1.1963     1.4965     1.8780     2.1176     2.1321
           2.2917     2.8161     2.9361     2.9918     3.1241     3.3299     3.5441     3.7374
           6.7982     6.8562     7.2282     7.2908     7.4305     7.5414     7.8238     7.9929
           8.0739     8.1536

        KC interpolated eigenvalues at k=      0.5000      0.0000      0.1833

         -69.3210   -69.3190   -40.7367   -40.7308   -40.6980   -40.6926   -40.6861   -40.6776
          -8.5489    -8.2632    -7.9911    -7.9337    -7.8489    -7.7718    -0.1176     0.3543
           0.4870     0.9115     1.0641     1.1821     1.5021     1.8775     2.1169     2.1378
           2.2995     2.8066     2.9416     3.0019     3.1107     3.3164     3.5456     3.7222
           6.8059     6.8600     7.2190     7.2829     7.4318     7.5421     7.8280     7.9798
           8.0718     8.1507

        KC interpolated eigenvalues at k=      0.5000      0.0000      0.2000

         -69.3211   -69.3194   -40.7372   -40.7309   -40.6984   -40.6930   -40.6862   -40.6782
          -8.5475    -8.2533    -8.0014    -7.9381    -7.8519    -7.7670    -0.1003     0.3503
           0.5131     0.9000     1.0449     1.1750     1.5095     1.8761     2.1144     2.1435
           2.3069     2.7946     2.9434     3.0141     3.0942     3.3044     3.5466     3.7081
           6.8137     6.8635     7.2105     7.2751     7.4328     7.5426     7.8320     7.9659
           8.0704     8.1474

        KC interpolated eigenvalues at k=      0.5000      0.0000      0.2167

         -69.3213   -69.3198   -40.7377   -40.7310   -40.6988   -40.6934   -40.6865   -40.6786
          -8.5456    -8.2439    -8.0111    -7.9424    -7.8553    -7.7628    -0.0839     0.3459
           0.5406     0.8898     1.0238     1.1736     1.5187     1.8741     2.1102     2.1489
           2.3137     2.7807     2.9422     3.0248     3.0759     3.2943     3.5469     3.6960
           6.8213     6.8667     7.2027     7.2674     7.4333     7.5429     7.8357     7.9518
           8.0694     8.1437

        KC interpolated eigenvalues at k=      0.5000      0.0000      0.2333

         -69.3214   -69.3202   -40.7382   -40.7312   -40.6992   -40.6938   -40.6869   -40.6788
          -8.5431    -8.2351    -8.0202    -7.9464    -7.8588    -7.7591    -0.0692     0.3417
           0.5694     0.8817     1.0020     1.1766     1.5298     1.8716     2.1044     2.1541
           2.3200     2.7654     2.9380     3.0309     3.0575     3.2866     3.5460     3.6868
           6.8284     6.8694     7.1959     7.2600     7.4335     7.5432     7.8387     7.9380
           8.0686     8.1399

        KC interpolated eigenvalues at k=      0.5000      0.0000      0.2500

         -69.3216   -69.3206   -40.7386   -40.7314   -40.6996   -40.6942   -40.6876   -40.6789
          -8.5402    -8.2275    -8.0282    -7.9502    -7.8627    -7.7559    -0.0569     0.3387
           0.5991     0.8763     0.9800     1.1828     1.5430     1.8688     2.0973     2.1588
           2.3256     2.7486     2.9303     3.0286     3.0429     3.2814     3.5434     3.6815
           6.8349     6.8718     7.1900     7.2532     7.4333     7.5432     7.8404     7.9254
           8.0678     8.1362

        KC interpolated eigenvalues at k=      0.5000      0.0000      0.2667

         -69.3218   -69.3210   -40.7390   -40.7316   -40.7000   -40.6946   -40.6884   -40.6788
          -8.5366    -8.2215    -8.0347    -7.9537    -7.8667    -7.7532    -0.0478     0.3376
           0.6295     0.8737     0.9584     1.1913     1.5583     1.8658     2.0889     2.1630
           2.3304     2.7301     2.9186     3.0170     3.0338     3.2789     3.5385     3.6807
           6.8404     6.8738     7.1852     7.2471     7.4329     7.5432     7.8400     7.9147
           8.0667     8.1326

        KC interpolated eigenvalues at k=      0.5000      0.0000      0.2833

         -69.3220   -69.3214   -40.7395   -40.7318   -40.7004   -40.6949   -40.6893   -40.6786
          -8.5326    -8.2174    -8.0395    -7.9569    -7.8709    -7.7510    -0.0425     0.3393
           0.6602     0.8740     0.9375     1.2018     1.5760     1.8625     2.0797     2.1664
           2.3343     2.7096     2.9035     3.0039     3.0234     3.2786     3.5313     3.6843
           6.8447     6.8756     7.1814     7.2418     7.4321     7.5430     7.8368     7.9072
           8.0653     8.1295

        KC interpolated eigenvalues at k=      0.5000      0.0000      0.3000

         -69.3223   -69.3216   -40.7399   -40.7320   -40.7008   -40.6953   -40.6902   -40.6783
          -8.5281    -8.2155    -8.0421    -7.9598    -7.8752    -7.7493    -0.0413     0.3441
           0.6909     0.8768     0.9176     1.2137     1.5959     1.8589     2.0701     2.1690
           2.3374     2.6864     2.8862     2.9901     3.0115     3.2800     3.5221     3.6918
           6.8477     6.8772     7.1787     7.2373     7.4312     7.5426     7.8303     7.9031
           8.0633     8.1269

        KC interpolated eigenvalues at k=      0.5000      0.0000      0.3167

         -69.3227   -69.3218   -40.7402   -40.7322   -40.7012   -40.6956   -40.6912   -40.6780
          -8.5231    -8.2160    -8.0425    -7.9624    -7.8795    -7.7481    -0.0439     0.3520
           0.7212     0.8815     0.8993     1.2268     1.6183     1.8546     2.0607     2.1706
           2.3395     2.6602     2.8687     2.9727     3.0014     3.2827     3.5113     3.7022
           6.8495     6.8785     7.1771     7.2337     7.4301     7.5422     7.8213     7.9022
           8.0606     8.1250

        KC interpolated eigenvalues at k=      0.5000      0.0000      0.3333

         -69.3231   -69.3220   -40.7406   -40.7324   -40.7017   -40.6959   -40.6922   -40.6776
          -8.5177    -8.2188    -8.0408    -7.9647    -7.8838    -7.7474    -0.0497     0.3624
           0.7507     0.8789     0.8913     1.2410     1.6430     1.8494     2.0520     2.1709
           2.3408     2.6306     2.8523     2.9514     2.9939     3.2861     3.4994     3.7146
           6.8502     6.8794     7.1766     7.2309     7.4288     7.5417     7.8107     7.9034
           8.0573     8.1238

        KC interpolated eigenvalues at k=      0.5000      0.0000      0.3500

         -69.3234   -69.3221   -40.7409   -40.7326   -40.7020   -40.6962   -40.6931   -40.6773
          -8.5120    -8.2234    -8.0374    -7.9668    -7.8881    -7.7471    -0.0578     0.3747
           0.7790     0.8636     0.8986     1.2561     1.6700     1.8429     2.0447     2.1697
           2.3411     2.5978     2.8376     2.9283     2.9880     3.2902     3.4868     3.7280
           6.8501     6.8798     7.1772     7.2286     7.4274     7.5412     7.7996     7.9058
           8.0534     8.1233

        KC interpolated eigenvalues at k=      0.5000      0.0000      0.3667

         -69.3237   -69.3222   -40.7412   -40.7328   -40.7024   -40.6965   -40.6940   -40.6769
          -8.5061    -8.2295    -8.0326    -7.9686    -7.8922    -7.7471    -0.0674     0.3879
           0.8057     0.8490     0.9077     1.2720     1.6989     1.8350     2.0396     2.1668
           2.3408     2.5622     2.8249     2.9052     2.9829     3.2947     3.4737     3.7417
           6.8495     6.8795     7.1788     7.2267     7.4261     7.5406     7.7887     7.9090
           8.0490     8.1233

        KC interpolated eigenvalues at k=      0.5000      0.0000      0.3833

         -69.3240   -69.3224   -40.7415   -40.7330   -40.7028   -40.6968   -40.6947   -40.6766
          -8.5002    -8.2365    -8.0269    -7.9704    -7.8962    -7.7473    -0.0777     0.4013
           0.8293     0.8369     0.9172     1.2886     1.7285     1.8265     2.0371     2.1619
           2.3398     2.5248     2.8135     2.8836     2.9783     3.2997     3.4604     3.7550
           6.8487     6.8787     7.1812     7.2251     7.4247     7.5400     7.7784     7.9124
           8.0444     8.1237

        KC interpolated eigenvalues at k=      0.5000      0.0000      0.4000

         -69.3243   -69.3224   -40.7417   -40.7332   -40.7031   -40.6971   -40.6954   -40.6763
          -8.4943    -8.2439    -8.0207    -7.9720    -7.8998    -7.7478    -0.0878     0.4141
           0.8235     0.8535     0.9266     1.3056     1.7552     1.8209     2.0371     2.1547
           2.3385     2.4865     2.8030     2.8650     2.9741     3.3052     3.4472     3.7674
           6.8479     6.8774     7.1844     7.2236     7.4234     7.5395     7.7690     7.9160
           8.0398     8.1244

        KC interpolated eigenvalues at k=      0.5000      0.0000      0.4167

         -69.3246   -69.3225   -40.7419   -40.7333   -40.7033   -40.6973   -40.6959   -40.6761
          -8.4887    -8.2511    -8.0144    -7.9737    -7.9031    -7.7484    -0.0972     0.4258
           0.8136     0.8730     0.9352     1.3226     1.7675     1.8299     2.0395     2.1448
           2.3370     2.4487     2.7929     2.8502     2.9704     3.3111     3.4343     3.7785
           6.8471     6.8757     7.1880     7.2219     7.4222     7.5389     7.7607     7.9195
           8.0353     8.1252

        KC interpolated eigenvalues at k=      0.5000      0.0000      0.4333

         -69.3247   -69.3226   -40.7420   -40.7334   -40.7035   -40.6976   -40.6963   -40.6759
          -8.4836    -8.2579    -8.0083    -7.9755    -7.9059    -7.7491    -0.1055     0.4359
           0.8054     0.8896     0.9428     1.3389     1.7621     1.8570     2.0435     2.1320
           2.3354     2.4130     2.7831     2.8394     2.9671     3.3174     3.4221     3.7880
           6.8464     6.8738     7.1921     7.2201     7.4212     7.5385     7.7537     7.9226
           8.0312     8.1260

        KC interpolated eigenvalues at k=      0.5000      0.0000      0.4500

         -69.3249   -69.3226   -40.7422   -40.7335   -40.7037   -40.6979   -40.6966   -40.6757
          -8.4793    -8.2636    -8.0026    -7.9775    -7.9082    -7.7497    -0.1122     0.4440
           0.7989     0.9029     0.9489     1.3537     1.7509     1.8906     2.0482     2.1163
           2.3338     2.3818     2.7743     2.8321     2.9644     3.3237     3.4109     3.7956
           6.8460     6.8721     7.1962     7.2179     7.4203     7.5381     7.7482     7.9254
           8.0277     8.1267

        KC interpolated eigenvalues at k=      0.5000      0.0000      0.4667

         -69.3250   -69.3227   -40.7423   -40.7336   -40.7038   -40.6981   -40.6967   -40.6756
          -8.4759    -8.2681    -7.9975    -7.9798    -7.9099    -7.7502    -0.1172     0.4499
           0.7943     0.9126     0.9534     1.3658     1.7401     1.9238     2.0524     2.0986
           2.3319     2.3575     2.7673     2.8276     2.9624     3.3296     3.4014     3.8011
           6.8457     6.8706     7.2004     7.2154     7.4197     7.5378     7.7442     7.9275
           8.0250     8.1273

        KC interpolated eigenvalues at k=      0.5000      0.0000      0.4833

         -69.3251   -69.3227   -40.7423   -40.7337   -40.7039   -40.6983   -40.6968   -40.6755
          -8.4738    -8.2709    -7.9934    -7.9822    -7.9110    -7.7505    -0.1203     0.4536
           0.7915     0.9185     0.9562     1.3738     1.7326     1.9512     2.0542     2.0826
           2.3291     2.3435     2.7629     2.8252     2.9612     3.3341     3.3947     3.8045
           6.8456     6.8696     7.2042     7.2127     7.4193     7.5376     7.7418     7.9288
           8.0233     8.1276

        KC interpolated eigenvalues at k=      0.5000      0.0000      0.5000

         -69.3251   -69.3227   -40.7423   -40.7337   -40.7039   -40.6983   -40.6969   -40.6755
          -8.4731    -8.2718    -7.9915    -7.9835    -7.9113    -7.7506    -0.1213     0.4548
           0.7906     0.9205     0.9571     1.3766     1.7299     1.9630     2.0536     2.0761
           2.3270     2.3398     2.7614     2.8244     2.9608     3.3359     3.3922     3.8056
           6.8456     6.8693     7.2064     7.2108     7.4192     7.5376     7.7410     7.9293
           8.0227     8.1278

        KC interpolated eigenvalues at k=      0.4833      0.0000      0.4833

         -69.3251   -69.3227   -40.7423   -40.7336   -40.7039   -40.6982   -40.6968   -40.6755
          -8.4777    -8.2674    -7.9912    -7.9838    -7.9106    -7.7506    -0.1223     0.4518
           0.7899     0.9075     0.9631     1.3793     1.7348     1.9616     2.0549     2.0798
           2.3250     2.3394     2.7593     2.8299     2.9597     3.3337     3.3979     3.8050
           6.8448     6.8708     7.2060     7.2111     7.4165     7.5396     7.7412     7.9306
           8.0232     8.1278

        KC interpolated eigenvalues at k=      0.4667      0.0000      0.4667

         -69.3250   -69.3227   -40.7422   -40.7335   -40.7038   -40.6980   -40.6967   -40.6755
          -8.4905    -8.2551    -7.9904    -7.9849    -7.9084    -7.7505    -0.1253     0.4430
           0.7879     0.8814     0.9693     1.3875     1.7477     1.9585     2.0568     2.0927
           2.3127     2.3449     2.7544     2.8443     2.9566     3.3293     3.4126     3.8033
           6.8431     6.8746     7.2047     7.2122     7.4092     7.5451     7.7421     7.9344
           8.0247     8.1279

        KC interpolated eigenvalues at k=      0.4500      0.0000      0.4500

         -69.3248   -69.3226   -40.7421   -40.7334   -40.7036   -40.6977   -40.6964   -40.6757
          -8.5090    -8.2373    -7.9894    -7.9861    -7.9050    -7.7505    -0.1301     0.4286
           0.7844     0.8511     0.9686     1.4011     1.7635     1.9572     2.0577     2.1163
           2.2904     2.3566     2.7480     2.8644     2.9522     3.3260     3.4329     3.8006
           6.8412     6.8800     7.2020     7.2145     7.3987     7.5527     7.7436     7.9405
           8.0270     8.1282

        KC interpolated eigenvalues at k=      0.4333      0.0000      0.4333

         -69.3245   -69.3225   -40.7419   -40.7332   -40.7034   -40.6972   -40.6961   -40.6758
          -8.5311    -8.2161    -7.9902    -7.9854    -7.9004    -7.7503    -0.1368     0.4093
           0.7793     0.8201     0.9609     1.4194     1.7747     1.9628     2.0576     2.1503
           2.2617     2.3718     2.7405     2.8868     2.9483     3.3252     3.4569     3.7972
           6.8399     6.8861     7.1979     7.2178     7.3866     7.5611     7.7459     7.9487
           8.0303     8.1285

        KC interpolated eigenvalues at k=      0.4167      0.0000      0.4167

         -69.3242   -69.3223   -40.7416   -40.7330   -40.7030   -40.6966   -40.6957   -40.6760
          -8.5554    -8.1932    -7.9924    -7.9829    -7.8950    -7.7502    -0.1451     0.3857
           0.7724     0.7899     0.9481     1.4413     1.7750     1.9787     2.0567     2.1887
           2.2349     2.3886     2.7311     2.9058     2.9497     3.3278     3.4838     3.7935
           6.8394     6.8927     7.1923     7.2221     7.3738     7.5692     7.7490     7.9585
           8.0345     8.1289

        KC interpolated eigenvalues at k=      0.4000      0.0000      0.4000

         -69.3238   -69.3222   -40.7413   -40.7327   -40.7026   -40.6959   -40.6953   -40.6762
          -8.5809    -8.1693    -7.9951    -7.9795    -7.8889    -7.7501    -0.1548     0.3587
           0.7615     0.7638     0.9324     1.4652     1.7638     2.0034     2.0545     2.1806
           2.2624     2.4059     2.7195     2.9125     2.9654     3.3338     3.5130     3.7900
           6.8398     6.8994     7.1853     7.2272     7.3613     7.5763     7.7532     7.9695
           8.0396     8.1294

        KC interpolated eigenvalues at k=      0.3833      0.0000      0.3833

         -69.3234   -69.3220   -40.7410   -40.7324   -40.7022   -40.6952   -40.6948   -40.6765
          -8.6069    -8.1452    -7.9978    -7.9756    -7.8822    -7.7499    -0.1657     0.3292
           0.7355     0.7531     0.9159     1.4894     1.7447     2.0307     2.0506     2.1478
           2.3247     2.4223     2.7054     2.9102     2.9916     3.3434     3.5438     3.7872
           6.8413     6.9059     7.1770     7.2331     7.3494     7.5821     7.7586     7.9812
           8.0456     8.1301

        KC interpolated eigenvalues at k=      0.3667      0.0000      0.3667

         -69.3230   -69.3218   -40.7407   -40.7321   -40.7017   -40.6943   -40.6942   -40.6768
          -8.6330    -8.1213    -8.0005    -7.9710    -7.8750    -7.7498    -0.1774     0.2982
           0.7120     0.7406     0.9003     1.5114     1.7223     2.0292     2.0665     2.1221
           2.3942     2.4370     2.6900     2.9056     3.0214     3.3566     3.5759     3.7857
           6.8439     6.9123     7.1674     7.2396     7.3385     7.5862     7.7651     7.9929
           8.0527     8.1310

        KC interpolated eigenvalues at k=      0.3500      0.0000      0.3500

         -69.3226   -69.3216   -40.7404   -40.7318   -40.7011   -40.6936   -40.6934   -40.6772
          -8.6589    -8.0979    -8.0031    -7.9659    -7.8675    -7.7497    -0.1895     0.2661
           0.6911     0.7270     0.8865     1.5270     1.7020     2.0000     2.0871     2.1182
           2.4489     2.4629     2.6777     2.9005     3.0527     3.3733     3.6089     3.7861
           6.8475     6.9182     7.1570     7.2467     7.3286     7.5884     7.7727     8.0040
           8.0610     8.1322

        KC interpolated eigenvalues at k=      0.3333      0.0000      0.3333

         -69.3222   -69.3213   -40.7401   -40.7316   -40.7005   -40.6930   -40.6925   -40.6776
          -8.6845    -8.0751    -8.0055    -7.9603    -7.8597    -7.7496    -0.2015     0.2337
           0.6726     0.7129     0.8748     1.5294     1.6909     1.9594     2.0917     2.1407
           2.4572     2.5165     2.6805     2.8955     3.0845     3.3935     3.6424     3.7888
           6.8523     6.9235     7.1460     7.2541     7.3196     7.5886     7.7816     8.0139
           8.0705     8.1337

        KC interpolated eigenvalues at k=      0.3167      0.0000      0.3167

         -69.3219   -69.3209   -40.7398   -40.7313   -40.6999   -40.6924   -40.6916   -40.6780
          -8.7094    -8.0533    -8.0078    -7.9543    -7.8518    -7.7495    -0.2129     0.2013
           0.6566     0.6994     0.8652     1.5139     1.6934     1.9147     2.0942     2.1695
           2.4600     2.5361     2.7150     2.8925     3.1169     3.4170     3.6761     3.7942
           6.8581     6.9283     7.1350     7.2615     7.3114     7.5867     7.7916     8.0221
           8.0812     8.1355

        KC interpolated eigenvalues at k=      0.3000      0.0000      0.3000

         -69.3217   -69.3205   -40.7396   -40.7311   -40.6992   -40.6918   -40.6906   -40.6784
          -8.7337    -8.0325    -8.0097    -7.9479    -7.8438    -7.7495    -0.2233     0.1691
           0.6431     0.6872     0.8575     1.4833     1.7047     1.8708     2.0979     2.1980
           2.4541     2.5318     2.7650     2.8992     3.1495     3.4437     3.7097     3.8025
           6.8649     6.9325     7.1243     7.2685     7.3041     7.5828     7.8027     8.0285
           8.0929     8.1377

        KC interpolated eigenvalues at k=      0.2833      0.0000      0.2833

         -69.3215   -69.3201   -40.7394   -40.7310   -40.6986   -40.6912   -40.6897   -40.6789
          -8.7571    -8.0159    -8.0084    -7.9411    -7.8358    -7.7496    -0.2322     0.1374
           0.6321     0.6770     0.8515     1.4433     1.7128     1.8358     2.1028     2.2244
           2.4366     2.5243     2.7929     2.9348     3.1823     3.4736     3.7429     3.8137
           6.8727     6.9361     7.1142     7.2737     7.2988     7.5768     7.8147     8.0331
           8.1050     8.1404

        KC interpolated eigenvalues at k=      0.2667      0.0000      0.2667

         -69.3214   -69.3196   -40.7392   -40.7308   -40.6979   -40.6907   -40.6887   -40.6794
          -8.7796    -8.0148    -7.9924    -7.9340    -7.8278    -7.7497    -0.2391     0.1064
           0.6236     0.6693     0.8468     1.3977     1.6999     1.8242     2.1087     2.2472
           2.4099     2.5200     2.7902     2.9989     3.2153     3.5065     3.7752     3.8275
           6.8813     6.9392     7.1051     7.2741     7.2981     7.5689     7.8276     8.0362
           8.1172     8.1435

        KC interpolated eigenvalues at k=      0.2500      0.0000      0.2500

         -69.3214   -69.3191   -40.7391   -40.7308   -40.6973   -40.6903   -40.6878   -40.6799
          -8.8010    -8.0162    -7.9749    -7.9266    -7.8201    -7.7499    -0.2438     0.0761
           0.6178     0.6643     0.8433     1.3485     1.6635     1.8374     2.1153     2.2627
           2.3816     2.5178     2.7728     3.0723     3.2484     3.5423     3.8065     3.8439
           6.8906     6.9419     7.0970     7.2689     7.3025     7.5591     7.8413     8.0378
           8.1291     8.1470

        KC interpolated eigenvalues at k=      0.2333      0.0000      0.2333

         -69.3214   -69.3187   -40.7390   -40.7308   -40.6966   -40.6899   -40.6870   -40.6803
          -8.8214    -8.0176    -7.9583    -7.9191    -7.8126    -7.7503    -0.2459     0.0469
           0.6146     0.6622     0.8409     1.2970     1.6166     1.8616     2.1225     2.2621
           2.3636     2.5163     2.7483     3.1454     3.2814     3.5812     3.8361     3.8624
           6.9006     6.9445     7.0901     7.2607     7.3089     7.5475     7.8555     8.0383
           8.1402     8.1508

        KC interpolated eigenvalues at k=      0.2167      0.0000      0.2167

         -69.3214   -69.3183   -40.7390   -40.7308   -40.6960   -40.6896   -40.6862   -40.6807
          -8.8405    -8.0189    -7.9428    -7.9115    -7.8054    -7.7507    -0.2453     0.0188
           0.6139     0.6631     0.8395     1.2439     1.5660     1.8894     2.1301     2.2391
           2.3639     2.5145     2.7195     3.2143     3.3143     3.6229     3.8637     3.8829
           6.9111     6.9473     7.0843     7.2511     7.3159     7.5344     7.8702     8.0378
           8.1503     8.1547

        KC interpolated eigenvalues at k=      0.2000      0.0000      0.2000

         -69.3214   -69.3179   -40.7391   -40.7310   -40.6954   -40.6895   -40.6854   -40.6810
          -8.8585    -8.0201    -7.9285    -7.9038    -7.7986    -7.7513    -0.2419    -0.0079
           0.6155     0.6668     0.8388     1.1902     1.5141     1.9181     2.1380     2.2028
           2.3749     2.5124     2.6877     3.2769     3.3468     3.6674     3.8887     3.9052
           6.9218     6.9507     7.0796     7.2404     7.3228     7.5200     7.8852     8.0365
           8.1587     8.1594

        KC interpolated eigenvalues at k=      0.1833      0.0000      0.1833

         -69.3215   -69.3176   -40.7392   -40.7311   -40.6949   -40.6895   -40.6847   -40.6812
          -8.8752    -8.0212    -7.9152    -7.8962    -7.7923    -7.7520    -0.2357    -0.0331
           0.6193     0.6735     0.8389     1.1365     1.4619     1.9458     2.1462     2.1624
           2.3887     2.5098     2.6541     3.3322     3.3787     3.7140     3.9114     3.9284
           6.9326     6.9551     7.0757     7.2287     7.3293     7.5045     7.9003     8.0345
           8.1626     8.1671

        KC interpolated eigenvalues at k=      0.1667      0.0000      0.1667

         -69.3216   -69.3173   -40.7393   -40.7313   -40.6944   -40.6896   -40.6841   -40.6814
          -8.8906    -8.0221    -7.9031    -7.8886    -7.7866    -7.7528    -0.2269    -0.0565
           0.6249     0.6829     0.8392     1.0837     1.4099     1.9703     2.1234     2.1545
           2.4025     2.5067     2.6195     3.3798     3.4099     3.7620     3.9323     3.9512
           6.9428     6.9612     7.0726     7.2162     7.3355     7.4882     7.9153     8.0321
           8.1664     8.1736

        KC interpolated eigenvalues at k=      0.1500      0.0000      0.1500

         -69.3217   -69.3170   -40.7395   -40.7315   -40.6939   -40.6898   -40.6835   -40.6814
          -8.9046    -8.0229    -7.8920    -7.8813    -7.7815    -7.7537    -0.2157    -0.0782
           0.6320     0.6949     0.8395     1.0331     1.3586     1.9854     2.0931     2.1628
           2.4150     2.5031     2.5848     3.4200     3.4401     3.8100     3.9520     3.9727
           6.9521     6.9693     7.0702     7.2027     7.3411     7.4714     7.9301     8.0294
           8.1700     8.1788

        KC interpolated eigenvalues at k=      0.1333      0.0000      0.1333

         -69.3218   -69.3168   -40.7397   -40.7318   -40.6935   -40.6901   -40.6830   -40.6815
          -8.9172    -8.0236    -7.8820    -7.8743    -7.7769    -7.7548    -0.2023    -0.0978
           0.6401     0.7092     0.8387     0.9865     1.3080     1.9794     2.0843     2.1710
           2.4257     2.4990     2.5508     3.4535     3.4687     3.8568     3.9703     3.9924
           6.9609     6.9792     7.0682     7.1885     7.3462     7.4543     7.9445     8.0266
           8.1733     8.1826

        KC interpolated eigenvalues at k=      0.1167      0.0000      0.1167

         -69.3220   -69.3166   -40.7399   -40.7321   -40.6931   -40.6904   -40.6826   -40.6814
          -8.9284    -8.0242    -7.8730    -7.8677    -7.7730    -7.7559    -0.1874    -0.1153
           0.6488     0.7250     0.8349     0.9471     1.2586     1.9534     2.0966     2.1791
           2.4339     2.4942     2.5192     3.4818     3.4946     3.9008     3.9871     4.0101
           6.9699     6.9899     7.0667     7.1735     7.3506     7.4375     7.9581     8.0238
           8.1762     8.1853

        KC interpolated eigenvalues at k=      0.1000      0.0000      0.1000

         -69.3221   -69.3165   -40.7401   -40.7323   -40.6928   -40.6907   -40.6822   -40.6814
          -8.9381    -8.0247    -7.8652    -7.8616    -7.7698    -7.7571    -0.1716    -0.1306
           0.6577     0.7403     0.8262     0.9193     1.2105     1.9210     2.1169     2.1867
           2.4375     2.4856     2.4959     3.5062     3.5170     3.9408     4.0024     4.0256
           6.9796     7.0008     7.0654     7.1580     7.3545     7.4214     7.9709     8.0211
           8.1788     8.1869

        KC interpolated eigenvalues at k=      0.0833      0.0000      0.0833

         -69.3222   -69.3164   -40.7403   -40.7325   -40.6926   -40.6911   -40.6819   -40.6813
          -8.9464    -8.0252    -7.8584    -7.8562    -7.7671    -7.7582    -0.1563    -0.1429
           0.6661     0.7488     0.8176     0.9052     1.1641     1.8891     2.1389     2.1939
           2.4301     2.4726     2.4884     3.5269     3.5356     3.9754     4.0163     4.0389
           6.9904     7.0112     7.0645     7.1419     7.3578     7.4063     7.9824     8.0186
           8.1810     8.1875

        KC interpolated eigenvalues at k=      0.0667      0.0000      0.0667

         -69.3223   -69.3163   -40.7404   -40.7328   -40.6923   -40.6914   -40.6816   -40.6813
          -8.9532    -8.0255    -7.8528    -7.8515    -7.7651    -7.7593    -0.1557    -0.1390
           0.6738     0.7407     0.8234     0.9005     1.1195     1.8606     2.1604     2.2003
           2.4106     2.4701     2.4839     3.5443     3.5504     4.0030     4.0297     4.0499
           7.0022     7.0207     7.0638     7.1256     7.3605     7.3929     7.9925     8.0164
           8.1828     8.1876

        KC interpolated eigenvalues at k=      0.0500      0.0000      0.0500

         -69.3224   -69.3162   -40.7406   -40.7329   -40.6922   -40.6916   -40.6814   -40.6812
          -8.9585    -8.0257    -7.8483    -7.8477    -7.7636    -7.7603    -0.1637    -0.1258
           0.6802     0.7224     0.8429     0.9002     1.0775     1.8370     2.1803     2.2058
           2.3885     2.4716     2.4803     3.5580     3.5617     4.0212     4.0438     4.0586
           7.0150     7.0288     7.0633     7.1090     7.3626     7.3817     8.0008     8.0146
           8.1842     8.1872

        KC interpolated eigenvalues at k=      0.0333      0.0000      0.0333

         -69.3225   -69.3161   -40.7407   -40.7331   -40.6921   -40.6918   -40.6813   -40.6812
          -8.9623    -8.0259    -7.8451    -7.8448    -7.7625    -7.7611    -0.1697    -0.1152
           0.6850     0.7049     0.8675     0.9013     1.0392     1.8194     2.1971     2.2100
           2.3691     2.4735     2.4776     3.5679     3.5697     4.0312     4.0573     4.0648
           7.0286     7.0353     7.0630     7.0925     7.3641     7.3731     8.0070     8.0133
           8.1852     8.1866

        KC interpolated eigenvalues at k=      0.0167      0.0000      0.0167

         -69.3225   -69.3161   -40.7407   -40.7331   -40.6920   -40.6919   -40.6812   -40.6812
          -8.9646    -8.0260    -7.8431    -7.8431    -7.7619    -7.7615    -0.1733    -0.1084
           0.6880     0.6931     0.8912     0.9025     1.0077     1.8085     2.2090     2.2126
           2.3555     2.4747     2.4758     3.5739     3.5744     4.0362     4.0665     4.0685
           7.0377     7.0447     7.0629     7.0762     7.3650     7.3677     8.0109     8.0125
           8.1858     8.1862

        KC interpolated eigenvalues at k=      0.0000      0.0000      0.0000

         -69.3225   -69.3161   -40.7408   -40.7332   -40.6920   -40.6920   -40.6812   -40.6812
          -8.9654    -8.0261    -7.8425    -7.8425    -7.7617    -7.7617    -0.1745    -0.1060
           0.6890     0.6890     0.9029     0.9029     0.9934     1.8048     2.2135     2.2135
           2.3504     2.4752     2.4752     3.5759     3.5759     4.0378     4.0697     4.0698
           7.0394     7.0571     7.0629     7.0629     7.3656     7.3656     8.0122     8.0122
           8.1860     8.1860

     ENDING BAND STRUCTURE INTERPOLATION


     Writing all to output data dir /home/nicola/CODES/q-e-kcw/tempdir/cri3_kcw.save/ :
     XML data file, pseudopotentials, collected wavefunctions

     KCW          :      8.83s CPU      9.85s WALL

     INITIALIZATION: 

     init_vloc    :      0.02s CPU      0.02s WALL (       1 calls)
     init_us_1    :      0.00s CPU      0.00s WALL (       1 calls)





     h_psi        :      0.91s CPU      0.93s WALL (       8 calls)

     h_psi        :      0.91s CPU      0.93s WALL (       8 calls)
     add_vuspsi   :      0.22s CPU      0.22s WALL (       8 calls)



      General routines
     calbec       :      0.23s CPU      0.23s WALL (       8 calls)
     fft          :      0.23s CPU      0.23s WALL (       5 calls)
     ffts         :      3.69s CPU      3.85s WALL (    2688 calls)
     fftw         :      0.41s CPU      0.43s WALL (     672 calls)
     davcio       :      0.03s CPU      0.46s WALL (      72 calls)


     KCW          :      8.84s CPU      9.89s WALL


   This run was terminated on:  20:54: 2  16Sep2025            

=------------------------------------------------------------------------------=
   JOB DONE.
=------------------------------------------------------------------------------=
