    0.0000  -69.3225
    0.0194  -69.3225
    0.0389  -69.3225
    0.0583  -69.3225
    0.0778  -69.3225
    0.0972  -69.3225
    0.1166  -69.3225
    0.1361  -69.3224
    0.1555  -69.3224
    0.1750  -69.3224
    0.1944  -69.3224
    0.2138  -69.3223
    0.2333  -69.3223
    0.2527  -69.3222
    0.2722  -69.3222
    0.2916  -69.3221
    0.3111  -69.3221
    0.3305  -69.3220
    0.3499  -69.3220
    0.3694  -69.3219
    0.3888  -69.3219
    0.4083  -69.3218
    0.4277  -69.3217
    0.4471  -69.3217
    0.4666  -69.3216
    0.4860  -69.3216
    0.5055  -69.3215
    0.5249  -69.3215
    0.5443  -69.3215
    0.5638  -69.3215
    0.5832  -69.3215
    0.6084  -69.3215
    0.6336  -69.3215
    0.6587  -69.3215
    0.6839  -69.3215
    0.7091  -69.3216
    0.7343  -69.3216
    0.7595  -69.3216
    0.7846  -69.3217
    0.8098  -69.3217
    0.8350  -69.3217
    0.8602  -69.3217
    0.8853  -69.3217
    0.9105  -69.3217
    0.9357  -69.3216
    0.9609  -69.3215
    0.9860  -69.3215
    1.0112  -69.3214
    1.0364  -69.3213
    1.0616  -69.3212
    1.0867  -69.3211
    1.1119  -69.3209
    1.1371  -69.3208
    1.1623  -69.3207
    1.1874  -69.3206
    1.2126  -69.3204
    1.2378  -69.3203
    1.2630  -69.3203
    1.2881  -69.3202
    1.3133  -69.3202
    1.3385  -69.3201
    1.3610  -69.3202
    1.3836  -69.3202
    1.4061  -69.3202
    1.4286  -69.3203
    1.4512  -69.3203
    1.4737  -69.3204
    1.4962  -69.3205
    1.5188  -69.3206
    1.5413  -69.3207
    1.5638  -69.3208
    1.5864  -69.3210
    1.6089  -69.3211
    1.6314  -69.3213
    1.6540  -69.3214
    1.6765  -69.3216
    1.6990  -69.3218
    1.7216  -69.3220
    1.7441  -69.3223
    1.7666  -69.3227
    1.7892  -69.3231
    1.8117  -69.3234
    1.8343  -69.3237
    1.8568  -69.3240
    1.8793  -69.3243
    1.9019  -69.3246
    1.9244  -69.3247
    1.9469  -69.3249
    1.9695  -69.3250
    1.9920  -69.3251
    2.0145  -69.3251
    2.0397  -69.3251
    2.0649  -69.3250
    2.0901  -69.3248
    2.1152  -69.3245
    2.1404  -69.3242
    2.1656  -69.3238
    2.1908  -69.3234
    2.2159  -69.3230
    2.2411  -69.3226
    2.2663  -69.3222
    2.2915  -69.3219
    2.3166  -69.3217
    2.3418  -69.3215
    2.3670  -69.3214
    2.3922  -69.3214
    2.4173  -69.3214
    2.4425  -69.3214
    2.4677  -69.3214
    2.4929  -69.3215
    2.5180  -69.3216
    2.5432  -69.3217
    2.5684  -69.3218
    2.5936  -69.3220
    2.6187  -69.3221
    2.6439  -69.3222
    2.6691  -69.3223
    2.6943  -69.3224
    2.7194  -69.3225
    2.7446  -69.3225
    2.7698  -69.3225

    0.0000  -69.3161
    0.0194  -69.3161
    0.0389  -69.3161
    0.0583  -69.3161
    0.0778  -69.3162
    0.0972  -69.3162
    0.1166  -69.3163
    0.1361  -69.3163
    0.1555  -69.3164
    0.1750  -69.3164
    0.1944  -69.3165
    0.2138  -69.3166
    0.2333  -69.3167
    0.2527  -69.3168
    0.2722  -69.3169
    0.2916  -69.3170
    0.3111  -69.3171
    0.3305  -69.3172
    0.3499  -69.3173
    0.3694  -69.3174
    0.3888  -69.3175
    0.4083  -69.3176
    0.4277  -69.3177
    0.4471  -69.3178
    0.4666  -69.3179
    0.4860  -69.3180
    0.5055  -69.3180
    0.5249  -69.3181
    0.5443  -69.3181
    0.5638  -69.3181
    0.5832  -69.3181
    0.6084  -69.3182
    0.6336  -69.3182
    0.6587  -69.3183
    0.6839  -69.3184
    0.7091  -69.3185
    0.7343  -69.3187
    0.7595  -69.3188
    0.7846  -69.3189
    0.8098  -69.3191
    0.8350  -69.3192
    0.8602  -69.3193
    0.8853  -69.3194
    0.9105  -69.3194
    0.9357  -69.3194
    0.9609  -69.3193
    0.9860  -69.3192
    1.0112  -69.3190
    1.0364  -69.3188
    1.0616  -69.3186
    1.0867  -69.3183
    1.1119  -69.3181
    1.1371  -69.3178
    1.1623  -69.3175
    1.1874  -69.3173
    1.2126  -69.3171
    1.2378  -69.3169
    1.2630  -69.3167
    1.2881  -69.3166
    1.3133  -69.3165
    1.3385  -69.3165
    1.3610  -69.3165
    1.3836  -69.3166
    1.4061  -69.3167
    1.4286  -69.3169
    1.4512  -69.3171
    1.4737  -69.3173
    1.4962  -69.3176
    1.5188  -69.3179
    1.5413  -69.3182
    1.5638  -69.3186
    1.5864  -69.3190
    1.6089  -69.3194
    1.6314  -69.3198
    1.6540  -69.3202
    1.6765  -69.3206
    1.6990  -69.3210
    1.7216  -69.3214
    1.7441  -69.3216
    1.7666  -69.3218
    1.7892  -69.3220
    1.8117  -69.3221
    1.8343  -69.3222
    1.8568  -69.3224
    1.8793  -69.3224
    1.9019  -69.3225
    1.9244  -69.3226
    1.9469  -69.3226
    1.9695  -69.3227
    1.9920  -69.3227
    2.0145  -69.3227
    2.0397  -69.3227
    2.0649  -69.3227
    2.0901  -69.3226
    2.1152  -69.3225
    2.1404  -69.3223
    2.1656  -69.3222
    2.1908  -69.3220
    2.2159  -69.3218
    2.2411  -69.3216
    2.2663  -69.3213
    2.2915  -69.3209
    2.3166  -69.3205
    2.3418  -69.3201
    2.3670  -69.3196
    2.3922  -69.3191
    2.4173  -69.3187
    2.4425  -69.3183
    2.4677  -69.3179
    2.4929  -69.3176
    2.5180  -69.3173
    2.5432  -69.3170
    2.5684  -69.3168
    2.5936  -69.3166
    2.6187  -69.3165
    2.6439  -69.3164
    2.6691  -69.3163
    2.6943  -69.3162
    2.7194  -69.3161
    2.7446  -69.3161
    2.7698  -69.3161

    0.0000  -40.7408
    0.0194  -40.7408
    0.0389  -40.7408
    0.0583  -40.7408
    0.0778  -40.7408
    0.0972  -40.7408
    0.1166  -40.7408
    0.1361  -40.7408
    0.1555  -40.7408
    0.1750  -40.7408
    0.1944  -40.7408
    0.2138  -40.7408
    0.2333  -40.7408
    0.2527  -40.7408
    0.2722  -40.7408
    0.2916  -40.7408
    0.3111  -40.7408
    0.3305  -40.7408
    0.3499  -40.7408
    0.3694  -40.7408
    0.3888  -40.7409
    0.4083  -40.7409
    0.4277  -40.7409
    0.4471  -40.7409
    0.4666  -40.7409
    0.4860  -40.7409
    0.5055  -40.7409
    0.5249  -40.7409
    0.5443  -40.7409
    0.5638  -40.7409
    0.5832  -40.7409
    0.6084  -40.7409
    0.6336  -40.7409
    0.6587  -40.7410
    0.6839  -40.7411
    0.7091  -40.7411
    0.7343  -40.7412
    0.7595  -40.7413
    0.7846  -40.7414
    0.8098  -40.7414
    0.8350  -40.7414
    0.8602  -40.7414
    0.8853  -40.7413
    0.9105  -40.7411
    0.9357  -40.7409
    0.9609  -40.7406
    0.9860  -40.7402
    1.0112  -40.7398
    1.0364  -40.7393
    1.0616  -40.7388
    1.0867  -40.7382
    1.1119  -40.7376
    1.1371  -40.7370
    1.1623  -40.7364
    1.1874  -40.7357
    1.2126  -40.7351
    1.2378  -40.7345
    1.2630  -40.7339
    1.2881  -40.7334
    1.3133  -40.7329
    1.3385  -40.7327
    1.3610  -40.7328
    1.3836  -40.7330
    1.4061  -40.7333
    1.4286  -40.7336
    1.4512  -40.7340
    1.4737  -40.7344
    1.4962  -40.7349
    1.5188  -40.7353
    1.5413  -40.7358
    1.5638  -40.7363
    1.5864  -40.7367
    1.6089  -40.7372
    1.6314  -40.7377
    1.6540  -40.7382
    1.6765  -40.7386
    1.6990  -40.7390
    1.7216  -40.7395
    1.7441  -40.7399
    1.7666  -40.7402
    1.7892  -40.7406
    1.8117  -40.7409
    1.8343  -40.7412
    1.8568  -40.7415
    1.8793  -40.7417
    1.9019  -40.7419
    1.9244  -40.7420
    1.9469  -40.7422
    1.9695  -40.7423
    1.9920  -40.7423
    2.0145  -40.7423
    2.0397  -40.7423
    2.0649  -40.7422
    2.0901  -40.7421
    2.1152  -40.7419
    2.1404  -40.7416
    2.1656  -40.7413
    2.1908  -40.7410
    2.2159  -40.7407
    2.2411  -40.7404
    2.2663  -40.7401
    2.2915  -40.7398
    2.3166  -40.7396
    2.3418  -40.7394
    2.3670  -40.7392
    2.3922  -40.7391
    2.4173  -40.7390
    2.4425  -40.7390
    2.4677  -40.7391
    2.4929  -40.7392
    2.5180  -40.7393
    2.5432  -40.7395
    2.5684  -40.7397
    2.5936  -40.7399
    2.6187  -40.7401
    2.6439  -40.7403
    2.6691  -40.7404
    2.6943  -40.7406
    2.7194  -40.7407
    2.7446  -40.7407
    2.7698  -40.7408

    0.0000  -40.7332
    0.0194  -40.7331
    0.0389  -40.7329
    0.0583  -40.7325
    0.0778  -40.7321
    0.0972  -40.7315
    0.1166  -40.7308
    0.1361  -40.7299
    0.1555  -40.7290
    0.1750  -40.7280
    0.1944  -40.7269
    0.2138  -40.7257
    0.2333  -40.7245
    0.2527  -40.7233
    0.2722  -40.7220
    0.2916  -40.7207
    0.3111  -40.7194
    0.3305  -40.7181
    0.3499  -40.7168
    0.3694  -40.7156
    0.3888  -40.7145
    0.4083  -40.7134
    0.4277  -40.7123
    0.4471  -40.7114
    0.4666  -40.7106
    0.4860  -40.7099
    0.5055  -40.7093
    0.5249  -40.7088
    0.5443  -40.7085
    0.5638  -40.7083
    0.5832  -40.7082
    0.6084  -40.7083
    0.6336  -40.7086
    0.6587  -40.7090
    0.6839  -40.7095
    0.7091  -40.7102
    0.7343  -40.7110
    0.7595  -40.7120
    0.7846  -40.7130
    0.8098  -40.7141
    0.8350  -40.7152
    0.8602  -40.7164
    0.8853  -40.7176
    0.9105  -40.7187
    0.9357  -40.7199
    0.9609  -40.7210
    0.9860  -40.7221
    1.0112  -40.7231
    1.0364  -40.7241
    1.0616  -40.7250
    1.0867  -40.7258
    1.1119  -40.7266
    1.1371  -40.7273
    1.1623  -40.7280
    1.1874  -40.7286
    1.2126  -40.7291
    1.2378  -40.7297
    1.2630  -40.7302
    1.2881  -40.7307
    1.3133  -40.7311
    1.3385  -40.7313
    1.3610  -40.7312
    1.3836  -40.7311
    1.4061  -40.7310
    1.4286  -40.7309
    1.4512  -40.7308
    1.4737  -40.7307
    1.4962  -40.7307
    1.5188  -40.7307
    1.5413  -40.7307
    1.5638  -40.7307
    1.5864  -40.7308
    1.6089  -40.7309
    1.6314  -40.7310
    1.6540  -40.7312
    1.6765  -40.7314
    1.6990  -40.7316
    1.7216  -40.7318
    1.7441  -40.7320
    1.7666  -40.7322
    1.7892  -40.7324
    1.8117  -40.7326
    1.8343  -40.7328
    1.8568  -40.7330
    1.8793  -40.7332
    1.9019  -40.7333
    1.9244  -40.7334
    1.9469  -40.7335
    1.9695  -40.7336
    1.9920  -40.7337
    2.0145  -40.7337
    2.0397  -40.7336
    2.0649  -40.7335
    2.0901  -40.7334
    2.1152  -40.7332
    2.1404  -40.7330
    2.1656  -40.7327
    2.1908  -40.7324
    2.2159  -40.7321
    2.2411  -40.7318
    2.2663  -40.7316
    2.2915  -40.7313
    2.3166  -40.7311
    2.3418  -40.7310
    2.3670  -40.7308
    2.3922  -40.7308
    2.4173  -40.7308
    2.4425  -40.7308
    2.4677  -40.7310
    2.4929  -40.7311
    2.5180  -40.7313
    2.5432  -40.7315
    2.5684  -40.7318
    2.5936  -40.7321
    2.6187  -40.7323
    2.6439  -40.7325
    2.6691  -40.7328
    2.6943  -40.7329
    2.7194  -40.7331
    2.7446  -40.7331
    2.7698  -40.7332

    0.0000  -40.6920
    0.0194  -40.6920
    0.0389  -40.6919
    0.0583  -40.6919
    0.0778  -40.6919
    0.0972  -40.6918
    0.1166  -40.6917
    0.1361  -40.6916
    0.1555  -40.6916
    0.1750  -40.6915
    0.1944  -40.6914
    0.2138  -40.6913
    0.2333  -40.6912
    0.2527  -40.6911
    0.2722  -40.6910
    0.2916  -40.6910
    0.3111  -40.6910
    0.3305  -40.6912
    0.3499  -40.6916
    0.3694  -40.6921
    0.3888  -40.6926
    0.4083  -40.6932
    0.4277  -40.6937
    0.4471  -40.6942
    0.4666  -40.6947
    0.4860  -40.6951
    0.5055  -40.6954
    0.5249  -40.6957
    0.5443  -40.6959
    0.5638  -40.6960
    0.5832  -40.6960
    0.6084  -40.6961
    0.6336  -40.6961
    0.6587  -40.6962
    0.6839  -40.6962
    0.7091  -40.6963
    0.7343  -40.6964
    0.7595  -40.6966
    0.7846  -40.6967
    0.8098  -40.6968
    0.8350  -40.6969
    0.8602  -40.6970
    0.8853  -40.6971
    0.9105  -40.6971
    0.9357  -40.6972
    0.9609  -40.6972
    0.9860  -40.6971
    1.0112  -40.6971
    1.0364  -40.6970
    1.0616  -40.6969
    1.0867  -40.6968
    1.1119  -40.6967
    1.1371  -40.6966
    1.1623  -40.6964
    1.1874  -40.6963
    1.2126  -40.6962
    1.2378  -40.6961
    1.2630  -40.6960
    1.2881  -40.6959
    1.3133  -40.6959
    1.3385  -40.6959
    1.3610  -40.6959
    1.3836  -40.6960
    1.4061  -40.6961
    1.4286  -40.6962
    1.4512  -40.6964
    1.4737  -40.6966
    1.4962  -40.6968
    1.5188  -40.6971
    1.5413  -40.6974
    1.5638  -40.6977
    1.5864  -40.6980
    1.6089  -40.6984
    1.6314  -40.6988
    1.6540  -40.6992
    1.6765  -40.6996
    1.6990  -40.7000
    1.7216  -40.7004
    1.7441  -40.7008
    1.7666  -40.7012
    1.7892  -40.7017
    1.8117  -40.7020
    1.8343  -40.7024
    1.8568  -40.7028
    1.8793  -40.7031
    1.9019  -40.7033
    1.9244  -40.7035
    1.9469  -40.7037
    1.9695  -40.7038
    1.9920  -40.7039
    2.0145  -40.7039
    2.0397  -40.7039
    2.0649  -40.7038
    2.0901  -40.7036
    2.1152  -40.7034
    2.1404  -40.7030
    2.1656  -40.7026
    2.1908  -40.7022
    2.2159  -40.7017
    2.2411  -40.7011
    2.2663  -40.7005
    2.2915  -40.6999
    2.3166  -40.6992
    2.3418  -40.6986
    2.3670  -40.6979
    2.3922  -40.6973
    2.4173  -40.6966
    2.4425  -40.6960
    2.4677  -40.6954
    2.4929  -40.6949
    2.5180  -40.6944
    2.5432  -40.6939
    2.5684  -40.6935
    2.5936  -40.6931
    2.6187  -40.6928
    2.6439  -40.6926
    2.6691  -40.6923
    2.6943  -40.6922
    2.7194  -40.6921
    2.7446  -40.6920
    2.7698  -40.6920

    0.0000  -40.6920
    0.0194  -40.6920
    0.0389  -40.6919
    0.0583  -40.6919
    0.0778  -40.6918
    0.0972  -40.6918
    0.1166  -40.6917
    0.1361  -40.6916
    0.1555  -40.6915
    0.1750  -40.6915
    0.1944  -40.6913
    0.2138  -40.6912
    0.2333  -40.6911
    0.2527  -40.6911
    0.2722  -40.6910
    0.2916  -40.6910
    0.3111  -40.6910
    0.3305  -40.6912
    0.3499  -40.6916
    0.3694  -40.6921
    0.3888  -40.6926
    0.4083  -40.6932
    0.4277  -40.6937
    0.4471  -40.6942
    0.4666  -40.6947
    0.4860  -40.6951
    0.5055  -40.6954
    0.5249  -40.6957
    0.5443  -40.6959
    0.5638  -40.6960
    0.5832  -40.6960
    0.6084  -40.6961
    0.6336  -40.6961
    0.6587  -40.6961
    0.6839  -40.6962
    0.7091  -40.6963
    0.7343  -40.6963
    0.7595  -40.6964
    0.7846  -40.6964
    0.8098  -40.6963
    0.8350  -40.6963
    0.8602  -40.6962
    0.8853  -40.6960
    0.9105  -40.6958
    0.9357  -40.6956
    0.9609  -40.6953
    0.9860  -40.6949
    1.0112  -40.6946
    1.0364  -40.6942
    1.0616  -40.6938
    1.0867  -40.6934
    1.1119  -40.6929
    1.1371  -40.6925
    1.1623  -40.6921
    1.1874  -40.6918
    1.2126  -40.6914
    1.2378  -40.6911
    1.2630  -40.6909
    1.2881  -40.6908
    1.3133  -40.6907
    1.3385  -40.6906
    1.3610  -40.6906
    1.3836  -40.6906
    1.4061  -40.6907
    1.4286  -40.6908
    1.4512  -40.6909
    1.4737  -40.6910
    1.4962  -40.6913
    1.5188  -40.6915
    1.5413  -40.6918
    1.5638  -40.6922
    1.5864  -40.6926
    1.6089  -40.6930
    1.6314  -40.6934
    1.6540  -40.6938
    1.6765  -40.6942
    1.6990  -40.6946
    1.7216  -40.6949
    1.7441  -40.6953
    1.7666  -40.6956
    1.7892  -40.6959
    1.8117  -40.6962
    1.8343  -40.6965
    1.8568  -40.6968
    1.8793  -40.6971
    1.9019  -40.6973
    1.9244  -40.6976
    1.9469  -40.6979
    1.9695  -40.6981
    1.9920  -40.6983
    2.0145  -40.6983
    2.0397  -40.6982
    2.0649  -40.6980
    2.0901  -40.6977
    2.1152  -40.6972
    2.1404  -40.6966
    2.1656  -40.6959
    2.1908  -40.6952
    2.2159  -40.6943
    2.2411  -40.6936
    2.2663  -40.6930
    2.2915  -40.6924
    2.3166  -40.6918
    2.3418  -40.6912
    2.3670  -40.6907
    2.3922  -40.6903
    2.4173  -40.6899
    2.4425  -40.6896
    2.4677  -40.6895
    2.4929  -40.6895
    2.5180  -40.6896
    2.5432  -40.6898
    2.5684  -40.6901
    2.5936  -40.6904
    2.6187  -40.6907
    2.6439  -40.6911
    2.6691  -40.6914
    2.6943  -40.6916
    2.7194  -40.6918
    2.7446  -40.6919
    2.7698  -40.6920

    0.0000  -40.6812
    0.0194  -40.6812
    0.0389  -40.6813
    0.0583  -40.6815
    0.0778  -40.6818
    0.0972  -40.6821
    0.1166  -40.6825
    0.1361  -40.6830
    0.1555  -40.6835
    0.1750  -40.6841
    0.1944  -40.6848
    0.2138  -40.6854
    0.2333  -40.6861
    0.2527  -40.6868
    0.2722  -40.6875
    0.2916  -40.6881
    0.3111  -40.6887
    0.3305  -40.6891
    0.3499  -40.6893
    0.3694  -40.6894
    0.3888  -40.6894
    0.4083  -40.6894
    0.4277  -40.6893
    0.4471  -40.6893
    0.4666  -40.6892
    0.4860  -40.6891
    0.5055  -40.6891
    0.5249  -40.6890
    0.5443  -40.6890
    0.5638  -40.6890
    0.5832  -40.6890
    0.6084  -40.6890
    0.6336  -40.6890
    0.6587  -40.6891
    0.6839  -40.6891
    0.7091  -40.6892
    0.7343  -40.6893
    0.7595  -40.6894
    0.7846  -40.6895
    0.8098  -40.6895
    0.8350  -40.6896
    0.8602  -40.6896
    0.8853  -40.6896
    0.9105  -40.6896
    0.9357  -40.6895
    0.9609  -40.6895
    0.9860  -40.6893
    1.0112  -40.6892
    1.0364  -40.6890
    1.0616  -40.6888
    1.0867  -40.6886
    1.1119  -40.6884
    1.1371  -40.6882
    1.1623  -40.6880
    1.1874  -40.6878
    1.2126  -40.6876
    1.2378  -40.6874
    1.2630  -40.6873
    1.2881  -40.6872
    1.3133  -40.6871
    1.3385  -40.6871
    1.3610  -40.6871
    1.3836  -40.6871
    1.4061  -40.6870
    1.4286  -40.6870
    1.4512  -40.6869
    1.4737  -40.6867
    1.4962  -40.6866
    1.5188  -40.6864
    1.5413  -40.6862
    1.5638  -40.6861
    1.5864  -40.6861
    1.6089  -40.6862
    1.6314  -40.6865
    1.6540  -40.6869
    1.6765  -40.6876
    1.6990  -40.6884
    1.7216  -40.6893
    1.7441  -40.6902
    1.7666  -40.6912
    1.7892  -40.6922
    1.8117  -40.6931
    1.8343  -40.6940
    1.8568  -40.6947
    1.8793  -40.6954
    1.9019  -40.6959
    1.9244  -40.6963
    1.9469  -40.6966
    1.9695  -40.6967
    1.9920  -40.6968
    2.0145  -40.6969
    2.0397  -40.6968
    2.0649  -40.6967
    2.0901  -40.6964
    2.1152  -40.6961
    2.1404  -40.6957
    2.1656  -40.6953
    2.1908  -40.6948
    2.2159  -40.6942
    2.2411  -40.6934
    2.2663  -40.6925
    2.2915  -40.6916
    2.3166  -40.6906
    2.3418  -40.6897
    2.3670  -40.6887
    2.3922  -40.6878
    2.4173  -40.6870
    2.4425  -40.6862
    2.4677  -40.6854
    2.4929  -40.6847
    2.5180  -40.6841
    2.5432  -40.6835
    2.5684  -40.6830
    2.5936  -40.6826
    2.6187  -40.6822
    2.6439  -40.6819
    2.6691  -40.6816
    2.6943  -40.6814
    2.7194  -40.6813
    2.7446  -40.6812
    2.7698  -40.6812

    0.0000  -40.6812
    0.0194  -40.6812
    0.0389  -40.6813
    0.0583  -40.6815
    0.0778  -40.6818
    0.0972  -40.6821
    0.1166  -40.6825
    0.1361  -40.6830
    0.1555  -40.6835
    0.1750  -40.6841
    0.1944  -40.6847
    0.2138  -40.6854
    0.2333  -40.6861
    0.2527  -40.6868
    0.2722  -40.6875
    0.2916  -40.6881
    0.3111  -40.6887
    0.3305  -40.6891
    0.3499  -40.6893
    0.3694  -40.6894
    0.3888  -40.6894
    0.4083  -40.6894
    0.4277  -40.6893
    0.4471  -40.6893
    0.4666  -40.6892
    0.4860  -40.6891
    0.5055  -40.6891
    0.5249  -40.6890
    0.5443  -40.6890
    0.5638  -40.6890
    0.5832  -40.6890
    0.6084  -40.6889
    0.6336  -40.6888
    0.6587  -40.6886
    0.6839  -40.6883
    0.7091  -40.6879
    0.7343  -40.6875
    0.7595  -40.6870
    0.7846  -40.6864
    0.8098  -40.6858
    0.8350  -40.6852
    0.8602  -40.6844
    0.8853  -40.6837
    0.9105  -40.6829
    0.9357  -40.6821
    0.9609  -40.6812
    0.9860  -40.6804
    1.0112  -40.6795
    1.0364  -40.6786
    1.0616  -40.6778
    1.0867  -40.6770
    1.1119  -40.6761
    1.1371  -40.6754
    1.1623  -40.6747
    1.1874  -40.6741
    1.2126  -40.6735
    1.2378  -40.6730
    1.2630  -40.6727
    1.2881  -40.6724
    1.3133  -40.6722
    1.3385  -40.6722
    1.3610  -40.6722
    1.3836  -40.6724
    1.4061  -40.6727
    1.4286  -40.6731
    1.4512  -40.6736
    1.4737  -40.6741
    1.4962  -40.6748
    1.5188  -40.6755
    1.5413  -40.6762
    1.5638  -40.6770
    1.5864  -40.6776
    1.6089  -40.6782
    1.6314  -40.6786
    1.6540  -40.6788
    1.6765  -40.6789
    1.6990  -40.6788
    1.7216  -40.6786
    1.7441  -40.6783
    1.7666  -40.6780
    1.7892  -40.6776
    1.8117  -40.6773
    1.8343  -40.6769
    1.8568  -40.6766
    1.8793  -40.6763
    1.9019  -40.6761
    1.9244  -40.6759
    1.9469  -40.6757
    1.9695  -40.6756
    1.9920  -40.6755
    2.0145  -40.6755
    2.0397  -40.6755
    2.0649  -40.6755
    2.0901  -40.6757
    2.1152  -40.6758
    2.1404  -40.6760
    2.1656  -40.6762
    2.1908  -40.6765
    2.2159  -40.6768
    2.2411  -40.6772
    2.2663  -40.6776
    2.2915  -40.6780
    2.3166  -40.6784
    2.3418  -40.6789
    2.3670  -40.6794
    2.3922  -40.6799
    2.4173  -40.6803
    2.4425  -40.6807
    2.4677  -40.6810
    2.4929  -40.6812
    2.5180  -40.6814
    2.5432  -40.6814
    2.5684  -40.6815
    2.5936  -40.6814
    2.6187  -40.6814
    2.6439  -40.6813
    2.6691  -40.6813
    2.6943  -40.6812
    2.7194  -40.6812
    2.7446  -40.6812
    2.7698  -40.6812

    0.0000   -8.9654
    0.0194   -8.9650
    0.0389   -8.9639
    0.0583   -8.9620
    0.0778   -8.9594
    0.0972   -8.9561
    0.1166   -8.9521
    0.1361   -8.9474
    0.1555   -8.9420
    0.1750   -8.9360
    0.1944   -8.9293
    0.2138   -8.9220
    0.2333   -8.9142
    0.2527   -8.9058
    0.2722   -8.8970
    0.2916   -8.8878
    0.3111   -8.8782
    0.3305   -8.8684
    0.3499   -8.8584
    0.3694   -8.8483
    0.3888   -8.8383
    0.4083   -8.8284
    0.4277   -8.8188
    0.4471   -8.8098
    0.4666   -8.8014
    0.4860   -8.7938
    0.5055   -8.7873
    0.5249   -8.7820
    0.5443   -8.7781
    0.5638   -8.7757
    0.5832   -8.7749
    0.6084   -8.7747
    0.6336   -8.7741
    0.6587   -8.7731
    0.6839   -8.7717
    0.7091   -8.7698
    0.7343   -8.7674
    0.7595   -8.7645
    0.7846   -8.7610
    0.8098   -8.7568
    0.8350   -8.7519
    0.8602   -8.7463
    0.8853   -8.7399
    0.9105   -8.7327
    0.9357   -8.7247
    0.9609   -8.7159
    0.9860   -8.7062
    1.0112   -8.6957
    1.0364   -8.6844
    1.0616   -8.6724
    1.0867   -8.6596
    1.1119   -8.6462
    1.1371   -8.6323
    1.1623   -8.6181
    1.1874   -8.6038
    1.2126   -8.5898
    1.2378   -8.5765
    1.2630   -8.5646
    1.2881   -8.5550
    1.3133   -8.5486
    1.3385   -8.5463
    1.3610   -8.5465
    1.3836   -8.5468
    1.4061   -8.5474
    1.4286   -8.5481
    1.4512   -8.5488
    1.4737   -8.5495
    1.4962   -8.5500
    1.5188   -8.5503
    1.5413   -8.5502
    1.5638   -8.5498
    1.5864   -8.5489
    1.6089   -8.5475
    1.6314   -8.5456
    1.6540   -8.5431
    1.6765   -8.5402
    1.6990   -8.5366
    1.7216   -8.5326
    1.7441   -8.5281
    1.7666   -8.5231
    1.7892   -8.5177
    1.8117   -8.5120
    1.8343   -8.5061
    1.8568   -8.5002
    1.8793   -8.4943
    1.9019   -8.4887
    1.9244   -8.4836
    1.9469   -8.4793
    1.9695   -8.4759
    1.9920   -8.4738
    2.0145   -8.4731
    2.0397   -8.4777
    2.0649   -8.4905
    2.0901   -8.5090
    2.1152   -8.5311
    2.1404   -8.5554
    2.1656   -8.5809
    2.1908   -8.6069
    2.2159   -8.6330
    2.2411   -8.6589
    2.2663   -8.6845
    2.2915   -8.7094
    2.3166   -8.7337
    2.3418   -8.7571
    2.3670   -8.7796
    2.3922   -8.8010
    2.4173   -8.8214
    2.4425   -8.8405
    2.4677   -8.8585
    2.4929   -8.8752
    2.5180   -8.8906
    2.5432   -8.9046
    2.5684   -8.9172
    2.5936   -8.9284
    2.6187   -8.9381
    2.6439   -8.9464
    2.6691   -8.9532
    2.6943   -8.9585
    2.7194   -8.9623
    2.7446   -8.9646
    2.7698   -8.9654

    0.0000   -8.0261
    0.0194   -8.0266
    0.0389   -8.0284
    0.0583   -8.0312
    0.0778   -8.0352
    0.0972   -8.0402
    0.1166   -8.0463
    0.1361   -8.0535
    0.1555   -8.0616
    0.1750   -8.0706
    0.1944   -8.0805
    0.2138   -8.0912
    0.2333   -8.1026
    0.2527   -8.1147
    0.2722   -8.1273
    0.2916   -8.1403
    0.3111   -8.1537
    0.3305   -8.1674
    0.3499   -8.1811
    0.3694   -8.1948
    0.3888   -8.2082
    0.4083   -8.2213
    0.4277   -8.2339
    0.4471   -8.2456
    0.4666   -8.2565
    0.4860   -8.2661
    0.5055   -8.2744
    0.5249   -8.2810
    0.5443   -8.2859
    0.5638   -8.2890
    0.5832   -8.2900
    0.6084   -8.2891
    0.6336   -8.2866
    0.6587   -8.2825
    0.6839   -8.2768
    0.7091   -8.2695
    0.7343   -8.2608
    0.7595   -8.2507
    0.7846   -8.2393
    0.8098   -8.2267
    0.8350   -8.2130
    0.8602   -8.1984
    0.8853   -8.1830
    0.9105   -8.1668
    0.9357   -8.1503
    0.9609   -8.1336
    0.9860   -8.1184
    1.0112   -8.1128
    1.0364   -8.1273
    1.0616   -8.1483
    1.0867   -8.1705
    1.1119   -8.1930
    1.1371   -8.2154
    1.1623   -8.2373
    1.1874   -8.2584
    1.2126   -8.2784
    1.2378   -8.2965
    1.2630   -8.3123
    1.2881   -8.3247
    1.3133   -8.3327
    1.3385   -8.3355
    1.3610   -8.3348
    1.3836   -8.3325
    1.4061   -8.3288
    1.4286   -8.3237
    1.4512   -8.3174
    1.4737   -8.3100
    1.4962   -8.3017
    1.5188   -8.2927
    1.5413   -8.2832
    1.5638   -8.2732
    1.5864   -8.2632
    1.6089   -8.2533
    1.6314   -8.2439
    1.6540   -8.2351
    1.6765   -8.2275
    1.6990   -8.2215
    1.7216   -8.2174
    1.7441   -8.2155
    1.7666   -8.2160
    1.7892   -8.2188
    1.8117   -8.2234
    1.8343   -8.2295
    1.8568   -8.2365
    1.8793   -8.2439
    1.9019   -8.2511
    1.9244   -8.2579
    1.9469   -8.2636
    1.9695   -8.2681
    1.9920   -8.2709
    2.0145   -8.2718
    2.0397   -8.2674
    2.0649   -8.2551
    2.0901   -8.2373
    2.1152   -8.2161
    2.1404   -8.1932
    2.1656   -8.1693
    2.1908   -8.1452
    2.2159   -8.1213
    2.2411   -8.0979
    2.2663   -8.0751
    2.2915   -8.0533
    2.3166   -8.0325
    2.3418   -8.0159
    2.3670   -8.0148
    2.3922   -8.0162
    2.4173   -8.0176
    2.4425   -8.0189
    2.4677   -8.0201
    2.4929   -8.0212
    2.5180   -8.0221
    2.5432   -8.0229
    2.5684   -8.0236
    2.5936   -8.0242
    2.6187   -8.0247
    2.6439   -8.0252
    2.6691   -8.0255
    2.6943   -8.0257
    2.7194   -8.0259
    2.7446   -8.0260
    2.7698   -8.0261

    0.0000   -7.8425
    0.0194   -7.8425
    0.0389   -7.8427
    0.0583   -7.8430
    0.0778   -7.8434
    0.0972   -7.8439
    0.1166   -7.8445
    0.1361   -7.8451
    0.1555   -7.8459
    0.1750   -7.8467
    0.1944   -7.8475
    0.2138   -7.8484
    0.2333   -7.8493
    0.2527   -7.8503
    0.2722   -7.8512
    0.2916   -7.8521
    0.3111   -7.8530
    0.3305   -7.8539
    0.3499   -7.8547
    0.3694   -7.8555
    0.3888   -7.8563
    0.4083   -7.8570
    0.4277   -7.8577
    0.4471   -7.8582
    0.4666   -7.8588
    0.4860   -7.8592
    0.5055   -7.8596
    0.5249   -7.8598
    0.5443   -7.8600
    0.5638   -7.8602
    0.5832   -7.8602
    0.6084   -7.8613
    0.6336   -7.8646
    0.6587   -7.8701
    0.6839   -7.8775
    0.7091   -7.8867
    0.7343   -7.8977
    0.7595   -7.9103
    0.7846   -7.9243
    0.8098   -7.9397
    0.8350   -7.9563
    0.8602   -7.9739
    0.8853   -7.9926
    0.9105   -8.0121
    0.9357   -8.0321
    0.9609   -8.0525
    0.9860   -8.0715
    1.0112   -8.0811
    1.0364   -8.0707
    1.0616   -8.0540
    1.0867   -8.0360
    1.1119   -8.0178
    1.1371   -7.9996
    1.1623   -7.9816
    1.1874   -7.9640
    1.2126   -7.9470
    1.2378   -7.9308
    1.2630   -7.9158
    1.2881   -7.9116
    1.3133   -7.9116
    1.3385   -7.9115
    1.3610   -7.9123
    1.3836   -7.9148
    1.4061   -7.9190
    1.4286   -7.9249
    1.4512   -7.9322
    1.4737   -7.9408
    1.4962   -7.9501
    1.5188   -7.9600
    1.5413   -7.9703
    1.5638   -7.9807
    1.5864   -7.9911
    1.6089   -8.0014
    1.6314   -8.0111
    1.6540   -8.0202
    1.6765   -8.0282
    1.6990   -8.0347
    1.7216   -8.0395
    1.7441   -8.0421
    1.7666   -8.0425
    1.7892   -8.0408
    1.8117   -8.0374
    1.8343   -8.0326
    1.8568   -8.0269
    1.8793   -8.0207
    1.9019   -8.0144
    1.9244   -8.0083
    1.9469   -8.0026
    1.9695   -7.9975
    1.9920   -7.9934
    2.0145   -7.9915
    2.0397   -7.9912
    2.0649   -7.9904
    2.0901   -7.9894
    2.1152   -7.9902
    2.1404   -7.9924
    2.1656   -7.9951
    2.1908   -7.9978
    2.2159   -8.0005
    2.2411   -8.0031
    2.2663   -8.0055
    2.2915   -8.0078
    2.3166   -8.0097
    2.3418   -8.0084
    2.3670   -7.9924
    2.3922   -7.9749
    2.4173   -7.9583
    2.4425   -7.9428
    2.4677   -7.9285
    2.4929   -7.9152
    2.5180   -7.9031
    2.5432   -7.8920
    2.5684   -7.8820
    2.5936   -7.8730
    2.6187   -7.8652
    2.6439   -7.8584
    2.6691   -7.8528
    2.6943   -7.8483
    2.7194   -7.8451
    2.7446   -7.8431
    2.7698   -7.8425

    0.0000   -7.8425
    0.0194   -7.8425
    0.0389   -7.8427
    0.0583   -7.8430
    0.0778   -7.8434
    0.0972   -7.8439
    0.1166   -7.8445
    0.1361   -7.8451
    0.1555   -7.8459
    0.1750   -7.8467
    0.1944   -7.8475
    0.2138   -7.8484
    0.2333   -7.8493
    0.2527   -7.8503
    0.2722   -7.8512
    0.2916   -7.8521
    0.3111   -7.8530
    0.3305   -7.8539
    0.3499   -7.8547
    0.3694   -7.8555
    0.3888   -7.8563
    0.4083   -7.8570
    0.4277   -7.8577
    0.4471   -7.8582
    0.4666   -7.8588
    0.4860   -7.8592
    0.5055   -7.8596
    0.5249   -7.8598
    0.5443   -7.8600
    0.5638   -7.8602
    0.5832   -7.8602
    0.6084   -7.8605
    0.6336   -7.8615
    0.6587   -7.8630
    0.6839   -7.8651
    0.7091   -7.8676
    0.7343   -7.8704
    0.7595   -7.8735
    0.7846   -7.8767
    0.8098   -7.8801
    0.8350   -7.8834
    0.8602   -7.8867
    0.8853   -7.8900
    0.9105   -7.8931
    0.9357   -7.8960
    0.9609   -7.8986
    0.9860   -7.9011
    1.0112   -7.9033
    1.0364   -7.9052
    1.0616   -7.9068
    1.0867   -7.9082
    1.1119   -7.9093
    1.1371   -7.9101
    1.1623   -7.9108
    1.1874   -7.9112
    1.2126   -7.9114
    1.2378   -7.9115
    1.2630   -7.9115
    1.2881   -7.9025
    1.3133   -7.8925
    1.3385   -7.8886
    1.3610   -7.8897
    1.3836   -7.8927
    1.4061   -7.8969
    1.4286   -7.9014
    1.4512   -7.9059
    1.4737   -7.9105
    1.4962   -7.9152
    1.5188   -7.9198
    1.5413   -7.9245
    1.5638   -7.9291
    1.5864   -7.9337
    1.6089   -7.9381
    1.6314   -7.9424
    1.6540   -7.9464
    1.6765   -7.9502
    1.6990   -7.9537
    1.7216   -7.9569
    1.7441   -7.9598
    1.7666   -7.9624
    1.7892   -7.9647
    1.8117   -7.9668
    1.8343   -7.9686
    1.8568   -7.9704
    1.8793   -7.9720
    1.9019   -7.9737
    1.9244   -7.9755
    1.9469   -7.9775
    1.9695   -7.9798
    1.9920   -7.9822
    2.0145   -7.9835
    2.0397   -7.9838
    2.0649   -7.9849
    2.0901   -7.9861
    2.1152   -7.9854
    2.1404   -7.9829
    2.1656   -7.9795
    2.1908   -7.9756
    2.2159   -7.9710
    2.2411   -7.9659
    2.2663   -7.9603
    2.2915   -7.9543
    2.3166   -7.9479
    2.3418   -7.9411
    2.3670   -7.9340
    2.3922   -7.9266
    2.4173   -7.9191
    2.4425   -7.9115
    2.4677   -7.9038
    2.4929   -7.8962
    2.5180   -7.8886
    2.5432   -7.8813
    2.5684   -7.8743
    2.5936   -7.8677
    2.6187   -7.8616
    2.6439   -7.8562
    2.6691   -7.8515
    2.6943   -7.8477
    2.7194   -7.8448
    2.7446   -7.8431
    2.7698   -7.8425

    0.0000   -7.7617
    0.0194   -7.7617
    0.0389   -7.7615
    0.0583   -7.7613
    0.0778   -7.7609
    0.0972   -7.7605
    0.1166   -7.7600
    0.1361   -7.7594
    0.1555   -7.7587
    0.1750   -7.7580
    0.1944   -7.7573
    0.2138   -7.7565
    0.2333   -7.7557
    0.2527   -7.7549
    0.2722   -7.7541
    0.2916   -7.7533
    0.3111   -7.7526
    0.3305   -7.7518
    0.3499   -7.7511
    0.3694   -7.7504
    0.3888   -7.7497
    0.4083   -7.7491
    0.4277   -7.7486
    0.4471   -7.7481
    0.4666   -7.7477
    0.4860   -7.7473
    0.5055   -7.7470
    0.5249   -7.7468
    0.5443   -7.7466
    0.5638   -7.7465
    0.5832   -7.7465
    0.6084   -7.7465
    0.6336   -7.7466
    0.6587   -7.7469
    0.6839   -7.7474
    0.7091   -7.7481
    0.7343   -7.7492
    0.7595   -7.7508
    0.7846   -7.7527
    0.8098   -7.7551
    0.8350   -7.7580
    0.8602   -7.7612
    0.8853   -7.7649
    0.9105   -7.7689
    0.9357   -7.7733
    0.9609   -7.7778
    0.9860   -7.7826
    1.0112   -7.7875
    1.0364   -7.7925
    1.0616   -7.7975
    1.0867   -7.8024
    1.1119   -7.8072
    1.1371   -7.8118
    1.1623   -7.8161
    1.1874   -7.8201
    1.2126   -7.8236
    1.2378   -7.8266
    1.2630   -7.8291
    1.2881   -7.8310
    1.3133   -7.8329
    1.3385   -7.8346
    1.3610   -7.8349
    1.3836   -7.8355
    1.4061   -7.8361
    1.4286   -7.8367
    1.4512   -7.8376
    1.4737   -7.8387
    1.4962   -7.8401
    1.5188   -7.8418
    1.5413   -7.8438
    1.5638   -7.8462
    1.5864   -7.8489
    1.6089   -7.8519
    1.6314   -7.8553
    1.6540   -7.8588
    1.6765   -7.8627
    1.6990   -7.8667
    1.7216   -7.8709
    1.7441   -7.8752
    1.7666   -7.8795
    1.7892   -7.8838
    1.8117   -7.8881
    1.8343   -7.8922
    1.8568   -7.8962
    1.8793   -7.8998
    1.9019   -7.9031
    1.9244   -7.9059
    1.9469   -7.9082
    1.9695   -7.9099
    1.9920   -7.9110
    2.0145   -7.9113
    2.0397   -7.9106
    2.0649   -7.9084
    2.0901   -7.9050
    2.1152   -7.9004
    2.1404   -7.8950
    2.1656   -7.8889
    2.1908   -7.8822
    2.2159   -7.8750
    2.2411   -7.8675
    2.2663   -7.8597
    2.2915   -7.8518
    2.3166   -7.8438
    2.3418   -7.8358
    2.3670   -7.8278
    2.3922   -7.8201
    2.4173   -7.8126
    2.4425   -7.8054
    2.4677   -7.7986
    2.4929   -7.7923
    2.5180   -7.7866
    2.5432   -7.7815
    2.5684   -7.7769
    2.5936   -7.7730
    2.6187   -7.7698
    2.6439   -7.7671
    2.6691   -7.7651
    2.6943   -7.7636
    2.7194   -7.7625
    2.7446   -7.7619
    2.7698   -7.7617

    0.0000   -7.7617
    0.0194   -7.7617
    0.0389   -7.7615
    0.0583   -7.7613
    0.0778   -7.7609
    0.0972   -7.7605
    0.1166   -7.7600
    0.1361   -7.7594
    0.1555   -7.7587
    0.1750   -7.7580
    0.1944   -7.7573
    0.2138   -7.7565
    0.2333   -7.7557
    0.2527   -7.7549
    0.2722   -7.7541
    0.2916   -7.7533
    0.3111   -7.7526
    0.3305   -7.7518
    0.3499   -7.7511
    0.3694   -7.7504
    0.3888   -7.7497
    0.4083   -7.7491
    0.4277   -7.7486
    0.4471   -7.7481
    0.4666   -7.7477
    0.4860   -7.7473
    0.5055   -7.7470
    0.5249   -7.7468
    0.5443   -7.7466
    0.5638   -7.7465
    0.5832   -7.7465
    0.6084   -7.7462
    0.6336   -7.7456
    0.6587   -7.7445
    0.6839   -7.7431
    0.7091   -7.7416
    0.7343   -7.7399
    0.7595   -7.7383
    0.7846   -7.7368
    0.8098   -7.7355
    0.8350   -7.7345
    0.8602   -7.7338
    0.8853   -7.7336
    0.9105   -7.7339
    0.9357   -7.7348
    0.9609   -7.7364
    0.9860   -7.7386
    1.0112   -7.7415
    1.0364   -7.7452
    1.0616   -7.7496
    1.0867   -7.7549
    1.1119   -7.7610
    1.1371   -7.7679
    1.1623   -7.7755
    1.1874   -7.7840
    1.2126   -7.7931
    1.2378   -7.8027
    1.2630   -7.8126
    1.2881   -7.8219
    1.3133   -7.8289
    1.3385   -7.8308
    1.3610   -7.8292
    1.3836   -7.8254
    1.4061   -7.8201
    1.4286   -7.8141
    1.4512   -7.8077
    1.4737   -7.8012
    1.4962   -7.7947
    1.5188   -7.7885
    1.5413   -7.7825
    1.5638   -7.7769
    1.5864   -7.7718
    1.6089   -7.7670
    1.6314   -7.7628
    1.6540   -7.7591
    1.6765   -7.7559
    1.6990   -7.7532
    1.7216   -7.7510
    1.7441   -7.7493
    1.7666   -7.7481
    1.7892   -7.7474
    1.8117   -7.7471
    1.8343   -7.7471
    1.8568   -7.7473
    1.8793   -7.7478
    1.9019   -7.7484
    1.9244   -7.7491
    1.9469   -7.7497
    1.9695   -7.7502
    1.9920   -7.7505
    2.0145   -7.7506
    2.0397   -7.7506
    2.0649   -7.7505
    2.0901   -7.7505
    2.1152   -7.7503
    2.1404   -7.7502
    2.1656   -7.7501
    2.1908   -7.7499
    2.2159   -7.7498
    2.2411   -7.7497
    2.2663   -7.7496
    2.2915   -7.7495
    2.3166   -7.7495
    2.3418   -7.7496
    2.3670   -7.7497
    2.3922   -7.7499
    2.4173   -7.7503
    2.4425   -7.7507
    2.4677   -7.7513
    2.4929   -7.7520
    2.5180   -7.7528
    2.5432   -7.7537
    2.5684   -7.7548
    2.5936   -7.7559
    2.6187   -7.7571
    2.6439   -7.7582
    2.6691   -7.7593
    2.6943   -7.7603
    2.7194   -7.7611
    2.7446   -7.7615
    2.7698   -7.7617

    0.0000   -0.1745
    0.0194   -0.1730
    0.0389   -0.1684
    0.0583   -0.1609
    0.0778   -0.1505
    0.0972   -0.1379
    0.1166   -0.1284
    0.1361   -0.1300
    0.1555   -0.1349
    0.1750   -0.1406
    0.1944   -0.1467
    0.2138   -0.1529
    0.2333   -0.1591
    0.2527   -0.1653
    0.2722   -0.1712
    0.2916   -0.1769
    0.3111   -0.1823
    0.3305   -0.1873
    0.3499   -0.1920
    0.3694   -0.1962
    0.3888   -0.2000
    0.4083   -0.2034
    0.4277   -0.2064
    0.4471   -0.2090
    0.4666   -0.2112
    0.4860   -0.2130
    0.5055   -0.2145
    0.5249   -0.2156
    0.5443   -0.2164
    0.5638   -0.2168
    0.5832   -0.2170
    0.6084   -0.2176
    0.6336   -0.2194
    0.6587   -0.2221
    0.6839   -0.2255
    0.7091   -0.2292
    0.7343   -0.2330
    0.7595   -0.2363
    0.7846   -0.2391
    0.8098   -0.2410
    0.8350   -0.2420
    0.8602   -0.2420
    0.8853   -0.2410
    0.9105   -0.2393
    0.9357   -0.2370
    0.9609   -0.2344
    0.9860   -0.2317
    1.0112   -0.2294
    1.0364   -0.2275
    1.0616   -0.2262
    1.0867   -0.2257
    1.1119   -0.2258
    1.1371   -0.2265
    1.1623   -0.2276
    1.1874   -0.2290
    1.2126   -0.2305
    1.2378   -0.2320
    1.2630   -0.2333
    1.2881   -0.2344
    1.3133   -0.2350
    1.3385   -0.2352
    1.3610   -0.2341
    1.3836   -0.2308
    1.4061   -0.2252
    1.4286   -0.2175
    1.4512   -0.2078
    1.4737   -0.1962
    1.4962   -0.1828
    1.5188   -0.1680
    1.5413   -0.1519
    1.5638   -0.1349
    1.5864   -0.1176
    1.6089   -0.1003
    1.6314   -0.0839
    1.6540   -0.0692
    1.6765   -0.0569
    1.6990   -0.0478
    1.7216   -0.0425
    1.7441   -0.0413
    1.7666   -0.0439
    1.7892   -0.0497
    1.8117   -0.0578
    1.8343   -0.0674
    1.8568   -0.0777
    1.8793   -0.0878
    1.9019   -0.0972
    1.9244   -0.1055
    1.9469   -0.1122
    1.9695   -0.1172
    1.9920   -0.1203
    2.0145   -0.1213
    2.0397   -0.1223
    2.0649   -0.1253
    2.0901   -0.1301
    2.1152   -0.1368
    2.1404   -0.1451
    2.1656   -0.1548
    2.1908   -0.1657
    2.2159   -0.1774
    2.2411   -0.1895
    2.2663   -0.2015
    2.2915   -0.2129
    2.3166   -0.2233
    2.3418   -0.2322
    2.3670   -0.2391
    2.3922   -0.2438
    2.4173   -0.2459
    2.4425   -0.2453
    2.4677   -0.2419
    2.4929   -0.2357
    2.5180   -0.2269
    2.5432   -0.2157
    2.5684   -0.2023
    2.5936   -0.1874
    2.6187   -0.1716
    2.6439   -0.1563
    2.6691   -0.1557
    2.6943   -0.1637
    2.7194   -0.1697
    2.7446   -0.1733
    2.7698   -0.1745

    0.0000   -0.1060
    0.0194   -0.1064
    0.0389   -0.1078
    0.0583   -0.1100
    0.0778   -0.1129
    0.0972   -0.1156
    0.1166   -0.1129
    0.1361   -0.0964
    0.1555   -0.0740
    0.1750   -0.0480
    0.1944   -0.0188
    0.2138    0.0135
    0.2333    0.0489
    0.2527    0.0873
    0.2722    0.1285
    0.2916    0.1724
    0.3111    0.2189
    0.3305    0.2677
    0.3499    0.3186
    0.3694    0.3711
    0.3888    0.4247
    0.4083    0.4789
    0.4277    0.5328
    0.4471    0.5855
    0.4666    0.6358
    0.4860    0.6822
    0.5055    0.7232
    0.5249    0.7573
    0.5443    0.7828
    0.5638    0.7986
    0.5832    0.8040
    0.6084    0.7979
    0.6336    0.7806
    0.6587    0.7547
    0.6839    0.7235
    0.7091    0.6893
    0.7343    0.6538
    0.7595    0.6181
    0.7846    0.5830
    0.8098    0.5492
    0.8350    0.5171
    0.8602    0.4871
    0.8853    0.4596
    0.9105    0.4350
    0.9357    0.4133
    0.9609    0.3949
    0.9860    0.3797
    1.0112    0.3678
    1.0364    0.3588
    1.0616    0.3527
    1.0867    0.3489
    1.1119    0.3469
    1.1371    0.3462
    1.1623    0.3461
    1.1874    0.3458
    1.2126    0.3444
    1.2378    0.3414
    1.2630    0.3376
    1.2881    0.3342
    1.3133    0.3319
    1.3385    0.3311
    1.3610    0.3323
    1.3836    0.3357
    1.4061    0.3410
    1.4286    0.3476
    1.4512    0.3539
    1.4737    0.3582
    1.4962    0.3603
    1.5188    0.3606
    1.5413    0.3597
    1.5638    0.3575
    1.5864    0.3543
    1.6089    0.3503
    1.6314    0.3459
    1.6540    0.3417
    1.6765    0.3387
    1.6990    0.3376
    1.7216    0.3393
    1.7441    0.3441
    1.7666    0.3520
    1.7892    0.3624
    1.8117    0.3747
    1.8343    0.3879
    1.8568    0.4013
    1.8793    0.4141
    1.9019    0.4258
    1.9244    0.4359
    1.9469    0.4440
    1.9695    0.4499
    1.9920    0.4536
    2.0145    0.4548
    2.0397    0.4518
    2.0649    0.4430
    2.0901    0.4286
    2.1152    0.4093
    2.1404    0.3857
    2.1656    0.3587
    2.1908    0.3292
    2.2159    0.2982
    2.2411    0.2661
    2.2663    0.2337
    2.2915    0.2013
    2.3166    0.1691
    2.3418    0.1374
    2.3670    0.1064
    2.3922    0.0761
    2.4173    0.0469
    2.4425    0.0188
    2.4677   -0.0079
    2.4929   -0.0331
    2.5180   -0.0565
    2.5432   -0.0782
    2.5684   -0.0978
    2.5936   -0.1153
    2.6187   -0.1306
    2.6439   -0.1429
    2.6691   -0.1390
    2.6943   -0.1258
    2.7194   -0.1152
    2.7446   -0.1084
    2.7698   -0.1060

    0.0000    0.6890
    0.0194    0.6886
    0.0389    0.6875
    0.0583    0.6859
    0.0778    0.6840
    0.0972    0.6821
    0.1166    0.6805
    0.1361    0.6793
    0.1555    0.6788
    0.1750    0.6790
    0.1944    0.6803
    0.2138    0.6826
    0.2333    0.6860
    0.2527    0.6906
    0.2722    0.6965
    0.2916    0.7036
    0.3111    0.7119
    0.3305    0.7215
    0.3499    0.7324
    0.3694    0.7445
    0.3888    0.7578
    0.4083    0.7722
    0.4277    0.7877
    0.4471    0.8041
    0.4666    0.8212
    0.4860    0.8389
    0.5055    0.8567
    0.5249    0.8741
    0.5443    0.8898
    0.5638    0.9017
    0.5832    0.9063
    0.6084    0.9031
    0.6336    0.8936
    0.6587    0.8782
    0.6839    0.8576
    0.7091    0.8330
    0.7343    0.8058
    0.7595    0.7769
    0.7846    0.7471
    0.8098    0.7170
    0.8350    0.6870
    0.8602    0.6575
    0.8853    0.6285
    0.9105    0.6004
    0.9357    0.5733
    0.9609    0.5473
    0.9860    0.5224
    1.0112    0.4989
    1.0364    0.4767
    1.0616    0.4560
    1.0867    0.4369
    1.1119    0.4196
    1.1371    0.4041
    1.1623    0.3907
    1.1874    0.3801
    1.2126    0.3726
    1.2378    0.3687
    1.2630    0.3673
    1.2881    0.3670
    1.3133    0.3672
    1.3385    0.3672
    1.3610    0.3675
    1.3836    0.3684
    1.4061    0.3700
    1.4286    0.3731
    1.4512    0.3788
    1.4737    0.3887
    1.4962    0.4029
    1.5188    0.4203
    1.5413    0.4404
    1.5638    0.4627
    1.5864    0.4870
    1.6089    0.5131
    1.6314    0.5406
    1.6540    0.5694
    1.6765    0.5991
    1.6990    0.6295
    1.7216    0.6602
    1.7441    0.6909
    1.7666    0.7212
    1.7892    0.7507
    1.8117    0.7790
    1.8343    0.8057
    1.8568    0.8293
    1.8793    0.8235
    1.9019    0.8136
    1.9244    0.8054
    1.9469    0.7989
    1.9695    0.7943
    1.9920    0.7915
    2.0145    0.7906
    2.0397    0.7899
    2.0649    0.7879
    2.0901    0.7844
    2.1152    0.7793
    2.1404    0.7724
    2.1656    0.7615
    2.1908    0.7355
    2.2159    0.7120
    2.2411    0.6911
    2.2663    0.6726
    2.2915    0.6566
    2.3166    0.6431
    2.3418    0.6321
    2.3670    0.6236
    2.3922    0.6178
    2.4173    0.6146
    2.4425    0.6139
    2.4677    0.6155
    2.4929    0.6193
    2.5180    0.6249
    2.5432    0.6320
    2.5684    0.6401
    2.5936    0.6488
    2.6187    0.6577
    2.6439    0.6661
    2.6691    0.6738
    2.6943    0.6802
    2.7194    0.6850
    2.7446    0.6880
    2.7698    0.6890

    0.0000    0.6890
    0.0194    0.6886
    0.0389    0.6875
    0.0583    0.6859
    0.0778    0.6840
    0.0972    0.6821
    0.1166    0.6805
    0.1361    0.6793
    0.1555    0.6788
    0.1750    0.6791
    0.1944    0.6803
    0.2138    0.6826
    0.2333    0.6860
    0.2527    0.6906
    0.2722    0.6965
    0.2916    0.7036
    0.3111    0.7119
    0.3305    0.7215
    0.3499    0.7324
    0.3694    0.7445
    0.3888    0.7578
    0.4083    0.7722
    0.4277    0.7877
    0.4471    0.8041
    0.4666    0.8212
    0.4860    0.8389
    0.5055    0.8567
    0.5249    0.8741
    0.5443    0.8898
    0.5638    0.9017
    0.5832    0.9063
    0.6084    0.9074
    0.6336    0.9113
    0.6587    0.9186
    0.6839    0.9280
    0.7091    0.9372
    0.7343    0.9439
    0.7595    0.9465
    0.7846    0.9446
    0.8098    0.9390
    0.8350    0.9309
    0.8602    0.9217
    0.8853    0.9124
    0.9105    0.9038
    0.9357    0.8969
    0.9609    0.8924
    0.9860    0.8907
    1.0112    0.8925
    1.0364    0.8982
    1.0616    0.9079
    1.0867    0.9217
    1.1119    0.9392
    1.1371    0.9592
    1.1623    0.9790
    1.1874    0.9914
    1.2126    0.9912
    1.2378    0.9845
    1.2630    0.9768
    1.2881    0.9705
    1.3133    0.9664
    1.3385    0.9650
    1.3610    0.9649
    1.3836    0.9645
    1.4061    0.9637
    1.4286    0.9623
    1.4512    0.9599
    1.4737    0.9562
    1.4962    0.9509
    1.5188    0.9435
    1.5413    0.9342
    1.5638    0.9232
    1.5864    0.9115
    1.6089    0.9000
    1.6314    0.8898
    1.6540    0.8817
    1.6765    0.8763
    1.6990    0.8737
    1.7216    0.8740
    1.7441    0.8768
    1.7666    0.8815
    1.7892    0.8789
    1.8117    0.8636
    1.8343    0.8490
    1.8568    0.8369
    1.8793    0.8535
    1.9019    0.8730
    1.9244    0.8896
    1.9469    0.9029
    1.9695    0.9126
    1.9920    0.9185
    2.0145    0.9205
    2.0397    0.9075
    2.0649    0.8814
    2.0901    0.8511
    2.1152    0.8201
    2.1404    0.7899
    2.1656    0.7638
    2.1908    0.7531
    2.2159    0.7406
    2.2411    0.7270
    2.2663    0.7129
    2.2915    0.6994
    2.3166    0.6872
    2.3418    0.6770
    2.3670    0.6693
    2.3922    0.6643
    2.4173    0.6622
    2.4425    0.6631
    2.4677    0.6668
    2.4929    0.6735
    2.5180    0.6829
    2.5432    0.6949
    2.5684    0.7092
    2.5936    0.7250
    2.6187    0.7403
    2.6439    0.7488
    2.6691    0.7407
    2.6943    0.7224
    2.7194    0.7049
    2.7446    0.6931
    2.7698    0.6890

    0.0000    0.9029
    0.0194    0.9045
    0.0389    0.9090
    0.0583    0.9164
    0.0778    0.9263
    0.0972    0.9384
    0.1166    0.9522
    0.1361    0.9675
    0.1555    0.9839
    0.1750    1.0010
    0.1944    1.0184
    0.2138    1.0358
    0.2333    1.0527
    0.2527    1.0687
    0.2722    1.0835
    0.2916    1.0964
    0.3111    1.1071
    0.3305    1.1152
    0.3499    1.1202
    0.3694    1.1220
    0.3888    1.1205
    0.4083    1.1157
    0.4277    1.1078
    0.4471    1.0970
    0.4666    1.0839
    0.4860    1.0689
    0.5055    1.0529
    0.5249    1.0365
    0.5443    1.0214
    0.5638    1.0098
    0.5832    1.0052
    0.6084    1.0022
    0.6336    0.9953
    0.6587    0.9878
    0.6839    0.9819
    0.7091    0.9780
    0.7343    0.9758
    0.7595    0.9751
    0.7846    0.9758
    0.8098    0.9778
    0.8350    0.9811
    0.8602    0.9855
    0.8853    0.9912
    0.9105    0.9979
    0.9357    1.0057
    0.9609    1.0144
    0.9860    1.0237
    1.0112    1.0332
    1.0364    1.0420
    1.0616    1.0491
    1.0867    1.0531
    1.1119    1.0531
    1.1371    1.0497
    1.1623    1.0462
    1.1874    1.0504
    1.2126    1.0680
    1.2378    1.0924
    1.2630    1.1171
    1.2881    1.1381
    1.3133    1.1524
    1.3385    1.1575
    1.3610    1.1565
    1.3836    1.1537
    1.4061    1.1490
    1.4286    1.1428
    1.4512    1.1351
    1.4737    1.1263
    1.4962    1.1166
    1.5188    1.1061
    1.5413    1.0944
    1.5638    1.0807
    1.5864    1.0641
    1.6089    1.0449
    1.6314    1.0238
    1.6540    1.0020
    1.6765    0.9800
    1.6990    0.9584
    1.7216    0.9375
    1.7441    0.9176
    1.7666    0.8993
    1.7892    0.8913
    1.8117    0.8986
    1.8343    0.9077
    1.8568    0.9172
    1.8793    0.9266
    1.9019    0.9352
    1.9244    0.9428
    1.9469    0.9489
    1.9695    0.9534
    1.9920    0.9562
    2.0145    0.9571
    2.0397    0.9631
    2.0649    0.9693
    2.0901    0.9686
    2.1152    0.9609
    2.1404    0.9481
    2.1656    0.9324
    2.1908    0.9159
    2.2159    0.9003
    2.2411    0.8865
    2.2663    0.8748
    2.2915    0.8652
    2.3166    0.8575
    2.3418    0.8515
    2.3670    0.8468
    2.3922    0.8433
    2.4173    0.8409
    2.4425    0.8395
    2.4677    0.8388
    2.4929    0.8389
    2.5180    0.8392
    2.5432    0.8395
    2.5684    0.8387
    2.5936    0.8349
    2.6187    0.8262
    2.6439    0.8176
    2.6691    0.8234
    2.6943    0.8429
    2.7194    0.8675
    2.7446    0.8912
    2.7698    0.9029

    0.0000    0.9029
    0.0194    0.9045
    0.0389    0.9090
    0.0583    0.9164
    0.0778    0.9263
    0.0972    0.9384
    0.1166    0.9522
    0.1361    0.9675
    0.1555    0.9839
    0.1750    1.0010
    0.1944    1.0184
    0.2138    1.0358
    0.2333    1.0527
    0.2527    1.0688
    0.2722    1.0835
    0.2916    1.0964
    0.3111    1.1071
    0.3305    1.1152
    0.3499    1.1202
    0.3694    1.1220
    0.3888    1.1205
    0.4083    1.1157
    0.4277    1.1078
    0.4471    1.0970
    0.4666    1.0839
    0.4860    1.0689
    0.5055    1.0529
    0.5249    1.0365
    0.5443    1.0214
    0.5638    1.0098
    0.5832    1.0052
    0.6084    1.0097
    0.6336    1.0210
    0.6587    1.0355
    0.6839    1.0515
    0.7091    1.0692
    0.7343    1.0898
    0.7595    1.1143
    0.7846    1.1425
    0.8098    1.1733
    0.8350    1.2051
    0.8602    1.2362
    0.8853    1.2645
    0.9105    1.2876
    0.9357    1.3033
    0.9609    1.3098
    0.9860    1.3075
    1.0112    1.2987
    1.0364    1.2867
    1.0616    1.2754
    1.0867    1.2682
    1.1119    1.2681
    1.1371    1.2762
    1.1623    1.2924
    1.1874    1.3156
    1.2126    1.3441
    1.2378    1.3759
    1.2630    1.4073
    1.2881    1.4313
    1.3133    1.4419
    1.3385    1.4437
    1.3610    1.4408
    1.3836    1.4311
    1.4061    1.4123
    1.4286    1.3844
    1.4512    1.3506
    1.4737    1.3144
    1.4962    1.2788
    1.5188    1.2460
    1.5413    1.2180
    1.5638    1.1963
    1.5864    1.1821
    1.6089    1.1750
    1.6314    1.1736
    1.6540    1.1766
    1.6765    1.1828
    1.6990    1.1913
    1.7216    1.2018
    1.7441    1.2137
    1.7666    1.2268
    1.7892    1.2410
    1.8117    1.2561
    1.8343    1.2720
    1.8568    1.2886
    1.8793    1.3056
    1.9019    1.3226
    1.9244    1.3389
    1.9469    1.3537
    1.9695    1.3658
    1.9920    1.3738
    2.0145    1.3766
    2.0397    1.3793
    2.0649    1.3875
    2.0901    1.4011
    2.1152    1.4194
    2.1404    1.4413
    2.1656    1.4652
    2.1908    1.4894
    2.2159    1.5114
    2.2411    1.5270
    2.2663    1.5294
    2.2915    1.5139
    2.3166    1.4833
    2.3418    1.4433
    2.3670    1.3977
    2.3922    1.3485
    2.4173    1.2970
    2.4425    1.2439
    2.4677    1.1902
    2.4929    1.1365
    2.5180    1.0837
    2.5432    1.0331
    2.5684    0.9865
    2.5936    0.9471
    2.6187    0.9193
    2.6439    0.9052
    2.6691    0.9005
    2.6943    0.9002
    2.7194    0.9013
    2.7446    0.9025
    2.7698    0.9029

    0.0000    0.9934
    0.0194    0.9943
    0.0389    0.9968
    0.0583    1.0008
    0.0778    1.0064
    0.0972    1.0133
    0.1166    1.0214
    0.1361    1.0304
    0.1555    1.0402
    0.1750    1.0506
    0.1944    1.0612
    0.2138    1.0719
    0.2333    1.0825
    0.2527    1.0927
    0.2722    1.1023
    0.2916    1.1113
    0.3111    1.1195
    0.3305    1.1268
    0.3499    1.1332
    0.3694    1.1387
    0.3888    1.1434
    0.4083    1.1475
    0.4277    1.1510
    0.4471    1.1542
    0.4666    1.1572
    0.4860    1.1601
    0.5055    1.1631
    0.5249    1.1659
    0.5443    1.1683
    0.5638    1.1701
    0.5832    1.1707
    0.6084    1.1774
    0.6336    1.1959
    0.6587    1.2224
    0.6839    1.2541
    0.7091    1.2891
    0.7343    1.3262
    0.7595    1.3646
    0.7846    1.4040
    0.8098    1.4441
    0.8350    1.4846
    0.8602    1.5253
    0.8853    1.5656
    0.9105    1.6037
    0.9357    1.6315
    0.9609    1.6409
    0.9860    1.6483
    1.0112    1.6600
    1.0364    1.6735
    1.0616    1.6834
    1.0867    1.6827
    1.1119    1.6700
    1.1371    1.6496
    1.1623    1.6255
    1.1874    1.6000
    1.2126    1.5747
    1.2378    1.5516
    1.2630    1.5339
    1.2881    1.5267
    1.3133    1.5317
    1.3385    1.5367
    1.3610    1.5316
    1.3836    1.5194
    1.4061    1.5066
    1.4286    1.4975
    1.4512    1.4923
    1.4737    1.4897
    1.4962    1.4891
    1.5188    1.4901
    1.5413    1.4925
    1.5638    1.4965
    1.5864    1.5021
    1.6089    1.5095
    1.6314    1.5187
    1.6540    1.5298
    1.6765    1.5430
    1.6990    1.5583
    1.7216    1.5760
    1.7441    1.5959
    1.7666    1.6183
    1.7892    1.6430
    1.8117    1.6700
    1.8343    1.6989
    1.8568    1.7285
    1.8793    1.7552
    1.9019    1.7675
    1.9244    1.7621
    1.9469    1.7509
    1.9695    1.7401
    1.9920    1.7326
    2.0145    1.7299
    2.0397    1.7348
    2.0649    1.7477
    2.0901    1.7635
    2.1152    1.7747
    2.1404    1.7750
    2.1656    1.7638
    2.1908    1.7447
    2.2159    1.7223
    2.2411    1.7020
    2.2663    1.6909
    2.2915    1.6934
    2.3166    1.7047
    2.3418    1.7128
    2.3670    1.6999
    2.3922    1.6635
    2.4173    1.6166
    2.4425    1.5660
    2.4677    1.5141
    2.4929    1.4619
    2.5180    1.4099
    2.5432    1.3586
    2.5684    1.3080
    2.5936    1.2586
    2.6187    1.2105
    2.6439    1.1641
    2.6691    1.1195
    2.6943    1.0775
    2.7194    1.0392
    2.7446    1.0077
    2.7698    0.9934

    0.0000    1.8048
    0.0194    1.8040
    0.0389    1.8015
    0.0583    1.7974
    0.0778    1.7919
    0.0972    1.7852
    0.1166    1.7774
    0.1361    1.7689
    0.1555    1.7599
    0.1750    1.7507
    0.1944    1.7414
    0.2138    1.7324
    0.2333    1.7238
    0.2527    1.7159
    0.2722    1.7089
    0.2916    1.7029
    0.3111    1.6982
    0.3305    1.6948
    0.3499    1.6929
    0.3694    1.6926
    0.3888    1.6939
    0.4083    1.6971
    0.4277    1.7021
    0.4471    1.7091
    0.4666    1.7183
    0.4860    1.7298
    0.5055    1.7436
    0.5249    1.7591
    0.5443    1.7747
    0.5638    1.7872
    0.5832    1.7921
    0.6084    1.7933
    0.6336    1.7972
    0.6587    1.8045
    0.6839    1.8159
    0.7091    1.8312
    0.7343    1.8469
    0.7595    1.8477
    0.7846    1.8242
    0.8098    1.7924
    0.8350    1.7594
    0.8602    1.7281
    0.8853    1.7009
    0.9105    1.6818
    0.9357    1.6810
    0.9609    1.7077
    0.9860    1.7438
    1.0112    1.7745
    1.0364    1.7835
    1.0616    1.7801
    1.0867    1.7826
    1.1119    1.7946
    1.1371    1.8118
    1.1623    1.8296
    1.1874    1.8453
    1.2126    1.8559
    1.2378    1.8576
    1.2630    1.8469
    1.2881    1.8250
    1.3133    1.8017
    1.3385    1.7915
    1.3610    1.7961
    1.3836    1.8080
    1.4061    1.8233
    1.4286    1.8386
    1.4512    1.8519
    1.4737    1.8623
    1.4962    1.8698
    1.5188    1.8746
    1.5413    1.8771
    1.5638    1.8780
    1.5864    1.8775
    1.6089    1.8761
    1.6314    1.8741
    1.6540    1.8716
    1.6765    1.8688
    1.6990    1.8658
    1.7216    1.8625
    1.7441    1.8589
    1.7666    1.8546
    1.7892    1.8494
    1.8117    1.8429
    1.8343    1.8350
    1.8568    1.8265
    1.8793    1.8209
    1.9019    1.8299
    1.9244    1.8570
    1.9469    1.8906
    1.9695    1.9238
    1.9920    1.9512
    2.0145    1.9630
    2.0397    1.9616
    2.0649    1.9585
    2.0901    1.9572
    2.1152    1.9628
    2.1404    1.9787
    2.1656    2.0034
    2.1908    2.0307
    2.2159    2.0292
    2.2411    2.0000
    2.2663    1.9594
    2.2915    1.9147
    2.3166    1.8708
    2.3418    1.8358
    2.3670    1.8242
    2.3922    1.8374
    2.4173    1.8616
    2.4425    1.8894
    2.4677    1.9181
    2.4929    1.9458
    2.5180    1.9703
    2.5432    1.9854
    2.5684    1.9794
    2.5936    1.9534
    2.6187    1.9210
    2.6439    1.8891
    2.6691    1.8606
    2.6943    1.8370
    2.7194    1.8194
    2.7446    1.8085
    2.7698    1.8048

    0.0000    2.2135
    0.0194    2.2122
    0.0389    2.2083
    0.0583    2.2020
    0.0778    2.1932
    0.0972    2.1822
    0.1166    2.1691
    0.1361    2.1542
    0.1555    2.1378
    0.1750    2.1202
    0.1944    2.1018
    0.2138    2.0831
    0.2333    2.0645
    0.2527    2.0465
    0.2722    2.0296
    0.2916    2.0144
    0.3111    2.0014
    0.3305    1.9909
    0.3499    1.9834
    0.3694    1.9789
    0.3888    1.9777
    0.4083    1.9795
    0.4277    1.9841
    0.4471    1.9909
    0.4666    1.9993
    0.4860    2.0085
    0.5055    2.0178
    0.5249    2.0262
    0.5443    2.0329
    0.5638    2.0373
    0.5832    2.0388
    0.6084    2.0287
    0.6336    2.0107
    0.6587    1.9907
    0.6839    1.9680
    0.7091    1.9428
    0.7343    1.9189
    0.7595    1.9109
    0.7846    1.9220
    0.8098    1.9250
    0.8350    1.9181
    0.8602    1.9077
    0.8853    1.8957
    0.9105    1.8824
    0.9357    1.8683
    0.9609    1.8539
    0.9860    1.8407
    1.0112    1.8352
    1.0364    1.8538
    1.0616    1.8899
    1.0867    1.9300
    1.1119    1.9705
    1.1371    2.0099
    1.1623    2.0471
    1.1874    2.0806
    1.2126    2.1071
    1.2378    2.1135
    1.2630    2.0936
    1.2881    2.0809
    1.3133    2.0788
    1.3385    2.0810
    1.3610    2.0818
    1.3836    2.0840
    1.4061    2.0876
    1.4286    2.0923
    1.4512    2.0977
    1.4737    2.1034
    1.4962    2.1089
    1.5188    2.1134
    1.5413    2.1165
    1.5638    2.1176
    1.5864    2.1169
    1.6089    2.1144
    1.6314    2.1102
    1.6540    2.1044
    1.6765    2.0973
    1.6990    2.0889
    1.7216    2.0797
    1.7441    2.0701
    1.7666    2.0607
    1.7892    2.0520
    1.8117    2.0447
    1.8343    2.0396
    1.8568    2.0371
    1.8793    2.0371
    1.9019    2.0395
    1.9244    2.0435
    1.9469    2.0482
    1.9695    2.0524
    1.9920    2.0542
    2.0145    2.0536
    2.0397    2.0549
    2.0649    2.0568
    2.0901    2.0577
    2.1152    2.0576
    2.1404    2.0567
    2.1656    2.0545
    2.1908    2.0506
    2.2159    2.0665
    2.2411    2.0871
    2.2663    2.0917
    2.2915    2.0942
    2.3166    2.0979
    2.3418    2.1028
    2.3670    2.1087
    2.3922    2.1153
    2.4173    2.1225
    2.4425    2.1301
    2.4677    2.1380
    2.4929    2.1462
    2.5180    2.1234
    2.5432    2.0931
    2.5684    2.0843
    2.5936    2.0966
    2.6187    2.1169
    2.6439    2.1389
    2.6691    2.1604
    2.6943    2.1803
    2.7194    2.1971
    2.7446    2.2090
    2.7698    2.2135

    0.0000    2.2135
    0.0194    2.2122
    0.0389    2.2083
    0.0583    2.2020
    0.0778    2.1932
    0.0972    2.1822
    0.1166    2.1691
    0.1361    2.1542
    0.1555    2.1378
    0.1750    2.1202
    0.1944    2.1018
    0.2138    2.0831
    0.2333    2.0645
    0.2527    2.0465
    0.2722    2.0296
    0.2916    2.0144
    0.3111    2.0014
    0.3305    1.9909
    0.3499    1.9834
    0.3694    1.9789
    0.3888    1.9777
    0.4083    1.9795
    0.4277    1.9841
    0.4471    1.9909
    0.4666    1.9993
    0.4860    2.0085
    0.5055    2.0178
    0.5249    2.0262
    0.5443    2.0329
    0.5638    2.0373
    0.5832    2.0388
    0.6084    2.0356
    0.6336    2.0268
    0.6587    2.0145
    0.6839    2.0014
    0.7091    1.9893
    0.7343    1.9789
    0.7595    1.9715
    0.7846    1.9734
    0.8098    1.9961
    0.8350    2.0341
    0.8602    2.0788
    0.8853    2.1264
    0.9105    2.1748
    0.9357    2.2207
    0.9609    2.2571
    0.9860    2.2731
    1.0112    2.2711
    1.0364    2.2613
    1.0616    2.2483
    1.0867    2.2337
    1.1119    2.2182
    1.1371    2.2018
    1.1623    2.1847
    1.1874    2.1662
    1.2126    2.1456
    1.2378    2.1292
    1.2630    2.1243
    1.2881    2.1133
    1.3133    2.1014
    1.3385    2.0950
    1.3610    2.0956
    1.3836    2.0972
    1.4061    2.0999
    1.4286    2.1033
    1.4512    2.1074
    1.4737    2.1119
    1.4962    2.1165
    1.5188    2.1214
    1.5413    2.1266
    1.5638    2.1321
    1.5864    2.1378
    1.6089    2.1435
    1.6314    2.1489
    1.6540    2.1541
    1.6765    2.1588
    1.6990    2.1630
    1.7216    2.1664
    1.7441    2.1690
    1.7666    2.1706
    1.7892    2.1709
    1.8117    2.1697
    1.8343    2.1668
    1.8568    2.1619
    1.8793    2.1547
    1.9019    2.1448
    1.9244    2.1320
    1.9469    2.1163
    1.9695    2.0986
    1.9920    2.0826
    2.0145    2.0761
    2.0397    2.0798
    2.0649    2.0927
    2.0901    2.1163
    2.1152    2.1503
    2.1404    2.1887
    2.1656    2.1806
    2.1908    2.1478
    2.2159    2.1221
    2.2411    2.1182
    2.2663    2.1407
    2.2915    2.1695
    2.3166    2.1980
    2.3418    2.2244
    2.3670    2.2472
    2.3922    2.2627
    2.4173    2.2621
    2.4425    2.2391
    2.4677    2.2028
    2.4929    2.1624
    2.5180    2.1545
    2.5432    2.1628
    2.5684    2.1710
    2.5936    2.1791
    2.6187    2.1867
    2.6439    2.1939
    2.6691    2.2003
    2.6943    2.2058
    2.7194    2.2100
    2.7446    2.2126
    2.7698    2.2135

    0.0000    2.3504
    0.0194    2.3513
    0.0389    2.3540
    0.0583    2.3584
    0.0778    2.3643
    0.0972    2.3716
    0.1166    2.3801
    0.1361    2.3895
    0.1555    2.3997
    0.1750    2.4104
    0.1944    2.4214
    0.2138    2.4324
    0.2333    2.4432
    0.2527    2.4536
    0.2722    2.4633
    0.2916    2.4630
    0.3111    2.4601
    0.3305    2.4566
    0.3499    2.4524
    0.3694    2.4475
    0.3888    2.4419
    0.4083    2.4356
    0.4277    2.4287
    0.4471    2.3918
    0.4666    2.3419
    0.4860    2.2855
    0.5055    2.2274
    0.5249    2.1726
    0.5443    2.1262
    0.5638    2.0941
    0.5832    2.0825
    0.6084    2.0962
    0.6336    2.1244
    0.6587    2.1590
    0.6839    2.1980
    0.7091    2.2405
    0.7343    2.2854
    0.7595    2.3316
    0.7846    2.3743
    0.8098    2.3825
    0.8350    2.3783
    0.8602    2.3722
    0.8853    2.3650
    0.9105    2.3578
    0.9357    2.3529
    0.9609    2.3567
    0.9860    2.3792
    1.0112    2.4171
    1.0364    2.4582
    1.0616    2.4939
    1.0867    2.5115
    1.1119    2.4929
    1.1371    2.4411
    1.1623    2.3759
    1.1874    2.3105
    1.2126    2.2556
    1.2378    2.2231
    1.2630    2.2176
    1.2881    2.2252
    1.3133    2.2329
    1.3385    2.2359
    1.3610    2.2366
    1.3836    2.2387
    1.4061    2.2421
    1.4286    2.2469
    1.4512    2.2529
    1.4737    2.2598
    1.4962    2.2674
    1.5188    2.2755
    1.5413    2.2837
    1.5638    2.2917
    1.5864    2.2995
    1.6089    2.3069
    1.6314    2.3137
    1.6540    2.3200
    1.6765    2.3256
    1.6990    2.3304
    1.7216    2.3343
    1.7441    2.3374
    1.7666    2.3395
    1.7892    2.3408
    1.8117    2.3411
    1.8343    2.3408
    1.8568    2.3398
    1.8793    2.3385
    1.9019    2.3370
    1.9244    2.3354
    1.9469    2.3338
    1.9695    2.3319
    1.9920    2.3291
    2.0145    2.3270
    2.0397    2.3250
    2.0649    2.3127
    2.0901    2.2904
    2.1152    2.2617
    2.1404    2.2349
    2.1656    2.2624
    2.1908    2.3247
    2.2159    2.3942
    2.2411    2.4489
    2.2663    2.4572
    2.2915    2.4600
    2.3166    2.4541
    2.3418    2.4366
    2.3670    2.4099
    2.3922    2.3816
    2.4173    2.3636
    2.4425    2.3639
    2.4677    2.3749
    2.4929    2.3887
    2.5180    2.4025
    2.5432    2.4150
    2.5684    2.4257
    2.5936    2.4339
    2.6187    2.4375
    2.6439    2.4301
    2.6691    2.4106
    2.6943    2.3885
    2.7194    2.3691
    2.7446    2.3555
    2.7698    2.3504

    0.0000    2.4752
    0.0194    2.4751
    0.0389    2.4750
    0.0583    2.4747
    0.0778    2.4744
    0.0972    2.4739
    0.1166    2.4735
    0.1361    2.4730
    0.1555    2.4724
    0.1750    2.4717
    0.1944    2.4709
    0.2138    2.4700
    0.2333    2.4687
    0.2527    2.4672
    0.2722    2.4653
    0.2916    2.4630
    0.3111    2.4601
    0.3305    2.4566
    0.3499    2.4524
    0.3694    2.4475
    0.3888    2.4419
    0.4083    2.4356
    0.4277    2.4287
    0.4471    2.4212
    0.4666    2.4135
    0.4860    2.4058
    0.5055    2.3985
    0.5249    2.3921
    0.5443    2.3870
    0.5638    2.3837
    0.5832    2.3826
    0.6084    2.3831
    0.6336    2.3847
    0.6587    2.3868
    0.6839    2.3890
    0.7091    2.3908
    0.7343    2.3917
    0.7595    2.3918
    0.7846    2.3947
    0.8098    2.4306
    0.8350    2.4763
    0.8602    2.5199
    0.8853    2.5592
    0.9105    2.5942
    0.9357    2.6269
    0.9609    2.6581
    0.9860    2.6878
    1.0112    2.7140
    1.0364    2.7302
    1.0616    2.7224
    1.0867    2.6989
    1.1119    2.6925
    1.1371    2.7098
    1.1623    2.7355
    1.1874    2.7588
    1.2126    2.7730
    1.2378    2.7757
    1.2630    2.7707
    1.2881    2.7636
    1.3133    2.7581
    1.3385    2.7560
    1.3610    2.7577
    1.3836    2.7627
    1.4061    2.7708
    1.4286    2.7814
    1.4512    2.7938
    1.4737    2.8063
    1.4962    2.8167
    1.5188    2.8223
    1.5413    2.8218
    1.5638    2.8161
    1.5864    2.8066
    1.6089    2.7946
    1.6314    2.7807
    1.6540    2.7654
    1.6765    2.7486
    1.6990    2.7301
    1.7216    2.7096
    1.7441    2.6864
    1.7666    2.6602
    1.7892    2.6306
    1.8117    2.5978
    1.8343    2.5622
    1.8568    2.5248
    1.8793    2.4865
    1.9019    2.4487
    1.9244    2.4130
    1.9469    2.3818
    1.9695    2.3575
    1.9920    2.3435
    2.0145    2.3398
    2.0397    2.3394
    2.0649    2.3449
    2.0901    2.3566
    2.1152    2.3718
    2.1404    2.3886
    2.1656    2.4059
    2.1908    2.4223
    2.2159    2.4370
    2.2411    2.4629
    2.2663    2.5165
    2.2915    2.5361
    2.3166    2.5318
    2.3418    2.5243
    2.3670    2.5200
    2.3922    2.5178
    2.4173    2.5163
    2.4425    2.5145
    2.4677    2.5124
    2.4929    2.5098
    2.5180    2.5067
    2.5432    2.5031
    2.5684    2.4990
    2.5936    2.4942
    2.6187    2.4856
    2.6439    2.4726
    2.6691    2.4701
    2.6943    2.4716
    2.7194    2.4735
    2.7446    2.4747
    2.7698    2.4752

    0.0000    2.4752
    0.0194    2.4751
    0.0389    2.4750
    0.0583    2.4747
    0.0778    2.4744
    0.0972    2.4739
    0.1166    2.4735
    0.1361    2.4730
    0.1555    2.4724
    0.1750    2.4717
    0.1944    2.4709
    0.2138    2.4700
    0.2333    2.4687
    0.2527    2.4672
    0.2722    2.4653
    0.2916    2.4718
    0.3111    2.4789
    0.3305    2.4838
    0.3499    2.4857
    0.3694    2.4835
    0.3888    2.4753
    0.4083    2.4587
    0.4277    2.4313
    0.4471    2.4213
    0.4666    2.4135
    0.4860    2.4058
    0.5055    2.3985
    0.5249    2.3921
    0.5443    2.3870
    0.5638    2.3837
    0.5832    2.3826
    0.6084    2.3844
    0.6336    2.3896
    0.6587    2.3980
    0.6839    2.4092
    0.7091    2.4230
    0.7343    2.4394
    0.7595    2.4583
    0.7846    2.4798
    0.8098    2.5040
    0.8350    2.5313
    0.8602    2.5626
    0.8853    2.5990
    0.9105    2.6391
    0.9357    2.6798
    0.9609    2.7183
    0.9860    2.7519
    1.0112    2.7771
    1.0364    2.7923
    1.0616    2.8071
    1.0867    2.8284
    1.1119    2.8520
    1.1371    2.8730
    1.1623    2.8794
    1.1874    2.8737
    1.2126    2.8714
    1.2378    2.8764
    1.2630    2.8854
    1.2881    2.8940
    1.3133    2.8997
    1.3385    2.9017
    1.3610    2.9017
    1.3836    2.9020
    1.4061    2.9025
    1.4286    2.9031
    1.4512    2.9041
    1.4737    2.9062
    1.4962    2.9102
    1.5188    2.9175
    1.5413    2.9271
    1.5638    2.9361
    1.5864    2.9416
    1.6089    2.9434
    1.6314    2.9422
    1.6540    2.9380
    1.6765    2.9303
    1.6990    2.9186
    1.7216    2.9035
    1.7441    2.8862
    1.7666    2.8687
    1.7892    2.8523
    1.8117    2.8376
    1.8343    2.8249
    1.8568    2.8135
    1.8793    2.8030
    1.9019    2.7929
    1.9244    2.7831
    1.9469    2.7743
    1.9695    2.7673
    1.9920    2.7629
    2.0145    2.7614
    2.0397    2.7593
    2.0649    2.7544
    2.0901    2.7480
    2.1152    2.7405
    2.1404    2.7311
    2.1656    2.7195
    2.1908    2.7054
    2.2159    2.6900
    2.2411    2.6777
    2.2663    2.6805
    2.2915    2.7150
    2.3166    2.7650
    2.3418    2.7929
    2.3670    2.7902
    2.3922    2.7728
    2.4173    2.7483
    2.4425    2.7195
    2.4677    2.6877
    2.4929    2.6541
    2.5180    2.6195
    2.5432    2.5848
    2.5684    2.5508
    2.5936    2.5192
    2.6187    2.4959
    2.6439    2.4884
    2.6691    2.4839
    2.6943    2.4803
    2.7194    2.4776
    2.7446    2.4758
    2.7698    2.4752

    0.0000    3.5759
    0.0194    3.5756
    0.0389    3.5747
    0.0583    3.5731
    0.0778    3.5709
    0.0972    3.5679
    0.1166    3.5643
    0.1361    3.5599
    0.1555    3.5547
    0.1750    3.5488
    0.1944    3.5420
    0.2138    3.5345
    0.2333    3.5263
    0.2527    3.4949
    0.2722    3.4177
    0.2916    3.3379
    0.3111    3.2564
    0.3305    3.1742
    0.3499    3.0925
    0.3694    3.0133
    0.3888    2.9389
    0.4083    2.8724
    0.4277    2.8170
    0.4471    2.7749
    0.4666    2.7457
    0.4860    2.7267
    0.5055    2.7149
    0.5249    2.7077
    0.5443    2.7036
    0.5638    2.7014
    0.5832    2.7008
    0.6084    2.7039
    0.6336    2.7134
    0.6587    2.7286
    0.6839    2.7491
    0.7091    2.7740
    0.7343    2.8023
    0.7595    2.8329
    0.7846    2.8645
    0.8098    2.8958
    0.8350    2.9254
    0.8602    2.9518
    0.8853    2.9739
    0.9105    2.9907
    0.9357    3.0017
    0.9609    3.0066
    0.9860    3.0039
    1.0112    2.9882
    1.0364    2.9601
    1.0616    2.9375
    1.0867    2.9243
    1.1119    2.9141
    1.1371    2.9062
    1.1623    2.9127
    1.1874    2.9336
    1.2126    2.9573
    1.2378    2.9819
    1.2630    3.0071
    1.2881    3.0322
    1.3133    3.0564
    1.3385    3.0778
    1.3610    3.0643
    1.3836    3.0497
    1.4061    3.0352
    1.4286    3.0216
    1.4512    3.0093
    1.4737    2.9989
    1.4962    2.9912
    1.5188    2.9868
    1.5413    2.9867
    1.5638    2.9918
    1.5864    3.0019
    1.6089    3.0141
    1.6314    3.0248
    1.6540    3.0309
    1.6765    3.0286
    1.6990    3.0170
    1.7216    3.0039
    1.7441    2.9901
    1.7666    2.9727
    1.7892    2.9514
    1.8117    2.9283
    1.8343    2.9052
    1.8568    2.8836
    1.8793    2.8650
    1.9019    2.8502
    1.9244    2.8394
    1.9469    2.8321
    1.9695    2.8276
    1.9920    2.8252
    2.0145    2.8244
    2.0397    2.8299
    2.0649    2.8443
    2.0901    2.8644
    2.1152    2.8868
    2.1404    2.9058
    2.1656    2.9125
    2.1908    2.9102
    2.2159    2.9056
    2.2411    2.9005
    2.2663    2.8955
    2.2915    2.8925
    2.3166    2.8992
    2.3418    2.9348
    2.3670    2.9989
    2.3922    3.0723
    2.4173    3.1454
    2.4425    3.2143
    2.4677    3.2769
    2.4929    3.3322
    2.5180    3.3798
    2.5432    3.4200
    2.5684    3.4535
    2.5936    3.4818
    2.6187    3.5062
    2.6439    3.5269
    2.6691    3.5443
    2.6943    3.5580
    2.7194    3.5679
    2.7446    3.5739
    2.7698    3.5759

    0.0000    3.5759
    0.0194    3.5756
    0.0389    3.5747
    0.0583    3.5731
    0.0778    3.5709
    0.0972    3.5679
    0.1166    3.5643
    0.1361    3.5599
    0.1555    3.5547
    0.1750    3.5488
    0.1944    3.5420
    0.2138    3.5345
    0.2333    3.5263
    0.2527    3.5173
    0.2722    3.5078
    0.2916    3.4977
    0.3111    3.4871
    0.3305    3.4763
    0.3499    3.4652
    0.3694    3.4542
    0.3888    3.4433
    0.4083    3.4328
    0.4277    3.4227
    0.4471    3.4133
    0.4666    3.4048
    0.4860    3.3973
    0.5055    3.3910
    0.5249    3.3859
    0.5443    3.3822
    0.5638    3.3800
    0.5832    3.3792
    0.6084    3.3786
    0.6336    3.3766
    0.6587    3.3734
    0.6839    3.3692
    0.7091    3.3641
    0.7343    3.3585
    0.7595    3.3524
    0.7846    3.3461
    0.8098    3.3394
    0.8350    3.3314
    0.8602    3.3195
    0.8853    3.2994
    0.9105    3.2665
    0.9357    3.2203
    0.9609    3.1654
    0.9860    3.1101
    1.0112    3.0687
    1.0364    3.0527
    1.0616    3.0538
    1.0867    3.0643
    1.1119    3.0804
    1.1371    3.0980
    1.1623    3.1141
    1.1874    3.1262
    1.2126    3.1325
    1.2378    3.1326
    1.2630    3.1265
    1.2881    3.1149
    1.3133    3.0987
    1.3385    3.0800
    1.3610    3.0929
    1.3836    3.1059
    1.4061    3.1174
    1.4286    3.1272
    1.4512    3.1348
    1.4737    3.1397
    1.4962    3.1414
    1.5188    3.1395
    1.5413    3.1338
    1.5638    3.1241
    1.5864    3.1107
    1.6089    3.0942
    1.6314    3.0759
    1.6540    3.0575
    1.6765    3.0429
    1.6990    3.0338
    1.7216    3.0234
    1.7441    3.0115
    1.7666    3.0014
    1.7892    2.9939
    1.8117    2.9880
    1.8343    2.9829
    1.8568    2.9783
    1.8793    2.9741
    1.9019    2.9704
    1.9244    2.9671
    1.9469    2.9644
    1.9695    2.9624
    1.9920    2.9612
    2.0145    2.9608
    2.0397    2.9597
    2.0649    2.9566
    2.0901    2.9522
    2.1152    2.9483
    2.1404    2.9497
    2.1656    2.9654
    2.1908    2.9916
    2.2159    3.0214
    2.2411    3.0527
    2.2663    3.0845
    2.2915    3.1169
    2.3166    3.1495
    2.3418    3.1823
    2.3670    3.2153
    2.3922    3.2484
    2.4173    3.2814
    2.4425    3.3143
    2.4677    3.3468
    2.4929    3.3787
    2.5180    3.4099
    2.5432    3.4401
    2.5684    3.4687
    2.5936    3.4946
    2.6187    3.5170
    2.6439    3.5356
    2.6691    3.5504
    2.6943    3.5617
    2.7194    3.5697
    2.7446    3.5744
    2.7698    3.5759

    0.0000    4.0378
    0.0194    4.0343
    0.0389    4.0238
    0.0583    4.0064
    0.0778    3.9821
    0.0972    3.9511
    0.1166    3.9137
    0.1361    3.8700
    0.1555    3.8203
    0.1750    3.7650
    0.1944    3.7043
    0.2138    3.6388
    0.2333    3.5688
    0.2527    3.5174
    0.2722    3.5078
    0.2916    3.4977
    0.3111    3.4871
    0.3305    3.4763
    0.3499    3.4652
    0.3694    3.4542
    0.3888    3.4433
    0.4083    3.4328
    0.4277    3.4227
    0.4471    3.4133
    0.4666    3.4048
    0.4860    3.3973
    0.5055    3.3910
    0.5249    3.3859
    0.5443    3.3822
    0.5638    3.3800
    0.5832    3.3792
    0.6084    3.3794
    0.6336    3.3800
    0.6587    3.3809
    0.6839    3.3820
    0.7091    3.3833
    0.7343    3.3845
    0.7595    3.3855
    0.7846    3.3861
    0.8098    3.3863
    0.8350    3.3861
    0.8602    3.3860
    0.8853    3.3873
    0.9105    3.3907
    0.9357    3.3953
    0.9609    3.3993
    0.9860    3.4015
    1.0112    3.4017
    1.0364    3.4007
    1.0616    3.3990
    1.0867    3.3971
    1.1119    3.3956
    1.1371    3.3953
    1.1623    3.3967
    1.1874    3.4005
    1.2126    3.4072
    1.2378    3.4166
    1.2630    3.4278
    1.2881    3.4393
    1.3133    3.4487
    1.3385    3.4525
    1.3610    3.4502
    1.3836    3.4437
    1.4061    3.4339
    1.4286    3.4217
    1.4512    3.4077
    1.4737    3.3924
    1.4962    3.3765
    1.5188    3.3605
    1.5413    3.3448
    1.5638    3.3299
    1.5864    3.3164
    1.6089    3.3044
    1.6314    3.2943
    1.6540    3.2866
    1.6765    3.2814
    1.6990    3.2789
    1.7216    3.2786
    1.7441    3.2800
    1.7666    3.2827
    1.7892    3.2861
    1.8117    3.2902
    1.8343    3.2947
    1.8568    3.2997
    1.8793    3.3052
    1.9019    3.3111
    1.9244    3.3174
    1.9469    3.3237
    1.9695    3.3296
    1.9920    3.3341
    2.0145    3.3359
    2.0397    3.3337
    2.0649    3.3293
    2.0901    3.3260
    2.1152    3.3252
    2.1404    3.3278
    2.1656    3.3338
    2.1908    3.3434
    2.2159    3.3566
    2.2411    3.3733
    2.2663    3.3935
    2.2915    3.4170
    2.3166    3.4437
    2.3418    3.4736
    2.3670    3.5065
    2.3922    3.5423
    2.4173    3.5812
    2.4425    3.6229
    2.4677    3.6674
    2.4929    3.7140
    2.5180    3.7620
    2.5432    3.8100
    2.5684    3.8568
    2.5936    3.9008
    2.6187    3.9408
    2.6439    3.9754
    2.6691    4.0030
    2.6943    4.0212
    2.7194    4.0312
    2.7446    4.0362
    2.7698    4.0378

    0.0000    4.0697
    0.0194    4.0695
    0.0389    4.0687
    0.0583    4.0675
    0.0778    4.0657
    0.0972    4.0634
    0.1166    4.0606
    0.1361    4.0573
    0.1555    4.0535
    0.1750    4.0492
    0.1944    4.0444
    0.2138    4.0391
    0.2333    4.0335
    0.2527    4.0274
    0.2722    4.0210
    0.2916    4.0143
    0.3111    4.0075
    0.3305    4.0005
    0.3499    3.9935
    0.3694    3.9865
    0.3888    3.9797
    0.4083    3.9731
    0.4277    3.9669
    0.4471    3.9611
    0.4666    3.9559
    0.4860    3.9513
    0.5055    3.9475
    0.5249    3.9444
    0.5443    3.9422
    0.5638    3.9408
    0.5832    3.9403
    0.6084    3.9369
    0.6336    3.9268
    0.6587    3.9100
    0.6839    3.8868
    0.7091    3.8574
    0.7343    3.8222
    0.7595    3.7819
    0.7846    3.7373
    0.8098    3.6896
    0.8350    3.6409
    0.8602    3.5944
    0.8853    3.5546
    0.9105    3.5266
    0.9357    3.5126
    0.9609    3.5115
    0.9860    3.5201
    1.0112    3.5344
    1.0364    3.5505
    1.0616    3.5654
    1.0867    3.5763
    1.1119    3.5820
    1.1371    3.5823
    1.1623    3.5782
    1.1874    3.5711
    1.2126    3.5619
    1.2378    3.5515
    1.2630    3.5405
    1.2881    3.5299
    1.3133    3.5214
    1.3385    3.5179
    1.3610    3.5189
    1.3836    3.5215
    1.4061    3.5250
    1.4286    3.5286
    1.4512    3.5320
    1.4737    3.5351
    1.4962    3.5379
    1.5188    3.5403
    1.5413    3.5423
    1.5638    3.5441
    1.5864    3.5456
    1.6089    3.5466
    1.6314    3.5469
    1.6540    3.5460
    1.6765    3.5434
    1.6990    3.5385
    1.7216    3.5313
    1.7441    3.5221
    1.7666    3.5113
    1.7892    3.4994
    1.8117    3.4868
    1.8343    3.4737
    1.8568    3.4604
    1.8793    3.4472
    1.9019    3.4343
    1.9244    3.4221
    1.9469    3.4109
    1.9695    3.4014
    1.9920    3.3947
    2.0145    3.3922
    2.0397    3.3979
    2.0649    3.4126
    2.0901    3.4329
    2.1152    3.4569
    2.1404    3.4838
    2.1656    3.5130
    2.1908    3.5438
    2.2159    3.5759
    2.2411    3.6089
    2.2663    3.6424
    2.2915    3.6761
    2.3166    3.7097
    2.3418    3.7429
    2.3670    3.7752
    2.3922    3.8065
    2.4173    3.8361
    2.4425    3.8637
    2.4677    3.8887
    2.4929    3.9114
    2.5180    3.9323
    2.5432    3.9520
    2.5684    3.9703
    2.5936    3.9871
    2.6187    4.0024
    2.6439    4.0163
    2.6691    4.0297
    2.6943    4.0438
    2.7194    4.0573
    2.7446    4.0665
    2.7698    4.0697

    0.0000    4.0698
    0.0194    4.0695
    0.0389    4.0687
    0.0583    4.0675
    0.0778    4.0657
    0.0972    4.0634
    0.1166    4.0606
    0.1361    4.0573
    0.1555    4.0535
    0.1750    4.0492
    0.1944    4.0444
    0.2138    4.0391
    0.2333    4.0335
    0.2527    4.0274
    0.2722    4.0210
    0.2916    4.0143
    0.3111    4.0075
    0.3305    4.0005
    0.3499    3.9935
    0.3694    3.9865
    0.3888    3.9797
    0.4083    3.9731
    0.4277    3.9669
    0.4471    3.9611
    0.4666    3.9559
    0.4860    3.9513
    0.5055    3.9475
    0.5249    3.9444
    0.5443    3.9422
    0.5638    3.9408
    0.5832    3.9403
    0.6084    3.9396
    0.6336    3.9372
    0.6587    3.9334
    0.6839    3.9280
    0.7091    3.9212
    0.7343    3.9130
    0.7595    3.9034
    0.7846    3.8927
    0.8098    3.8808
    0.8350    3.8681
    0.8602    3.8545
    0.8853    3.8404
    0.9105    3.8259
    0.9357    3.8115
    0.9609    3.7975
    0.9860    3.7843
    1.0112    3.7728
    1.0364    3.7637
    1.0616    3.7582
    1.0867    3.7573
    1.1119    3.7614
    1.1371    3.7698
    1.1623    3.7810
    1.1874    3.7932
    1.2126    3.8052
    1.2378    3.8160
    1.2630    3.8248
    1.2881    3.8314
    1.3133    3.8354
    1.3385    3.8368
    1.3610    3.8356
    1.3836    3.8320
    1.4061    3.8262
    1.4286    3.8181
    1.4512    3.8081
    1.4737    3.7962
    1.4962    3.7829
    1.5188    3.7683
    1.5413    3.7530
    1.5638    3.7374
    1.5864    3.7222
    1.6089    3.7081
    1.6314    3.6960
    1.6540    3.6868
    1.6765    3.6815
    1.6990    3.6807
    1.7216    3.6843
    1.7441    3.6918
    1.7666    3.7022
    1.7892    3.7146
    1.8117    3.7280
    1.8343    3.7417
    1.8568    3.7550
    1.8793    3.7674
    1.9019    3.7785
    1.9244    3.7880
    1.9469    3.7956
    1.9695    3.8011
    1.9920    3.8045
    2.0145    3.8056
    2.0397    3.8050
    2.0649    3.8033
    2.0901    3.8006
    2.1152    3.7972
    2.1404    3.7935
    2.1656    3.7900
    2.1908    3.7872
    2.2159    3.7857
    2.2411    3.7861
    2.2663    3.7888
    2.2915    3.7942
    2.3166    3.8025
    2.3418    3.8137
    2.3670    3.8275
    2.3922    3.8439
    2.4173    3.8624
    2.4425    3.8829
    2.4677    3.9052
    2.4929    3.9284
    2.5180    3.9512
    2.5432    3.9727
    2.5684    3.9924
    2.5936    4.0101
    2.6187    4.0256
    2.6439    4.0389
    2.6691    4.0499
    2.6943    4.0586
    2.7194    4.0648
    2.7446    4.0685
    2.7698    4.0698

    0.0000    7.0394
    0.0194    7.0396
    0.0389    7.0402
    0.0583    7.0408
    0.0778    7.0408
    0.0972    7.0400
    0.1166    7.0383
    0.1361    7.0358
    0.1555    7.0328
    0.1750    7.0294
    0.1944    7.0256
    0.2138    7.0216
    0.2333    7.0173
    0.2527    7.0129
    0.2722    7.0085
    0.2916    7.0039
    0.3111    6.9994
    0.3305    6.9949
    0.3499    6.9905
    0.3694    6.9863
    0.3888    6.9823
    0.4083    6.9785
    0.4277    6.9750
    0.4471    6.9718
    0.4666    6.9689
    0.4860    6.9664
    0.5055    6.9644
    0.5249    6.9628
    0.5443    6.9616
    0.5638    6.9609
    0.5832    6.9606
    0.6084    6.9604
    0.6336    6.9596
    0.6587    6.9581
    0.6839    6.9558
    0.7091    6.9527
    0.7343    6.9485
    0.7595    6.9433
    0.7846    6.9370
    0.8098    6.9298
    0.8350    6.9218
    0.8602    6.9130
    0.8853    6.9036
    0.9105    6.8937
    0.9357    6.8833
    0.9609    6.8726
    0.9860    6.8614
    1.0112    6.8501
    1.0364    6.8385
    1.0616    6.8270
    1.0867    6.8156
    1.1119    6.8048
    1.1371    6.7946
    1.1623    6.7853
    1.1874    6.7770
    1.2126    6.7699
    1.2378    6.7639
    1.2630    6.7593
    1.2881    6.7559
    1.3133    6.7539
    1.3385    6.7532
    1.3610    6.7537
    1.3836    6.7553
    1.4061    6.7578
    1.4286    6.7613
    1.4512    6.7656
    1.4737    6.7709
    1.4962    6.7768
    1.5188    6.7835
    1.5413    6.7906
    1.5638    6.7982
    1.5864    6.8059
    1.6089    6.8137
    1.6314    6.8213
    1.6540    6.8284
    1.6765    6.8349
    1.6990    6.8404
    1.7216    6.8447
    1.7441    6.8477
    1.7666    6.8495
    1.7892    6.8502
    1.8117    6.8501
    1.8343    6.8495
    1.8568    6.8487
    1.8793    6.8479
    1.9019    6.8471
    1.9244    6.8464
    1.9469    6.8460
    1.9695    6.8457
    1.9920    6.8456
    2.0145    6.8456
    2.0397    6.8448
    2.0649    6.8431
    2.0901    6.8412
    2.1152    6.8399
    2.1404    6.8394
    2.1656    6.8398
    2.1908    6.8413
    2.2159    6.8439
    2.2411    6.8475
    2.2663    6.8523
    2.2915    6.8581
    2.3166    6.8649
    2.3418    6.8727
    2.3670    6.8813
    2.3922    6.8906
    2.4173    6.9006
    2.4425    6.9111
    2.4677    6.9218
    2.4929    6.9326
    2.5180    6.9428
    2.5432    6.9521
    2.5684    6.9609
    2.5936    6.9699
    2.6187    6.9796
    2.6439    6.9904
    2.6691    7.0022
    2.6943    7.0150
    2.7194    7.0286
    2.7446    7.0377
    2.7698    7.0394

    0.0000    7.0571
    0.0194    7.0570
    0.0389    7.0569
    0.0583    7.0570
    0.0778    7.0573
    0.0972    7.0573
    0.1166    7.0568
    0.1361    7.0560
    0.1555    7.0551
    0.1750    7.0542
    0.1944    7.0534
    0.2138    7.0526
    0.2333    7.0520
    0.2527    7.0515
    0.2722    7.0512
    0.2916    7.0511
    0.3111    7.0512
    0.3305    7.0514
    0.3499    7.0518
    0.3694    7.0524
    0.3888    7.0530
    0.4083    7.0538
    0.4277    7.0547
    0.4471    7.0556
    0.4666    7.0565
    0.4860    7.0574
    0.5055    7.0583
    0.5249    7.0591
    0.5443    7.0598
    0.5638    7.0604
    0.5832    7.0609
    0.6084    7.0610
    0.6336    7.0618
    0.6587    7.0631
    0.6839    7.0652
    0.7091    7.0681
    0.7343    7.0720
    0.7595    7.0767
    0.7846    7.0812
    0.8098    7.0730
    0.8350    7.0522
    0.8602    7.0296
    0.8853    7.0072
    0.9105    6.9855
    0.9357    6.9648
    0.9609    6.9455
    0.9860    6.9277
    1.0112    6.9116
    1.0364    6.8973
    1.0616    6.8848
    1.0867    6.8739
    1.1119    6.8645
    1.1371    6.8564
    1.1623    6.8495
    1.1874    6.8437
    1.2126    6.8389
    1.2378    6.8351
    1.2630    6.8321
    1.2881    6.8301
    1.3133    6.8288
    1.3385    6.8284
    1.3610    6.8288
    1.3836    6.8299
    1.4061    6.8316
    1.4286    6.8340
    1.4512    6.8370
    1.4737    6.8404
    1.4962    6.8441
    1.5188    6.8481
    1.5413    6.8522
    1.5638    6.8562
    1.5864    6.8600
    1.6089    6.8635
    1.6314    6.8667
    1.6540    6.8694
    1.6765    6.8718
    1.6990    6.8738
    1.7216    6.8756
    1.7441    6.8772
    1.7666    6.8785
    1.7892    6.8794
    1.8117    6.8798
    1.8343    6.8795
    1.8568    6.8787
    1.8793    6.8774
    1.9019    6.8757
    1.9244    6.8738
    1.9469    6.8721
    1.9695    6.8706
    1.9920    6.8696
    2.0145    6.8693
    2.0397    6.8708
    2.0649    6.8746
    2.0901    6.8800
    2.1152    6.8861
    2.1404    6.8927
    2.1656    6.8994
    2.1908    6.9059
    2.2159    6.9123
    2.2411    6.9182
    2.2663    6.9235
    2.2915    6.9283
    2.3166    6.9325
    2.3418    6.9361
    2.3670    6.9392
    2.3922    6.9419
    2.4173    6.9445
    2.4425    6.9473
    2.4677    6.9507
    2.4929    6.9551
    2.5180    6.9612
    2.5432    6.9693
    2.5684    6.9792
    2.5936    6.9899
    2.6187    7.0008
    2.6439    7.0112
    2.6691    7.0207
    2.6943    7.0288
    2.7194    7.0353
    2.7446    7.0447
    2.7698    7.0571

    0.0000    7.0629
    0.0194    7.0624
    0.0389    7.0620
    0.0583    7.0616
    0.0778    7.0617
    0.0972    7.0621
    0.1166    7.0624
    0.1361    7.0622
    0.1555    7.0619
    0.1750    7.0615
    0.1944    7.0611
    0.2138    7.0607
    0.2333    7.0604
    0.2527    7.0601
    0.2722    7.0599
    0.2916    7.0597
    0.3111    7.0597
    0.3305    7.0598
    0.3499    7.0599
    0.3694    7.0601
    0.3888    7.0604
    0.4083    7.0606
    0.4277    7.0609
    0.4471    7.0612
    0.4666    7.0614
    0.4860    7.0616
    0.5055    7.0617
    0.5249    7.0617
    0.5443    7.0615
    0.5638    7.0613
    0.5832    7.0609
    0.6084    7.0619
    0.6336    7.0644
    0.6587    7.0685
    0.6839    7.0742
    0.7091    7.0813
    0.7343    7.0891
    0.7595    7.0958
    0.7846    7.0945
    0.8098    7.0930
    0.8350    7.1002
    0.8602    7.1092
    0.8853    7.1193
    0.9105    7.1302
    0.9357    7.1418
    0.9609    7.1540
    0.9860    7.1667
    1.0112    7.1797
    1.0364    7.1929
    1.0616    7.2061
    1.0867    7.2193
    1.1119    7.2323
    1.1371    7.2449
    1.1623    7.2571
    1.1874    7.2685
    1.2126    7.2792
    1.2378    7.2890
    1.2630    7.2977
    1.2881    7.3054
    1.3133    7.3119
    1.3385    7.3159
    1.3610    7.3120
    1.3836    7.3053
    1.4061    7.2972
    1.4286    7.2883
    1.4512    7.2787
    1.4737    7.2686
    1.4962    7.2584
    1.5188    7.2481
    1.5413    7.2380
    1.5638    7.2282
    1.5864    7.2190
    1.6089    7.2105
    1.6314    7.2027
    1.6540    7.1959
    1.6765    7.1900
    1.6990    7.1852
    1.7216    7.1814
    1.7441    7.1787
    1.7666    7.1771
    1.7892    7.1766
    1.8117    7.1772
    1.8343    7.1788
    1.8568    7.1812
    1.8793    7.1844
    1.9019    7.1880
    1.9244    7.1921
    1.9469    7.1962
    1.9695    7.2004
    1.9920    7.2042
    2.0145    7.2064
    2.0397    7.2060
    2.0649    7.2047
    2.0901    7.2020
    2.1152    7.1979
    2.1404    7.1923
    2.1656    7.1853
    2.1908    7.1770
    2.2159    7.1674
    2.2411    7.1570
    2.2663    7.1460
    2.2915    7.1350
    2.3166    7.1243
    2.3418    7.1142
    2.3670    7.1051
    2.3922    7.0970
    2.4173    7.0901
    2.4425    7.0843
    2.4677    7.0796
    2.4929    7.0757
    2.5180    7.0726
    2.5432    7.0702
    2.5684    7.0682
    2.5936    7.0667
    2.6187    7.0654
    2.6439    7.0645
    2.6691    7.0638
    2.6943    7.0633
    2.7194    7.0630
    2.7446    7.0629
    2.7698    7.0629

    0.0000    7.0629
    0.0194    7.0633
    0.0389    7.0636
    0.0583    7.0640
    0.0778    7.0645
    0.0972    7.0662
    0.1166    7.0698
    0.1361    7.0753
    0.1555    7.0820
    0.1750    7.0897
    0.1944    7.0982
    0.2138    7.1074
    0.2333    7.1170
    0.2527    7.1270
    0.2722    7.1373
    0.2916    7.1478
    0.3111    7.1582
    0.3305    7.1686
    0.3499    7.1787
    0.3694    7.1885
    0.3888    7.1979
    0.4083    7.2067
    0.4277    7.2149
    0.4471    7.2223
    0.4666    7.2290
    0.4860    7.2347
    0.5055    7.2395
    0.5249    7.2433
    0.5443    7.2461
    0.5638    7.2477
    0.5832    7.2483
    0.6084    7.2448
    0.6336    7.2350
    0.6587    7.2202
    0.6839    7.2018
    0.7091    7.1814
    0.7343    7.1602
    0.7595    7.1410
    0.7846    7.1320
    0.8098    7.1383
    0.8350    7.1510
    0.8602    7.1661
    0.8853    7.1826
    0.9105    7.2000
    0.9357    7.2179
    0.9609    7.2360
    0.9860    7.2541
    1.0112    7.2718
    1.0364    7.2887
    1.0616    7.3044
    1.0867    7.3181
    1.1119    7.3288
    1.1371    7.3356
    1.1623    7.3382
    1.1874    7.3381
    1.2126    7.3364
    1.2378    7.3339
    1.2630    7.3309
    1.2881    7.3273
    1.3133    7.3234
    1.3385    7.3202
    1.3610    7.3225
    1.3836    7.3246
    1.4061    7.3251
    1.4286    7.3239
    1.4512    7.3211
    1.4737    7.3169
    1.4962    7.3116
    1.5188    7.3053
    1.5413    7.2983
    1.5638    7.2908
    1.5864    7.2829
    1.6089    7.2751
    1.6314    7.2674
    1.6540    7.2600
    1.6765    7.2532
    1.6990    7.2471
    1.7216    7.2418
    1.7441    7.2373
    1.7666    7.2337
    1.7892    7.2309
    1.8117    7.2286
    1.8343    7.2267
    1.8568    7.2251
    1.8793    7.2236
    1.9019    7.2219
    1.9244    7.2201
    1.9469    7.2179
    1.9695    7.2154
    1.9920    7.2127
    2.0145    7.2108
    2.0397    7.2111
    2.0649    7.2122
    2.0901    7.2145
    2.1152    7.2178
    2.1404    7.2221
    2.1656    7.2272
    2.1908    7.2331
    2.2159    7.2396
    2.2411    7.2467
    2.2663    7.2541
    2.2915    7.2615
    2.3166    7.2685
    2.3418    7.2737
    2.3670    7.2741
    2.3922    7.2689
    2.4173    7.2607
    2.4425    7.2511
    2.4677    7.2404
    2.4929    7.2287
    2.5180    7.2162
    2.5432    7.2027
    2.5684    7.1885
    2.5936    7.1735
    2.6187    7.1580
    2.6439    7.1419
    2.6691    7.1256
    2.6943    7.1090
    2.7194    7.0925
    2.7446    7.0762
    2.7698    7.0629

    0.0000    7.3656
    0.0194    7.3654
    0.0389    7.3658
    0.0583    7.3667
    0.0778    7.3681
    0.0972    7.3699
    0.1166    7.3721
    0.1361    7.3747
    0.1555    7.3776
    0.1750    7.3807
    0.1944    7.3840
    0.2138    7.3874
    0.2333    7.3909
    0.2527    7.3944
    0.2722    7.3979
    0.2916    7.4013
    0.3111    7.4047
    0.3305    7.4078
    0.3499    7.4109
    0.3694    7.4137
    0.3888    7.4164
    0.4083    7.4188
    0.4277    7.4211
    0.4471    7.4231
    0.4666    7.4249
    0.4860    7.4265
    0.5055    7.4279
    0.5249    7.4291
    0.5443    7.4300
    0.5638    7.4308
    0.5832    7.4313
    0.6084    7.4311
    0.6336    7.4305
    0.6587    7.4295
    0.6839    7.4281
    0.7091    7.4263
    0.7343    7.4241
    0.7595    7.4216
    0.7846    7.4188
    0.8098    7.4156
    0.8350    7.4121
    0.8602    7.4084
    0.8853    7.4045
    0.9105    7.4005
    0.9357    7.3963
    0.9609    7.3921
    0.9860    7.3880
    1.0112    7.3840
    1.0364    7.3804
    1.0616    7.3773
    1.0867    7.3754
    1.1119    7.3753
    1.1371    7.3781
    1.1623    7.3834
    1.1874    7.3900
    1.2126    7.3964
    1.2378    7.4019
    1.2630    7.4061
    1.2881    7.4090
    1.3133    7.4107
    1.3385    7.4113
    1.3610    7.4117
    1.3836    7.4128
    1.4061    7.4146
    1.4286    7.4168
    1.4512    7.4194
    1.4737    7.4220
    1.4962    7.4245
    1.5188    7.4268
    1.5413    7.4288
    1.5638    7.4305
    1.5864    7.4318
    1.6089    7.4328
    1.6314    7.4333
    1.6540    7.4335
    1.6765    7.4333
    1.6990    7.4329
    1.7216    7.4321
    1.7441    7.4312
    1.7666    7.4301
    1.7892    7.4288
    1.8117    7.4274
    1.8343    7.4261
    1.8568    7.4247
    1.8793    7.4234
    1.9019    7.4222
    1.9244    7.4212
    1.9469    7.4203
    1.9695    7.4197
    1.9920    7.4193
    2.0145    7.4192
    2.0397    7.4165
    2.0649    7.4092
    2.0901    7.3987
    2.1152    7.3866
    2.1404    7.3738
    2.1656    7.3613
    2.1908    7.3494
    2.2159    7.3385
    2.2411    7.3286
    2.2663    7.3196
    2.2915    7.3114
    2.3166    7.3041
    2.3418    7.2988
    2.3670    7.2981
    2.3922    7.3025
    2.4173    7.3089
    2.4425    7.3159
    2.4677    7.3228
    2.4929    7.3293
    2.5180    7.3355
    2.5432    7.3411
    2.5684    7.3462
    2.5936    7.3506
    2.6187    7.3545
    2.6439    7.3578
    2.6691    7.3605
    2.6943    7.3626
    2.7194    7.3641
    2.7446    7.3650
    2.7698    7.3656

    0.0000    7.3656
    0.0194    7.3663
    0.0389    7.3675
    0.0583    7.3692
    0.0778    7.3714
    0.0972    7.3740
    0.1166    7.3770
    0.1361    7.3802
    0.1555    7.3837
    0.1750    7.3874
    0.1944    7.3911
    0.2138    7.3949
    0.2333    7.3987
    0.2527    7.4025
    0.2722    7.4061
    0.2916    7.4096
    0.3111    7.4128
    0.3305    7.4159
    0.3499    7.4187
    0.3694    7.4212
    0.3888    7.4235
    0.4083    7.4255
    0.4277    7.4272
    0.4471    7.4286
    0.4666    7.4298
    0.4860    7.4306
    0.5055    7.4313
    0.5249    7.4316
    0.5443    7.4318
    0.5638    7.4317
    0.5832    7.4313
    0.6084    7.4337
    0.6336    7.4403
    0.6587    7.4497
    0.6839    7.4606
    0.7091    7.4721
    0.7343    7.4833
    0.7595    7.4939
    0.7846    7.5036
    0.8098    7.5122
    0.8350    7.5196
    0.8602    7.5259
    0.8853    7.5309
    0.9105    7.5349
    0.9357    7.5378
    0.9609    7.5398
    0.9860    7.5410
    1.0112    7.5414
    1.0364    7.5413
    1.0616    7.5408
    1.0867    7.5400
    1.1119    7.5390
    1.1371    7.5379
    1.1623    7.5369
    1.1874    7.5361
    1.2126    7.5355
    1.2378    7.5352
    1.2630    7.5350
    1.2881    7.5350
    1.3133    7.5350
    1.3385    7.5350
    1.3610    7.5351
    1.3836    7.5354
    1.4061    7.5359
    1.4286    7.5365
    1.4512    7.5373
    1.4737    7.5381
    1.4962    7.5390
    1.5188    7.5399
    1.5413    7.5407
    1.5638    7.5414
    1.5864    7.5421
    1.6089    7.5426
    1.6314    7.5429
    1.6540    7.5432
    1.6765    7.5432
    1.6990    7.5432
    1.7216    7.5430
    1.7441    7.5426
    1.7666    7.5422
    1.7892    7.5417
    1.8117    7.5412
    1.8343    7.5406
    1.8568    7.5400
    1.8793    7.5395
    1.9019    7.5389
    1.9244    7.5385
    1.9469    7.5381
    1.9695    7.5378
    1.9920    7.5376
    2.0145    7.5376
    2.0397    7.5396
    2.0649    7.5451
    2.0901    7.5527
    2.1152    7.5611
    2.1404    7.5692
    2.1656    7.5763
    2.1908    7.5821
    2.2159    7.5862
    2.2411    7.5884
    2.2663    7.5886
    2.2915    7.5867
    2.3166    7.5828
    2.3418    7.5768
    2.3670    7.5689
    2.3922    7.5591
    2.4173    7.5475
    2.4425    7.5344
    2.4677    7.5200
    2.4929    7.5045
    2.5180    7.4882
    2.5432    7.4714
    2.5684    7.4543
    2.5936    7.4375
    2.6187    7.4214
    2.6439    7.4063
    2.6691    7.3929
    2.6943    7.3817
    2.7194    7.3731
    2.7446    7.3677
    2.7698    7.3656

    0.0000    8.0122
    0.0194    8.0113
    0.0389    8.0086
    0.0583    8.0042
    0.0778    7.9984
    0.0972    7.9914
    0.1166    7.9834
    0.1361    7.9747
    0.1555    7.9655
    0.1750    7.9559
    0.1944    7.9462
    0.2138    7.9364
    0.2333    7.9267
    0.2527    7.9172
    0.2722    7.9080
    0.2916    7.8992
    0.3111    7.8908
    0.3305    7.8829
    0.3499    7.8755
    0.3694    7.8687
    0.3888    7.8625
    0.4083    7.8568
    0.4277    7.8518
    0.4471    7.8474
    0.4666    7.8436
    0.4860    7.8404
    0.5055    7.8378
    0.5249    7.8358
    0.5443    7.8344
    0.5638    7.8336
    0.5832    7.8333
    0.6084    7.8331
    0.6336    7.8327
    0.6587    7.8320
    0.6839    7.8313
    0.7091    7.8306
    0.7343    7.8300
    0.7595    7.8299
    0.7846    7.8302
    0.8098    7.8313
    0.8350    7.8332
    0.8602    7.8361
    0.8853    7.8401
    0.9105    7.8453
    0.9357    7.8517
    0.9609    7.8593
    0.9860    7.8679
    1.0112    7.8771
    1.0364    7.8844
    1.0616    7.8815
    1.0867    7.8712
    1.1119    7.8595
    1.1371    7.8479
    1.1623    7.8370
    1.1874    7.8271
    1.2126    7.8185
    1.2378    7.8113
    1.2630    7.8055
    1.2881    7.8014
    1.3133    7.7989
    1.3385    7.7980
    1.3610    7.7984
    1.3836    7.7993
    1.4061    7.8007
    1.4286    7.8028
    1.4512    7.8053
    1.4737    7.8083
    1.4962    7.8118
    1.5188    7.8156
    1.5413    7.8196
    1.5638    7.8238
    1.5864    7.8280
    1.6089    7.8320
    1.6314    7.8357
    1.6540    7.8387
    1.6765    7.8404
    1.6990    7.8400
    1.7216    7.8368
    1.7441    7.8303
    1.7666    7.8213
    1.7892    7.8107
    1.8117    7.7996
    1.8343    7.7887
    1.8568    7.7784
    1.8793    7.7690
    1.9019    7.7607
    1.9244    7.7537
    1.9469    7.7482
    1.9695    7.7442
    1.9920    7.7418
    2.0145    7.7410
    2.0397    7.7412
    2.0649    7.7421
    2.0901    7.7436
    2.1152    7.7459
    2.1404    7.7490
    2.1656    7.7532
    2.1908    7.7586
    2.2159    7.7651
    2.2411    7.7727
    2.2663    7.7816
    2.2915    7.7916
    2.3166    7.8027
    2.3418    7.8147
    2.3670    7.8276
    2.3922    7.8413
    2.4173    7.8555
    2.4425    7.8702
    2.4677    7.8852
    2.4929    7.9003
    2.5180    7.9153
    2.5432    7.9301
    2.5684    7.9445
    2.5936    7.9581
    2.6187    7.9709
    2.6439    7.9824
    2.6691    7.9925
    2.6943    8.0008
    2.7194    8.0070
    2.7446    8.0109
    2.7698    8.0122

    0.0000    8.0122
    0.0194    8.0113
    0.0389    8.0086
    0.0583    8.0042
    0.0778    7.9984
    0.0972    7.9914
    0.1166    7.9835
    0.1361    7.9748
    0.1555    7.9656
    0.1750    7.9560
    0.1944    7.9463
    0.2138    7.9365
    0.2333    7.9268
    0.2527    7.9173
    0.2722    7.9081
    0.2916    7.8993
    0.3111    7.8909
    0.3305    7.8830
    0.3499    7.8756
    0.3694    7.8688
    0.3888    7.8625
    0.4083    7.8569
    0.4277    7.8519
    0.4471    7.8475
    0.4666    7.8436
    0.4860    7.8405
    0.5055    7.8379
    0.5249    7.8358
    0.5443    7.8344
    0.5638    7.8336
    0.5832    7.8333
    0.6084    7.8338
    0.6336    7.8355
    0.6587    7.8384
    0.6839    7.8423
    0.7091    7.8472
    0.7343    7.8532
    0.7595    7.8600
    0.7846    7.8677
    0.8098    7.8760
    0.8350    7.8847
    0.8602    7.8936
    0.8853    7.9021
    0.9105    7.9095
    0.9357    7.9150
    0.9609    7.9172
    0.9860    7.9155
    1.0112    7.9102
    1.0364    7.9048
    1.0616    7.9087
    1.0867    7.9201
    1.1119    7.9337
    1.1371    7.9483
    1.1623    7.9634
    1.1874    7.9785
    1.2126    7.9935
    1.2378    8.0076
    1.2630    8.0203
    1.2881    8.0308
    1.3133    8.0378
    1.3385    8.0403
    1.3610    8.0401
    1.3836    8.0394
    1.4061    8.0382
    1.4286    8.0362
    1.4512    8.0333
    1.4737    8.0290
    1.4962    8.0230
    1.5188    8.0149
    1.5413    8.0047
    1.5638    7.9929
    1.5864    7.9798
    1.6089    7.9659
    1.6314    7.9518
    1.6540    7.9380
    1.6765    7.9254
    1.6990    7.9147
    1.7216    7.9072
    1.7441    7.9031
    1.7666    7.9022
    1.7892    7.9034
    1.8117    7.9058
    1.8343    7.9090
    1.8568    7.9124
    1.8793    7.9160
    1.9019    7.9195
    1.9244    7.9226
    1.9469    7.9254
    1.9695    7.9275
    1.9920    7.9288
    2.0145    7.9293
    2.0397    7.9306
    2.0649    7.9344
    2.0901    7.9405
    2.1152    7.9487
    2.1404    7.9585
    2.1656    7.9695
    2.1908    7.9812
    2.2159    7.9929
    2.2411    8.0040
    2.2663    8.0139
    2.2915    8.0221
    2.3166    8.0285
    2.3418    8.0331
    2.3670    8.0362
    2.3922    8.0378
    2.4173    8.0383
    2.4425    8.0378
    2.4677    8.0365
    2.4929    8.0345
    2.5180    8.0321
    2.5432    8.0294
    2.5684    8.0266
    2.5936    8.0238
    2.6187    8.0211
    2.6439    8.0186
    2.6691    8.0164
    2.6943    8.0146
    2.7194    8.0133
    2.7446    8.0125
    2.7698    8.0122

    0.0000    8.1860
    0.0194    8.1865
    0.0389    8.1878
    0.0583    8.1899
    0.0778    8.1926
    0.0972    8.1956
    0.1166    8.1988
    0.1361    8.2019
    0.1555    8.2050
    0.1750    8.2077
    0.1944    8.2101
    0.2138    8.2121
    0.2333    8.2136
    0.2527    8.2146
    0.2722    8.2152
    0.2916    8.2152
    0.3111    8.2149
    0.3305    8.2142
    0.3499    8.2131
    0.3694    8.2117
    0.3888    8.2102
    0.4083    8.2085
    0.4277    8.2067
    0.4471    8.2049
    0.4666    8.2032
    0.4860    8.2016
    0.5055    8.2002
    0.5249    8.1991
    0.5443    8.1983
    0.5638    8.1977
    0.5832    8.1976
    0.6084    8.1965
    0.6336    8.1932
    0.6587    8.1877
    0.6839    8.1802
    0.7091    8.1708
    0.7343    8.1597
    0.7595    8.1470
    0.7846    8.1330
    0.8098    8.1181
    0.8350    8.1026
    0.8602    8.0870
    0.8853    8.0718
    0.9105    8.0579
    0.9357    8.0465
    0.9609    8.0388
    0.9860    8.0358
    1.0112    8.0377
    1.0364    8.0434
    1.0616    8.0515
    1.0867    8.0611
    1.1119    8.0713
    1.1371    8.0815
    1.1623    8.0914
    1.1874    8.1006
    1.2126    8.1090
    1.2378    8.1164
    1.2630    8.1228
    1.2881    8.1285
    1.3133    8.1336
    1.3385    8.1371
    1.3610    8.1330
    1.3836    8.1262
    1.4061    8.1184
    1.4286    8.1102
    1.4512    8.1020
    1.4737    8.0941
    1.4962    8.0870
    1.5188    8.0813
    1.5413    8.0770
    1.5638    8.0739
    1.5864    8.0718
    1.6089    8.0704
    1.6314    8.0694
    1.6540    8.0686
    1.6765    8.0678
    1.6990    8.0667
    1.7216    8.0653
    1.7441    8.0633
    1.7666    8.0606
    1.7892    8.0573
    1.8117    8.0534
    1.8343    8.0490
    1.8568    8.0444
    1.8793    8.0398
    1.9019    8.0353
    1.9244    8.0312
    1.9469    8.0277
    1.9695    8.0250
    1.9920    8.0233
    2.0145    8.0227
    2.0397    8.0232
    2.0649    8.0247
    2.0901    8.0270
    2.1152    8.0303
    2.1404    8.0345
    2.1656    8.0396
    2.1908    8.0456
    2.2159    8.0527
    2.2411    8.0610
    2.2663    8.0705
    2.2915    8.0812
    2.3166    8.0929
    2.3418    8.1050
    2.3670    8.1172
    2.3922    8.1291
    2.4173    8.1402
    2.4425    8.1503
    2.4677    8.1587
    2.4929    8.1626
    2.5180    8.1664
    2.5432    8.1700
    2.5684    8.1733
    2.5936    8.1762
    2.6187    8.1788
    2.6439    8.1810
    2.6691    8.1828
    2.6943    8.1842
    2.7194    8.1852
    2.7446    8.1858
    2.7698    8.1860

    0.0000    8.1860
    0.0194    8.1865
    0.0389    8.1878
    0.0583    8.1899
    0.0778    8.1926
    0.0972    8.1956
    0.1166    8.1988
    0.1361    8.2020
    0.1555    8.2050
    0.1750    8.2078
    0.1944    8.2102
    0.2138    8.2122
    0.2333    8.2137
    0.2527    8.2147
    0.2722    8.2152
    0.2916    8.2153
    0.3111    8.2150
    0.3305    8.2142
    0.3499    8.2132
    0.3694    8.2118
    0.3888    8.2102
    0.4083    8.2085
    0.4277    8.2067
    0.4471    8.2049
    0.4666    8.2032
    0.4860    8.2016
    0.5055    8.2002
    0.5249    8.1991
    0.5443    8.1983
    0.5638    8.1977
    0.5832    8.1976
    0.6084    8.1979
    0.6336    8.1989
    0.6587    8.2005
    0.6839    8.2027
    0.7091    8.2053
    0.7343    8.2082
    0.7595    8.2113
    0.7846    8.2145
    0.8098    8.2176
    0.8350    8.2205
    0.8602    8.2231
    0.8853    8.2253
    0.9105    8.2269
    0.9357    8.2280
    0.9609    8.2283
    0.9860    8.2278
    1.0112    8.2265
    1.0364    8.2243
    1.0616    8.2212
    1.0867    8.2170
    1.1119    8.2119
    1.1371    8.2058
    1.1623    8.1987
    1.1874    8.1909
    1.2126    8.1823
    1.2378    8.1733
    1.2630    8.1642
    1.2881    8.1554
    1.3133    8.1478
    1.3385    8.1433
    1.3610    8.1464
    1.3836    8.1506
    1.4061    8.1541
    1.4286    8.1566
    1.4512    8.1582
    1.4737    8.1589
    1.4962    8.1587
    1.5188    8.1577
    1.5413    8.1560
    1.5638    8.1536
    1.5864    8.1507
    1.6089    8.1474
    1.6314    8.1437
    1.6540    8.1399
    1.6765    8.1362
    1.6990    8.1326
    1.7216    8.1295
    1.7441    8.1269
    1.7666    8.1250
    1.7892    8.1238
    1.8117    8.1233
    1.8343    8.1233
    1.8568    8.1237
    1.8793    8.1244
    1.9019    8.1252
    1.9244    8.1260
    1.9469    8.1267
    1.9695    8.1273
    1.9920    8.1276
    2.0145    8.1278
    2.0397    8.1278
    2.0649    8.1279
    2.0901    8.1282
    2.1152    8.1285
    2.1404    8.1289
    2.1656    8.1294
    2.1908    8.1301
    2.2159    8.1310
    2.2411    8.1322
    2.2663    8.1337
    2.2915    8.1355
    2.3166    8.1377
    2.3418    8.1404
    2.3670    8.1435
    2.3922    8.1470
    2.4173    8.1508
    2.4425    8.1547
    2.4677    8.1594
    2.4929    8.1671
    2.5180    8.1736
    2.5432    8.1788
    2.5684    8.1826
    2.5936    8.1853
    2.6187    8.1869
    2.6439    8.1875
    2.6691    8.1876
    2.6943    8.1872
    2.7194    8.1866
    2.7446    8.1862
    2.7698    8.1860

