
     =--------------------------------------------------------------------------------=
                      :::    :::           ::::::::         :::       ::: 
                     :+:   :+:           :+:    :+:        :+:       :+:  
                    +:+  +:+            +:+               +:+       +:+   
                   +#++:++             +#+               +#+  +:+  +#+    
                  +#+  +#+            +#+               +#+ +#+#+ +#+     
                 #+#   #+#           #+#    #+#         #+#+# #+#+#       
                ###    ###           ########           ###   ###         

       Koopmans functional implementation based on DFPT; please cite this program as

        N.Colonna, R. De Gennaro, E. Linscott, and N. Marzari, JCTC 18, 5435 (2022) 

                                                                                    

       If you use the non-collinear mode (with/without spin-orbit coupling) please cite

        A. Marrazzo and N. Colonna, Phys. Rev. Research 6, 033085 (2024)  
     =--------------------------------------------------------------------------------=

     Program KCW v.7.5 starts on 16Sep2025 at 20:33:46 
        Git branch: develop
        Last git commit: 7e86c4d7f8b367fcfbff0156d653f13ca55b1b03-dirty
        Last git commit date: Tue Sep 16 17:33:36 2025 +0000
        Last git commit subject: Merge branch 'vhpsi' into 'develop'

     This program is part of the open-source Quantum ESPRESSO suite
     for quantum simulation of materials; please cite
         "P. Giannozzi et al., J. Phys.:Condens. Matter 21 395502 (2009);
         "P. Giannozzi et al., J. Phys.:Condens. Matter 29 465901 (2017);
         "P. Giannozzi et al., J. Chem. Phys. 152 154105 (2020);
          URL http://www.quantum-espresso.org", 
     in publications or presentations arising from this work. More details at
     http://www.quantum-espresso.org/quote

     Parallel version (MPI), running on     4 processors

     MPI processes distributed on     1 nodes
     R & G space division:  proc/nbgrp/npool/nimage =       4
     4936 MiB available memory on the printing compute node when the environment starts


     KCW INPUT SUMMARY 
     ============================================

      CONTROL 
       # title               =KCW Silicon screen
       # out_dir             =/home/nicola/CODES
       # prefix              =                Si
       # calculation         =            screen
       # kcw_iverbosity      =                 2
       # kcw_at_ks           =                 F
       # MP grid             =     2     2     2
       # spin_component      =                 1
       # homo_only           =                 F
       # read_unitary_matrix =                 T
       # check_ks            =                 T
       # l_vcut              =                 F
       # assume_isolated     =              none
       # io_sp               =                 F
       # io_real_space       =                 F
       # irr_bz              =                 F
           # use_wct         =                 F

      WANNIER 
       # seedname            =                Si
       # num_wann_occ        =                 4
       # num_wann_emp        =                 4
       # have_empty          =                 T
       # has_disentangle     =                 T
       # l_unique_manifold   =                 F

      SCREEN 
       # lrpa                =                 F
       # tr2                 =        0.1000E-17
       # niter               =                33
       # nmix                =                 4
       # eps_inf             =        0.1000E+01
       # check_spread        =                 F
     ============================================

     INFO: Reading pwscf data

     Reading xml data from directory:

     /home/nicola/CODES/q-e-kcw/tempdir/Si.save/

     IMPORTANT: XC functional enforced from input :
     Exchange-correlation= PW
                           (   1   4   0   0   0   0   0)
     Any further DFT definition will be discarded
     Please, verify this is what you really want


     Parallelization info
     --------------------
     sticks:   dense  smooth     PW     G-vecs:    dense   smooth      PW
     Min          73      73     22                  821      821     152
     Max          74      74     23                  823      823     153
     Sum         295     295     91                 3287     3287     609

     Using Slab Decomposition

     Reading collected, re-writing distributed wavefunctions

     INFO: Buffer for KS wfcs, OPENED

     INFO: Optimal Matrix READ

     INFO: total number of Wannier functions    8

     INFO: Unitary matrix, READ from file

     INFO: Buffer for WF rho, OPENED

     INFO: Coulomb q+G=0 treatment:
     INFO: Divergence            none    
     INFO: q-grid dimension         2   2   2
     INFO: cell volume               270.256360799503
     INFO: Gamma Extrapolation       F
     INFO: extrapolation q->0 term not estimated
     INFO: Bare Coulomb q+G=0            0.00000E+00

     INFO: READING Wannier-orbital Densities ...

        ==============================================================================
        iq =     1
        The  Wannier density at  q =    0.0000000   0.0000000   0.0000000  [Cart ]
        The  Wannier density at  q =    0.0000000   0.0000000   0.0000000  [Cryst]
        ==============================================================================


        ==============================================================================
        iq =     2
        The  Wannier density at  q =   -0.5000000   0.5000000  -0.5000000  [Cart ]
        The  Wannier density at  q =    0.0000000   0.0000000   0.5000000  [Cryst]
        ==============================================================================


        ==============================================================================
        iq =     3
        The  Wannier density at  q =    0.5000000   0.5000000   0.5000000  [Cart ]
        The  Wannier density at  q =    0.0000000   0.5000000   0.0000000  [Cryst]
        ==============================================================================


        ==============================================================================
        iq =     4
        The  Wannier density at  q =    0.0000000   1.0000000   0.0000000  [Cart ]
        The  Wannier density at  q =    0.0000000   0.5000000   0.5000000  [Cryst]
        ==============================================================================


        ==============================================================================
        iq =     5
        The  Wannier density at  q =   -0.5000000  -0.5000000   0.5000000  [Cart ]
        The  Wannier density at  q =    0.5000000   0.0000000   0.0000000  [Cryst]
        ==============================================================================


        ==============================================================================
        iq =     6
        The  Wannier density at  q =   -1.0000000   0.0000000   0.0000000  [Cart ]
        The  Wannier density at  q =    0.5000000   0.0000000   0.5000000  [Cryst]
        ==============================================================================


        ==============================================================================
        iq =     7
        The  Wannier density at  q =    0.0000000   0.0000000   1.0000000  [Cart ]
        The  Wannier density at  q =    0.5000000   0.5000000   0.0000000  [Cryst]
        ==============================================================================


        ==============================================================================
        iq =     8
        The  Wannier density at  q =   -0.5000000   0.5000000   0.5000000  [Cart ]
        The  Wannier density at  q =    0.5000000   0.5000000   0.5000000  [Cryst]
        ==============================================================================

     INFO: total number of wannier to compute    8 from     1 to     8

     INFO: PREPARING THE KCW CALCULATION ... DONE




     INFO: LR CALCULATION ...


     ==============================================================================
     Calculation of q =    0.0000000   0.0000000   0.0000000  [Cart ]
     Calculation of q =    0.0000000   0.0000000   0.0000000  [Cryst]
     ==============================================================================

        INFO: prepare_q DONE

        INFO: rhowan_q(r) RETRIEVED

        INFO: kcw_q initialization DONE

        DEBUG: \int dr [rho - rho_PWSCF] =       0.145520E-12


        Start LR calculation for the wannier #  1   iq =  1   spin =  1

        SYM : iwann=     1 iq =     1 weight =   0.12500000

      iter #   1 total cpu time :     0.2 secs   av.it.:  10.2
      thresh= 1.000E-06 alpha_mix =  0.700 |ddv_scf|^2 =  2.470E-08

      iter #   2 total cpu time :     0.2 secs   av.it.:  10.2
      thresh= 1.000E-06 alpha_mix =  0.700 |ddv_scf|^2 =  2.103E-10

      iter #   3 total cpu time :     0.3 secs   av.it.:   9.6
      thresh= 1.450E-07 alpha_mix =  0.700 |ddv_scf|^2 =  2.227E-12

      iter #   4 total cpu time :     0.3 secs   av.it.:   9.9
      thresh= 1.492E-08 alpha_mix =  0.700 |ddv_scf|^2 =  2.371E-13

      iter #   5 total cpu time :     0.4 secs   av.it.:  10.2
      thresh= 4.869E-09 alpha_mix =  0.700 |ddv_scf|^2 =  1.412E-15

      iter #   6 total cpu time :     0.4 secs   av.it.:  10.1
      thresh= 3.758E-10 alpha_mix =  0.700 |ddv_scf|^2 =  5.421E-17

      iter #   7 total cpu time :     0.5 secs   av.it.:  10.6
      thresh= 7.363E-11 alpha_mix =  0.700 |ddv_scf|^2 =  1.477E-18

      iter #   8 total cpu time :     0.5 secs   av.it.:  10.9
      thresh= 1.215E-11 alpha_mix =  0.700 |ddv_scf|^2 =  1.435E-20

        iq =   1   iwann =   1   rPi_q =     0.00413913    -0.00000000   uPi_q =     0.01275977    -0.00000000   SH_q =     0.01448077    -0.00000000

        Start LR calculation for the wannier #  2   iq =  1   spin =  1

        SYM : iwann=     2 iq =     1 weight =   0.12500000

      iter #   1 total cpu time :     0.5 secs   av.it.:  10.2
      thresh= 1.000E-06 alpha_mix =  0.700 |ddv_scf|^2 =  2.470E-08

      iter #   2 total cpu time :     0.6 secs   av.it.:  10.1
      thresh= 1.000E-06 alpha_mix =  0.700 |ddv_scf|^2 =  2.103E-10

      iter #   3 total cpu time :     0.6 secs   av.it.:   9.6
      thresh= 1.450E-07 alpha_mix =  0.700 |ddv_scf|^2 =  2.227E-12

      iter #   4 total cpu time :     0.7 secs   av.it.:   9.9
      thresh= 1.492E-08 alpha_mix =  0.700 |ddv_scf|^2 =  2.371E-13

      iter #   5 total cpu time :     0.7 secs   av.it.:  10.2
      thresh= 4.869E-09 alpha_mix =  0.700 |ddv_scf|^2 =  1.412E-15

      iter #   6 total cpu time :     0.8 secs   av.it.:  10.1
      thresh= 3.758E-10 alpha_mix =  0.700 |ddv_scf|^2 =  5.421E-17

      iter #   7 total cpu time :     0.8 secs   av.it.:  10.4
      thresh= 7.363E-11 alpha_mix =  0.700 |ddv_scf|^2 =  1.477E-18

      iter #   8 total cpu time :     0.8 secs   av.it.:  10.9
      thresh= 1.215E-11 alpha_mix =  0.700 |ddv_scf|^2 =  1.434E-20

        iq =   1   iwann =   2   rPi_q =     0.00413913    -0.00000000   uPi_q =     0.01275977    -0.00000000   SH_q =     0.01448077    -0.00000000

        Start LR calculation for the wannier #  3   iq =  1   spin =  1

        SYM : iwann=     3 iq =     1 weight =   0.12500000

      iter #   1 total cpu time :     0.9 secs   av.it.:  10.2
      thresh= 1.000E-06 alpha_mix =  0.700 |ddv_scf|^2 =  2.470E-08

      iter #   2 total cpu time :     0.9 secs   av.it.:  10.2
      thresh= 1.000E-06 alpha_mix =  0.700 |ddv_scf|^2 =  2.103E-10

      iter #   3 total cpu time :     1.0 secs   av.it.:   9.5
      thresh= 1.450E-07 alpha_mix =  0.700 |ddv_scf|^2 =  2.227E-12

      iter #   4 total cpu time :     1.0 secs   av.it.:   9.9
      thresh= 1.492E-08 alpha_mix =  0.700 |ddv_scf|^2 =  2.371E-13

      iter #   5 total cpu time :     1.1 secs   av.it.:  10.2
      thresh= 4.869E-09 alpha_mix =  0.700 |ddv_scf|^2 =  1.412E-15

      iter #   6 total cpu time :     1.1 secs   av.it.:  10.2
      thresh= 3.758E-10 alpha_mix =  0.700 |ddv_scf|^2 =  5.421E-17

      iter #   7 total cpu time :     1.2 secs   av.it.:  10.6
      thresh= 7.363E-11 alpha_mix =  0.700 |ddv_scf|^2 =  1.477E-18

      iter #   8 total cpu time :     1.2 secs   av.it.:  11.1
      thresh= 1.215E-11 alpha_mix =  0.700 |ddv_scf|^2 =  1.439E-20

        iq =   1   iwann =   3   rPi_q =     0.00413913    -0.00000000   uPi_q =     0.01275977    -0.00000000   SH_q =     0.01448077    -0.00000000

        Start LR calculation for the wannier #  4   iq =  1   spin =  1

        SYM : iwann=     4 iq =     1 weight =   0.12500000

      iter #   1 total cpu time :     1.2 secs   av.it.:  10.2
      thresh= 1.000E-06 alpha_mix =  0.700 |ddv_scf|^2 =  2.470E-08

      iter #   2 total cpu time :     1.3 secs   av.it.:  10.1
      thresh= 1.000E-06 alpha_mix =  0.700 |ddv_scf|^2 =  2.103E-10

      iter #   3 total cpu time :     1.3 secs   av.it.:   9.6
      thresh= 1.450E-07 alpha_mix =  0.700 |ddv_scf|^2 =  2.227E-12

      iter #   4 total cpu time :     1.4 secs   av.it.:   9.8
      thresh= 1.492E-08 alpha_mix =  0.700 |ddv_scf|^2 =  2.371E-13

      iter #   5 total cpu time :     1.4 secs   av.it.:  10.2
      thresh= 4.869E-09 alpha_mix =  0.700 |ddv_scf|^2 =  1.412E-15

      iter #   6 total cpu time :     1.5 secs   av.it.:  10.1
      thresh= 3.758E-10 alpha_mix =  0.700 |ddv_scf|^2 =  5.421E-17

      iter #   7 total cpu time :     1.5 secs   av.it.:  10.4
      thresh= 7.363E-11 alpha_mix =  0.700 |ddv_scf|^2 =  1.477E-18

      iter #   8 total cpu time :     1.6 secs   av.it.:  10.9
      thresh= 1.215E-11 alpha_mix =  0.700 |ddv_scf|^2 =  1.437E-20

        iq =   1   iwann =   4   rPi_q =     0.00413913     0.00000000   uPi_q =     0.01275977    -0.00000000   SH_q =     0.01448077     0.00000000

        Start LR calculation for the wannier #  5   iq =  1   spin =  1

        SYM : iwann=     5 iq =     1 weight =   0.12500000

      iter #   1 total cpu time :     1.6 secs   av.it.:   9.3
      thresh= 1.000E-06 alpha_mix =  0.700 |ddv_scf|^2 =  1.654E-09

      iter #   2 total cpu time :     1.6 secs   av.it.:   9.2
      thresh= 4.067E-07 alpha_mix =  0.700 |ddv_scf|^2 =  1.136E-11

      iter #   3 total cpu time :     1.7 secs   av.it.:  10.1
      thresh= 3.371E-08 alpha_mix =  0.700 |ddv_scf|^2 =  9.298E-13

      iter #   4 total cpu time :     1.7 secs   av.it.:  10.9
      thresh= 9.642E-09 alpha_mix =  0.700 |ddv_scf|^2 =  1.088E-14

      iter #   5 total cpu time :     1.8 secs   av.it.:  11.4
      thresh= 1.043E-09 alpha_mix =  0.700 |ddv_scf|^2 =  4.645E-16

      iter #   6 total cpu time :     1.8 secs   av.it.:  11.6
      thresh= 2.155E-10 alpha_mix =  0.700 |ddv_scf|^2 =  1.945E-17

      iter #   7 total cpu time :     1.9 secs   av.it.:  11.9
      thresh= 4.411E-11 alpha_mix =  0.700 |ddv_scf|^2 =  2.887E-18

      iter #   8 total cpu time :     1.9 secs   av.it.:  11.2
      thresh= 1.699E-11 alpha_mix =  0.700 |ddv_scf|^2 =  1.688E-19

        iq =   1   iwann =   5   rPi_q =    -0.00629525     0.00000000   uPi_q =    -0.00510229     0.00000000   SH_q =     0.00204035    -0.00000000

        Start LR calculation for the wannier #  6   iq =  1   spin =  1

        SYM : iwann=     6 iq =     1 weight =   0.12500000

      iter #   1 total cpu time :     2.0 secs   av.it.:   9.3
      thresh= 1.000E-06 alpha_mix =  0.700 |ddv_scf|^2 =  1.654E-09

      iter #   2 total cpu time :     2.0 secs   av.it.:   9.2
      thresh= 4.067E-07 alpha_mix =  0.700 |ddv_scf|^2 =  1.136E-11

      iter #   3 total cpu time :     2.0 secs   av.it.:  10.1
      thresh= 3.371E-08 alpha_mix =  0.700 |ddv_scf|^2 =  9.298E-13

      iter #   4 total cpu time :     2.1 secs   av.it.:  10.9
      thresh= 9.642E-09 alpha_mix =  0.700 |ddv_scf|^2 =  1.089E-14

      iter #   5 total cpu time :     2.1 secs   av.it.:  11.5
      thresh= 1.043E-09 alpha_mix =  0.700 |ddv_scf|^2 =  4.639E-16

      iter #   6 total cpu time :     2.2 secs   av.it.:  11.6
      thresh= 2.154E-10 alpha_mix =  0.700 |ddv_scf|^2 =  1.887E-17

      iter #   7 total cpu time :     2.2 secs   av.it.:  11.9
      thresh= 4.344E-11 alpha_mix =  0.700 |ddv_scf|^2 =  2.512E-18

      iter #   8 total cpu time :     2.3 secs   av.it.:  11.2
      thresh= 1.585E-11 alpha_mix =  0.700 |ddv_scf|^2 =  1.755E-19

        iq =   1   iwann =   6   rPi_q =    -0.00629522     0.00000000   uPi_q =    -0.00510225     0.00000000   SH_q =     0.00204037     0.00000000

        Start LR calculation for the wannier #  7   iq =  1   spin =  1

        SYM : iwann=     7 iq =     1 weight =   0.12500000

      iter #   1 total cpu time :     2.3 secs   av.it.:   9.3
      thresh= 1.000E-06 alpha_mix =  0.700 |ddv_scf|^2 =  1.654E-09

      iter #   2 total cpu time :     2.4 secs   av.it.:   9.2
      thresh= 4.067E-07 alpha_mix =  0.700 |ddv_scf|^2 =  1.136E-11

      iter #   3 total cpu time :     2.4 secs   av.it.:  10.1
      thresh= 3.371E-08 alpha_mix =  0.700 |ddv_scf|^2 =  9.298E-13

      iter #   4 total cpu time :     2.5 secs   av.it.:  10.9
      thresh= 9.642E-09 alpha_mix =  0.700 |ddv_scf|^2 =  1.088E-14

      iter #   5 total cpu time :     2.5 secs   av.it.:  11.5
      thresh= 1.043E-09 alpha_mix =  0.700 |ddv_scf|^2 =  4.641E-16

      iter #   6 total cpu time :     2.6 secs   av.it.:  11.6
      thresh= 2.154E-10 alpha_mix =  0.700 |ddv_scf|^2 =  1.912E-17

      iter #   7 total cpu time :     2.6 secs   av.it.:  11.9
      thresh= 4.372E-11 alpha_mix =  0.700 |ddv_scf|^2 =  2.674E-18

      iter #   8 total cpu time :     2.7 secs   av.it.:  11.2
      thresh= 1.635E-11 alpha_mix =  0.700 |ddv_scf|^2 =  1.726E-19

        iq =   1   iwann =   7   rPi_q =    -0.00629526    -0.00000000   uPi_q =    -0.00510230    -0.00000000   SH_q =     0.00204034    -0.00000000

        Start LR calculation for the wannier #  8   iq =  1   spin =  1

        SYM : iwann=     8 iq =     1 weight =   0.12500000

      iter #   1 total cpu time :     2.7 secs   av.it.:   9.3
      thresh= 1.000E-06 alpha_mix =  0.700 |ddv_scf|^2 =  1.654E-09

      iter #   2 total cpu time :     2.7 secs   av.it.:   9.2
      thresh= 4.067E-07 alpha_mix =  0.700 |ddv_scf|^2 =  1.136E-11

      iter #   3 total cpu time :     2.8 secs   av.it.:  10.1
      thresh= 3.371E-08 alpha_mix =  0.700 |ddv_scf|^2 =  9.298E-13

      iter #   4 total cpu time :     2.8 secs   av.it.:  10.9
      thresh= 9.642E-09 alpha_mix =  0.700 |ddv_scf|^2 =  1.088E-14

      iter #   5 total cpu time :     2.9 secs   av.it.:  11.5
      thresh= 1.043E-09 alpha_mix =  0.700 |ddv_scf|^2 =  4.640E-16

      iter #   6 total cpu time :     2.9 secs   av.it.:  11.6
      thresh= 2.154E-10 alpha_mix =  0.700 |ddv_scf|^2 =  1.901E-17

      iter #   7 total cpu time :     3.0 secs   av.it.:  11.9
      thresh= 4.360E-11 alpha_mix =  0.700 |ddv_scf|^2 =  2.607E-18

      iter #   8 total cpu time :     3.0 secs   av.it.:  11.2
      thresh= 1.615E-11 alpha_mix =  0.700 |ddv_scf|^2 =  1.737E-19

        iq =   1   iwann =   8   rPi_q =    -0.00629524     0.00000000   uPi_q =    -0.00510228    -0.00000000   SH_q =     0.00204036    -0.00000000

        INFO: nbnd REDIFINED   20 -->     7


     ==============================================================================
     Calculation of q =   -0.5000000   0.5000000  -0.5000000  [Cart ]
     Calculation of q =    0.0000000   0.0000000   0.5000000  [Cryst]
     ==============================================================================

        INFO: prepare_q DONE

        INFO: rhowan_q(r) RETRIEVED

     Subspace diagonalization in iterative solution of the eigenvalue problem:
     a serial algorithm will be used


     Parallelization info
     --------------------
     sticks:   dense  smooth     PW     G-vecs:    dense   smooth      PW
     Min          73      73     27                  821      821     186
     Max          74      74     28                  823      823     189
     Sum         295     295    109                 3287     3287     749

     Using Slab Decomposition


     Title: 
     KCW Silicon screen                                                         


     bravais-lattice index     =            2
     lattice parameter (alat)  =      10.2631  a.u.
     unit-cell volume          =     270.2564 (a.u.)^3
     number of atoms/cell      =            2
     number of atomic types    =            1
     number of electrons       =         8.00 (up:   4.00, down:   4.00)
     number of Kohn-Sham states=            7
     kinetic-energy cutoff     =      20.0000  Ry
     charge density cutoff     =      80.0000  Ry
     Exchange-correlation= PW
                           (   1   4   0   0   0   0   0)

     celldm(1)=  10.263102  celldm(2)=   0.000000  celldm(3)=   0.000000
     celldm(4)=   0.000000  celldm(5)=   0.000000  celldm(6)=   0.000000

     crystal axes: (cart. coord. in units of alat)
               a(1) = (  -0.500000   0.000000   0.500000 )  
               a(2) = (   0.000000   0.500000   0.500000 )  
               a(3) = (  -0.500000   0.500000   0.000000 )  

     reciprocal axes: (cart. coord. in units 2 pi/alat)
               b(1) = ( -1.000000 -1.000000  1.000000 )  
               b(2) = (  1.000000  1.000000  1.000000 )  
               b(3) = ( -1.000000  1.000000 -1.000000 )  


     PseudoPot. # 1 for Si read from file:
     /home/nicola/CODES/q-e-kcw/pseudo/Si.upf
     MD5 check sum: 9e2d726316af3d4752eea8ab0afbb951
     Pseudo is Norm-conserving + core correction, Zval =  4.0
     Generated using ONCVPSP code by D. R. Hamann
     Using radial grid of 1510 points,  6 beta functions with: 
                l(1) =   0
                l(2) =   0
                l(3) =   1
                l(4) =   1
                l(5) =   2
                l(6) =   2

     atomic species   valence    mass     pseudopotential
     Si                4.00    28.08500     Si( 1.00)

     Starting magnetic structure 
     atomic species   magnetization
     Si              0.000

     48 Sym. Ops., with inversion, found



   Cartesian axes

     site n.     atom                  positions (alat units)
         1        Si     tau(   1) = (   0.0000000   0.0000000   0.0000000  )
         2        Si     tau(   2) = (  -0.2500000   0.2500000   0.2500000  )

     number of k points=    16
                       cart. coord. in units 2pi/alat
        k(    1) = (   0.0000000   0.0000000   0.0000000), wk =   0.1250000
        k(    2) = (  -0.5000000   0.5000000  -0.5000000), wk =   0.0000000
        k(    3) = (  -0.5000000   0.5000000  -0.5000000), wk =   0.1250000
        k(    4) = (  -1.0000000   1.0000000  -1.0000000), wk =   0.0000000
        k(    5) = (   0.5000000   0.5000000   0.5000000), wk =   0.1250000
        k(    6) = (   0.0000000   1.0000000   0.0000000), wk =   0.0000000
        k(    7) = (   0.0000000   1.0000000   0.0000000), wk =   0.1250000
        k(    8) = (  -0.5000000   1.5000000  -0.5000000), wk =   0.0000000
        k(    9) = (  -0.5000000  -0.5000000   0.5000000), wk =   0.1250000
        k(   10) = (  -1.0000000   0.0000000   0.0000000), wk =   0.0000000
        k(   11) = (  -1.0000000   0.0000000   0.0000000), wk =   0.1250000
        k(   12) = (  -1.5000000   0.5000000  -0.5000000), wk =   0.0000000
        k(   13) = (   0.0000000   0.0000000   1.0000000), wk =   0.1250000
        k(   14) = (  -0.5000000   0.5000000   0.5000000), wk =   0.0000000
        k(   15) = (  -0.5000000   0.5000000   0.5000000), wk =   0.1250000
        k(   16) = (  -1.0000000   1.0000000   0.0000000), wk =   0.0000000

     Dense  grid:     3287 G-vectors     FFT dimensions: (  24,  24,  24)

     Estimated max dynamical RAM per process >       1.44 MB

     Estimated total dynamical RAM >       5.76 MB

     The potential is recalculated from file :
     /home/nicola/CODES/q-e-kcw/tempdir/kcw/q2/Si.save/charge-density

     Starting wfcs are    8 atomic wfcs

     Band Structure Calculation
     Davidson diagonalization with overlap

     ethr =  1.25E-10,  avg # of iterations = 10.1

     total cpu time spent up to now is       -1.0 secs

     End of band structure calculation

 ------ SPIN UP ------------


          k = 0.0000 0.0000 0.0000 (   411 PWs)   bands (ev):

    -5.7058   6.3432   6.3432   6.3432   8.7374   8.7374   8.7374

          k =-0.5000 0.5000-0.5000 (   410 PWs)   bands (ev):

    -3.3376  -0.7612   5.1093   5.1093   7.6771   9.4935   9.4935

          k =-0.5000 0.5000-0.5000 (   410 PWs)   bands (ev):

    -3.3376  -0.7612   5.1093   5.1093   7.6771   9.4935   9.4935

          k =-1.0000 1.0000-1.0000 (   411 PWs)   bands (ev):

    -5.7058   6.3432   6.3432   6.3432   8.7374   8.7374   8.7374

          k = 0.5000 0.5000 0.5000 (   410 PWs)   bands (ev):

    -3.3376  -0.7612   5.1093   5.1093   7.6771   9.4935   9.4935

          k = 0.0000 1.0000 0.0000 (   412 PWs)   bands (ev):

    -1.5321  -1.5321   3.4046   3.4046   6.7657   6.7657  16.2469

          k = 0.0000 1.0000 0.0000 (   412 PWs)   bands (ev):

    -1.5321  -1.5321   3.4046   3.4046   6.7657   6.7657  16.2469

          k =-0.5000 1.5000-0.5000 (   410 PWs)   bands (ev):

    -3.3376  -0.7612   5.1093   5.1093   7.6771   9.4935   9.4935

          k =-0.5000-0.5000 0.5000 (   410 PWs)   bands (ev):

    -3.3376  -0.7612   5.1093   5.1093   7.6771   9.4935   9.4935

          k =-1.0000 0.0000 0.0000 (   412 PWs)   bands (ev):

    -1.5321  -1.5321   3.4046   3.4046   6.7657   6.7657  16.2469

          k =-1.0000 0.0000 0.0000 (   412 PWs)   bands (ev):

    -1.5321  -1.5321   3.4046   3.4046   6.7657   6.7657  16.2469

          k =-1.5000 0.5000-0.5000 (   410 PWs)   bands (ev):

    -3.3376  -0.7612   5.1093   5.1093   7.6771   9.4935   9.4935

          k = 0.0000 0.0000 1.0000 (   412 PWs)   bands (ev):

    -1.5321  -1.5321   3.4046   3.4046   6.7657   6.7657  16.2469

          k =-0.5000 0.5000 0.5000 (   410 PWs)   bands (ev):

    -3.3376  -0.7612   5.1093   5.1093   7.6771   9.4935   9.4935

          k =-0.5000 0.5000 0.5000 (   410 PWs)   bands (ev):

    -3.3376  -0.7612   5.1093   5.1093   7.6771   9.4935   9.4935

          k =-1.0000 1.0000 0.0000 (   412 PWs)   bands (ev):

    -1.5321  -1.5321   3.4046   3.4046   6.7657   6.7657  16.2469

 ------ SPIN DOWN ----------


          k = 0.0000 0.0000 0.0000 (   411 PWs)   bands (ev):

    -5.7058   6.3432   6.3432   6.3432   8.7374   8.7374   8.7374

          k =-0.5000 0.5000-0.5000 (   410 PWs)   bands (ev):

    -3.3376  -0.7612   5.1093   5.1093   7.6771   9.4935   9.4935

          k =-0.5000 0.5000-0.5000 (   410 PWs)   bands (ev):

    -3.3376  -0.7612   5.1093   5.1093   7.6771   9.4935   9.4935

          k =-1.0000 1.0000-1.0000 (   411 PWs)   bands (ev):

    -5.7058   6.3432   6.3432   6.3432   8.7374   8.7374   8.7374

          k = 0.5000 0.5000 0.5000 (   410 PWs)   bands (ev):

    -3.3376  -0.7612   5.1093   5.1093   7.6771   9.4935   9.4935

          k = 0.0000 1.0000 0.0000 (   412 PWs)   bands (ev):

    -1.5321  -1.5321   3.4046   3.4046   6.7657   6.7657  16.2469

          k = 0.0000 1.0000 0.0000 (   412 PWs)   bands (ev):

    -1.5321  -1.5321   3.4046   3.4046   6.7657   6.7657  16.2469

          k =-0.5000 1.5000-0.5000 (   410 PWs)   bands (ev):

    -3.3376  -0.7612   5.1093   5.1093   7.6771   9.4935   9.4935

          k =-0.5000-0.5000 0.5000 (   410 PWs)   bands (ev):

    -3.3376  -0.7612   5.1093   5.1093   7.6771   9.4935   9.4935

          k =-1.0000 0.0000 0.0000 (   412 PWs)   bands (ev):

    -1.5321  -1.5321   3.4046   3.4046   6.7657   6.7657  16.2469

          k =-1.0000 0.0000 0.0000 (   412 PWs)   bands (ev):

    -1.5321  -1.5321   3.4046   3.4046   6.7657   6.7657  16.2469

          k =-1.5000 0.5000-0.5000 (   410 PWs)   bands (ev):

    -3.3376  -0.7612   5.1093   5.1093   7.6771   9.4935   9.4935

          k = 0.0000 0.0000 1.0000 (   412 PWs)   bands (ev):

    -1.5321  -1.5321   3.4046   3.4046   6.7657   6.7657  16.2469

          k =-0.5000 0.5000 0.5000 (   410 PWs)   bands (ev):

    -3.3376  -0.7612   5.1093   5.1093   7.6771   9.4935   9.4935

          k =-0.5000 0.5000 0.5000 (   410 PWs)   bands (ev):

    -3.3376  -0.7612   5.1093   5.1093   7.6771   9.4935   9.4935

          k =-1.0000 1.0000 0.0000 (   412 PWs)   bands (ev):

    -1.5321  -1.5321   3.4046   3.4046   6.7657   6.7657  16.2469

     highest occupied, lowest unoccupied level (ev):     6.3432    6.7657

     Writing all to output data dir /home/nicola/CODES/q-e-kcw/tempdir/kcw/q2/Si.save/ :
     XML data file, pseudopotentials, collected wavefunctions

        INFO: NSCF calculation DONE

        INFO: kcw_q initialization DONE


        Start LR calculation for the wannier #  1   iq =  2   spin =  1

        SYM : iwann=     1 iq =     2 weight =   0.12500000

      iter #   1 total cpu time :     3.3 secs   av.it.:  12.1
      thresh= 1.000E-06 alpha_mix =  0.700 |ddv_scf|^2 =  2.907E-06

      iter #   2 total cpu time :     3.3 secs   av.it.:  12.1
      thresh= 1.000E-06 alpha_mix =  0.700 |ddv_scf|^2 =  2.101E-06

      iter #   3 total cpu time :     3.4 secs   av.it.:  11.9
      thresh= 1.000E-06 alpha_mix =  0.700 |ddv_scf|^2 =  1.045E-09

      iter #   4 total cpu time :     3.4 secs   av.it.:  10.5
      thresh= 3.233E-07 alpha_mix =  0.700 |ddv_scf|^2 =  2.684E-11

      iter #   5 total cpu time :     3.5 secs   av.it.:  10.4
      thresh= 5.181E-08 alpha_mix =  0.700 |ddv_scf|^2 =  8.250E-13

      iter #   6 total cpu time :     3.5 secs   av.it.:  11.4
      thresh= 9.083E-09 alpha_mix =  0.700 |ddv_scf|^2 =  4.986E-14

      iter #   7 total cpu time :     3.6 secs   av.it.:  11.4
      thresh= 2.233E-09 alpha_mix =  0.700 |ddv_scf|^2 =  8.085E-16

      iter #   8 total cpu time :     3.6 secs   av.it.:  11.9
      thresh= 2.843E-10 alpha_mix =  0.700 |ddv_scf|^2 =  1.433E-15

      iter #   9 total cpu time :     3.7 secs   av.it.:  10.6
      thresh= 3.786E-10 alpha_mix =  0.700 |ddv_scf|^2 =  2.701E-16

      iter #  10 total cpu time :     3.7 secs   av.it.:  11.6
      thresh= 1.643E-10 alpha_mix =  0.700 |ddv_scf|^2 =  2.901E-18

      iter #  11 total cpu time :     3.8 secs   av.it.:  11.4
      thresh= 1.703E-11 alpha_mix =  0.700 |ddv_scf|^2 =  1.744E-19

        iq =   2   iwann =   1   rPi_q =     0.02426731    -0.00000000   uPi_q =     0.06482536    -0.00000000   SH_q =     0.04036159    -0.00000000

        Start LR calculation for the wannier #  2   iq =  2   spin =  1

        SYM : iwann=     2 iq =     2 weight =   0.12500000

      iter #   1 total cpu time :     3.8 secs   av.it.:  11.8
      thresh= 1.000E-06 alpha_mix =  0.700 |ddv_scf|^2 =  1.579E-05

      iter #   2 total cpu time :     3.9 secs   av.it.:  12.8
      thresh= 1.000E-06 alpha_mix =  0.700 |ddv_scf|^2 =  8.514E-05

      iter #   3 total cpu time :     4.0 secs   av.it.:  12.5
      thresh= 1.000E-06 alpha_mix =  0.700 |ddv_scf|^2 =  2.211E-09

      iter #   4 total cpu time :     4.0 secs   av.it.:  10.7
      thresh= 4.702E-07 alpha_mix =  0.700 |ddv_scf|^2 =  2.058E-10

      iter #   5 total cpu time :     4.1 secs   av.it.:  10.9
      thresh= 1.434E-07 alpha_mix =  0.700 |ddv_scf|^2 =  5.232E-12

      iter #   6 total cpu time :     4.1 secs   av.it.:  11.1
      thresh= 2.287E-08 alpha_mix =  0.700 |ddv_scf|^2 =  1.101E-13

      iter #   7 total cpu time :     4.2 secs   av.it.:  11.1
      thresh= 3.318E-09 alpha_mix =  0.700 |ddv_scf|^2 =  1.123E-14

      iter #   8 total cpu time :     4.2 secs   av.it.:  11.3
      thresh= 1.060E-09 alpha_mix =  0.700 |ddv_scf|^2 =  2.237E-16

      iter #   9 total cpu time :     4.3 secs   av.it.:  11.5
      thresh= 1.496E-10 alpha_mix =  0.700 |ddv_scf|^2 =  2.224E-17

      iter #  10 total cpu time :     4.3 secs   av.it.:  11.8
      thresh= 4.716E-11 alpha_mix =  0.700 |ddv_scf|^2 =  1.829E-18

      iter #  11 total cpu time :     4.4 secs   av.it.:  11.6
      thresh= 1.352E-11 alpha_mix =  0.700 |ddv_scf|^2 =  2.694E-19

        iq =   2   iwann =   2   rPi_q =     0.00998932    -0.00000000   uPi_q =     0.05952884    -0.00000000   SH_q =     0.03746804     0.00000000

        Start LR calculation for the wannier #  3   iq =  2   spin =  1

        SYM : iwann=     3 iq =     2 weight =   0.12500000

      iter #   1 total cpu time :     4.4 secs   av.it.:  12.1
      thresh= 1.000E-06 alpha_mix =  0.700 |ddv_scf|^2 =  2.907E-06

      iter #   2 total cpu time :     4.5 secs   av.it.:  12.1
      thresh= 1.000E-06 alpha_mix =  0.700 |ddv_scf|^2 =  2.101E-06

      iter #   3 total cpu time :     4.5 secs   av.it.:  11.9
      thresh= 1.000E-06 alpha_mix =  0.700 |ddv_scf|^2 =  1.045E-09

      iter #   4 total cpu time :     4.6 secs   av.it.:  10.4
      thresh= 3.233E-07 alpha_mix =  0.700 |ddv_scf|^2 =  2.684E-11

      iter #   5 total cpu time :     4.6 secs   av.it.:  10.4
      thresh= 5.181E-08 alpha_mix =  0.700 |ddv_scf|^2 =  8.250E-13

      iter #   6 total cpu time :     4.7 secs   av.it.:  11.4
      thresh= 9.083E-09 alpha_mix =  0.700 |ddv_scf|^2 =  4.987E-14

      iter #   7 total cpu time :     4.7 secs   av.it.:  11.5
      thresh= 2.233E-09 alpha_mix =  0.700 |ddv_scf|^2 =  9.748E-16

      iter #   8 total cpu time :     4.8 secs   av.it.:  11.8
      thresh= 3.122E-10 alpha_mix =  0.700 |ddv_scf|^2 =  2.732E-15

      iter #   9 total cpu time :     4.8 secs   av.it.:  10.4
      thresh= 5.227E-10 alpha_mix =  0.700 |ddv_scf|^2 =  1.654E-16

      iter #  10 total cpu time :     4.9 secs   av.it.:  11.6
      thresh= 1.286E-10 alpha_mix =  0.700 |ddv_scf|^2 =  4.579E-18

      iter #  11 total cpu time :     4.9 secs   av.it.:  11.6
      thresh= 2.140E-11 alpha_mix =  0.700 |ddv_scf|^2 =  2.698E-19

        iq =   2   iwann =   3   rPi_q =     0.02426730    -0.00000000   uPi_q =     0.06482536    -0.00000000   SH_q =     0.04036159    -0.00000000

        Start LR calculation for the wannier #  4   iq =  2   spin =  1

        SYM : iwann=     4 iq =     2 weight =   0.12500000

      iter #   1 total cpu time :     5.0 secs   av.it.:  12.1
      thresh= 1.000E-06 alpha_mix =  0.700 |ddv_scf|^2 =  2.907E-06

      iter #   2 total cpu time :     5.0 secs   av.it.:  12.1
      thresh= 1.000E-06 alpha_mix =  0.700 |ddv_scf|^2 =  2.101E-06

      iter #   3 total cpu time :     5.1 secs   av.it.:  11.9
      thresh= 1.000E-06 alpha_mix =  0.700 |ddv_scf|^2 =  1.045E-09

      iter #   4 total cpu time :     5.1 secs   av.it.:  10.3
      thresh= 3.233E-07 alpha_mix =  0.700 |ddv_scf|^2 =  2.684E-11

      iter #   5 total cpu time :     5.2 secs   av.it.:  10.4
      thresh= 5.181E-08 alpha_mix =  0.700 |ddv_scf|^2 =  8.250E-13

      iter #   6 total cpu time :     5.2 secs   av.it.:  11.4
      thresh= 9.083E-09 alpha_mix =  0.700 |ddv_scf|^2 =  4.986E-14

      iter #   7 total cpu time :     5.3 secs   av.it.:  11.4
      thresh= 2.233E-09 alpha_mix =  0.700 |ddv_scf|^2 =  8.664E-16

      iter #   8 total cpu time :     5.3 secs   av.it.:  11.8
      thresh= 2.943E-10 alpha_mix =  0.700 |ddv_scf|^2 =  1.974E-15

      iter #   9 total cpu time :     5.4 secs   av.it.:  10.6
      thresh= 4.442E-10 alpha_mix =  0.700 |ddv_scf|^2 =  2.150E-16

      iter #  10 total cpu time :     5.4 secs   av.it.:  11.6
      thresh= 1.466E-10 alpha_mix =  0.700 |ddv_scf|^2 =  3.719E-18

      iter #  11 total cpu time :     5.5 secs   av.it.:  11.3
      thresh= 1.928E-11 alpha_mix =  0.700 |ddv_scf|^2 =  2.187E-19

        iq =   2   iwann =   4   rPi_q =     0.02426730     0.00000000   uPi_q =     0.06482536    -0.00000000   SH_q =     0.04036159    -0.00000000

        Start LR calculation for the wannier #  5   iq =  2   spin =  1

        SYM : iwann=     5 iq =     2 weight =   0.12500000

      iter #   1 total cpu time :     5.5 secs   av.it.:  12.2
      thresh= 1.000E-06 alpha_mix =  0.700 |ddv_scf|^2 =  1.825E-06

      iter #   2 total cpu time :     5.6 secs   av.it.:  12.2
      thresh= 1.000E-06 alpha_mix =  0.700 |ddv_scf|^2 =  1.355E-06

      iter #   3 total cpu time :     5.7 secs   av.it.:  12.1
      thresh= 1.000E-06 alpha_mix =  0.700 |ddv_scf|^2 =  7.507E-11

      iter #   4 total cpu time :     5.7 secs   av.it.:  10.9
      thresh= 8.664E-08 alpha_mix =  0.700 |ddv_scf|^2 =  2.935E-12

      iter #   5 total cpu time :     5.8 secs   av.it.:  11.7
      thresh= 1.713E-08 alpha_mix =  0.700 |ddv_scf|^2 =  4.179E-12

      iter #   6 total cpu time :     5.8 secs   av.it.:  10.8
      thresh= 2.044E-08 alpha_mix =  0.700 |ddv_scf|^2 =  4.636E-13

      iter #   7 total cpu time :     5.9 secs   av.it.:  11.5
      thresh= 6.809E-09 alpha_mix =  0.700 |ddv_scf|^2 =  2.545E-14

      iter #   8 total cpu time :     5.9 secs   av.it.:  11.3
      thresh= 1.595E-09 alpha_mix =  0.700 |ddv_scf|^2 =  2.165E-16

      iter #   9 total cpu time :     6.0 secs   av.it.:  11.4
      thresh= 1.472E-10 alpha_mix =  0.700 |ddv_scf|^2 =  2.927E-17

      iter #  10 total cpu time :     6.0 secs   av.it.:  11.6
      thresh= 5.410E-11 alpha_mix =  0.700 |ddv_scf|^2 =  2.251E-19

        iq =   2   iwann =   5   rPi_q =     0.01015221     0.00000000   uPi_q =     0.03112877     0.00000000   SH_q =     0.01955109    -0.00000000

        Start LR calculation for the wannier #  6   iq =  2   spin =  1

        SYM : iwann=     6 iq =     2 weight =   0.12500000

      iter #   1 total cpu time :     6.1 secs   av.it.:  12.2
      thresh= 1.000E-06 alpha_mix =  0.700 |ddv_scf|^2 =  1.825E-06

      iter #   2 total cpu time :     6.1 secs   av.it.:  12.2
      thresh= 1.000E-06 alpha_mix =  0.700 |ddv_scf|^2 =  1.355E-06

      iter #   3 total cpu time :     6.2 secs   av.it.:  12.1
      thresh= 1.000E-06 alpha_mix =  0.700 |ddv_scf|^2 =  7.507E-11

      iter #   4 total cpu time :     6.2 secs   av.it.:  10.9
      thresh= 8.664E-08 alpha_mix =  0.700 |ddv_scf|^2 =  2.938E-12

      iter #   5 total cpu time :     6.3 secs   av.it.:  11.7
      thresh= 1.714E-08 alpha_mix =  0.700 |ddv_scf|^2 =  4.188E-12

      iter #   6 total cpu time :     6.3 secs   av.it.:  10.8
      thresh= 2.047E-08 alpha_mix =  0.700 |ddv_scf|^2 =  4.627E-13

      iter #   7 total cpu time :     6.4 secs   av.it.:  11.4
      thresh= 6.802E-09 alpha_mix =  0.700 |ddv_scf|^2 =  2.544E-14

      iter #   8 total cpu time :     6.5 secs   av.it.:  11.3
      thresh= 1.595E-09 alpha_mix =  0.700 |ddv_scf|^2 =  2.166E-16

      iter #   9 total cpu time :     6.5 secs   av.it.:  11.4
      thresh= 1.472E-10 alpha_mix =  0.700 |ddv_scf|^2 =  2.927E-17

      iter #  10 total cpu time :     6.6 secs   av.it.:  11.6
      thresh= 5.410E-11 alpha_mix =  0.700 |ddv_scf|^2 =  2.269E-19

        iq =   2   iwann =   6   rPi_q =     0.01015227     0.00000000   uPi_q =     0.03112893    -0.00000000   SH_q =     0.01955118    -0.00000000

        Start LR calculation for the wannier #  7   iq =  2   spin =  1

        SYM : iwann=     7 iq =     2 weight =   0.12500000

      iter #   1 total cpu time :     6.6 secs   av.it.:  11.7
      thresh= 1.000E-06 alpha_mix =  0.700 |ddv_scf|^2 =  7.554E-07

      iter #   2 total cpu time :     6.7 secs   av.it.:  12.0
      thresh= 1.000E-06 alpha_mix =  0.700 |ddv_scf|^2 =  3.935E-06

      iter #   3 total cpu time :     6.7 secs   av.it.:  11.5
      thresh= 1.000E-06 alpha_mix =  0.700 |ddv_scf|^2 =  3.222E-09

      iter #   4 total cpu time :     6.8 secs   av.it.:  10.9
      thresh= 5.676E-07 alpha_mix =  0.700 |ddv_scf|^2 =  2.000E-11

      iter #   5 total cpu time :     6.8 secs   av.it.:  10.9
      thresh= 4.473E-08 alpha_mix =  0.700 |ddv_scf|^2 =  2.111E-12

      iter #   6 total cpu time :     6.9 secs   av.it.:  11.5
      thresh= 1.453E-08 alpha_mix =  0.700 |ddv_scf|^2 =  4.052E-14

      iter #   7 total cpu time :     6.9 secs   av.it.:  11.6
      thresh= 2.013E-09 alpha_mix =  0.700 |ddv_scf|^2 =  3.869E-15

      iter #   8 total cpu time :     7.0 secs   av.it.:  11.6
      thresh= 6.221E-10 alpha_mix =  0.700 |ddv_scf|^2 =  1.382E-15

      iter #   9 total cpu time :     7.0 secs   av.it.:  11.6
      thresh= 3.717E-10 alpha_mix =  0.700 |ddv_scf|^2 =  2.622E-16

      iter #  10 total cpu time :     7.1 secs   av.it.:  11.1
      thresh= 1.619E-10 alpha_mix =  0.700 |ddv_scf|^2 =  5.391E-17

      iter #  11 total cpu time :     7.1 secs   av.it.:  10.9
      thresh= 7.342E-11 alpha_mix =  0.700 |ddv_scf|^2 =  3.772E-18

      iter #  12 total cpu time :     7.2 secs   av.it.:  11.5
      thresh= 1.942E-11 alpha_mix =  0.700 |ddv_scf|^2 =  9.665E-19

        iq =   2   iwann =   7   rPi_q =    -0.00000708     0.00000000   uPi_q =     0.00568000    -0.00000000   SH_q =     0.00612286     0.00000000

        Start LR calculation for the wannier #  8   iq =  2   spin =  1

        SYM : iwann=     8 iq =     2 weight =   0.12500000

      iter #   1 total cpu time :     7.2 secs   av.it.:  12.2
      thresh= 1.000E-06 alpha_mix =  0.700 |ddv_scf|^2 =  1.825E-06

      iter #   2 total cpu time :     7.3 secs   av.it.:  12.2
      thresh= 1.000E-06 alpha_mix =  0.700 |ddv_scf|^2 =  1.355E-06

      iter #   3 total cpu time :     7.4 secs   av.it.:  12.1
      thresh= 1.000E-06 alpha_mix =  0.700 |ddv_scf|^2 =  7.507E-11

      iter #   4 total cpu time :     7.4 secs   av.it.:  10.9
      thresh= 8.664E-08 alpha_mix =  0.700 |ddv_scf|^2 =  2.931E-12

      iter #   5 total cpu time :     7.5 secs   av.it.:  11.7
      thresh= 1.712E-08 alpha_mix =  0.700 |ddv_scf|^2 =  4.169E-12

      iter #   6 total cpu time :     7.5 secs   av.it.:  10.8
      thresh= 2.042E-08 alpha_mix =  0.700 |ddv_scf|^2 =  4.647E-13

      iter #   7 total cpu time :     7.6 secs   av.it.:  11.5
      thresh= 6.817E-09 alpha_mix =  0.700 |ddv_scf|^2 =  2.545E-14

      iter #   8 total cpu time :     7.6 secs   av.it.:  11.2
      thresh= 1.595E-09 alpha_mix =  0.700 |ddv_scf|^2 =  2.165E-16

      iter #   9 total cpu time :     7.7 secs   av.it.:  11.4
      thresh= 1.471E-10 alpha_mix =  0.700 |ddv_scf|^2 =  2.927E-17

      iter #  10 total cpu time :     7.7 secs   av.it.:  11.6
      thresh= 5.410E-11 alpha_mix =  0.700 |ddv_scf|^2 =  2.400E-19

        iq =   2   iwann =   8   rPi_q =     0.01015222     0.00000000   uPi_q =     0.03112881     0.00000000   SH_q =     0.01955112     0.00000000


     ==============================================================================
     Calculation of q =    0.5000000   0.5000000   0.5000000  [Cart ]
     Calculation of q =    0.0000000   0.5000000   0.0000000  [Cryst]
     ==============================================================================

        INFO: prepare_q DONE

        INFO: rhowan_q(r) RETRIEVED


     Parallelization info
     --------------------
     sticks:   dense  smooth     PW     G-vecs:    dense   smooth      PW
     Min          73      73     27                  821      821     186
     Max          74      74     28                  823      823     189
     Sum         295     295    109                 3287     3287     749

     Using Slab Decomposition


     Title: 
     KCW Silicon screen                                                         


     bravais-lattice index     =            2
     lattice parameter (alat)  =      10.2631  a.u.
     unit-cell volume          =     270.2564 (a.u.)^3
     number of atoms/cell      =            2
     number of atomic types    =            1
     number of electrons       =         8.00 (up:   4.00, down:   4.00)
     number of Kohn-Sham states=            7
     kinetic-energy cutoff     =      20.0000  Ry
     charge density cutoff     =      80.0000  Ry
     Exchange-correlation= PW
                           (   1   4   0   0   0   0   0)

     celldm(1)=  10.263102  celldm(2)=   0.000000  celldm(3)=   0.000000
     celldm(4)=   0.000000  celldm(5)=   0.000000  celldm(6)=   0.000000

     crystal axes: (cart. coord. in units of alat)
               a(1) = (  -0.500000   0.000000   0.500000 )  
               a(2) = (   0.000000   0.500000   0.500000 )  
               a(3) = (  -0.500000   0.500000   0.000000 )  

     reciprocal axes: (cart. coord. in units 2 pi/alat)
               b(1) = ( -1.000000 -1.000000  1.000000 )  
               b(2) = (  1.000000  1.000000  1.000000 )  
               b(3) = ( -1.000000  1.000000 -1.000000 )  


     PseudoPot. # 1 for Si read from file:
     /home/nicola/CODES/q-e-kcw/pseudo/Si.upf
     MD5 check sum: 9e2d726316af3d4752eea8ab0afbb951
     Pseudo is Norm-conserving + core correction, Zval =  4.0
     Generated using ONCVPSP code by D. R. Hamann
     Using radial grid of 1510 points,  6 beta functions with: 
                l(1) =   0
                l(2) =   0
                l(3) =   1
                l(4) =   1
                l(5) =   2
                l(6) =   2

     atomic species   valence    mass     pseudopotential
     Si                4.00    28.08500     Si( 1.00)

     Starting magnetic structure 
     atomic species   magnetization
     Si              0.000

     48 Sym. Ops., with inversion, found



   Cartesian axes

     site n.     atom                  positions (alat units)
         1        Si     tau(   1) = (   0.0000000   0.0000000   0.0000000  )
         2        Si     tau(   2) = (  -0.2500000   0.2500000   0.2500000  )

     number of k points=    16
                       cart. coord. in units 2pi/alat
        k(    1) = (   0.0000000   0.0000000   0.0000000), wk =   0.1250000
        k(    2) = (   0.5000000   0.5000000   0.5000000), wk =   0.0000000
        k(    3) = (  -0.5000000   0.5000000  -0.5000000), wk =   0.1250000
        k(    4) = (   0.0000000   1.0000000   0.0000000), wk =   0.0000000
        k(    5) = (   0.5000000   0.5000000   0.5000000), wk =   0.1250000
        k(    6) = (   1.0000000   1.0000000   1.0000000), wk =   0.0000000
        k(    7) = (   0.0000000   1.0000000   0.0000000), wk =   0.1250000
        k(    8) = (   0.5000000   1.5000000   0.5000000), wk =   0.0000000
        k(    9) = (  -0.5000000  -0.5000000   0.5000000), wk =   0.1250000
        k(   10) = (   0.0000000   0.0000000   1.0000000), wk =   0.0000000
        k(   11) = (  -1.0000000   0.0000000   0.0000000), wk =   0.1250000
        k(   12) = (  -0.5000000   0.5000000   0.5000000), wk =   0.0000000
        k(   13) = (   0.0000000   0.0000000   1.0000000), wk =   0.1250000
        k(   14) = (   0.5000000   0.5000000   1.5000000), wk =   0.0000000
        k(   15) = (  -0.5000000   0.5000000   0.5000000), wk =   0.1250000
        k(   16) = (   0.0000000   1.0000000   1.0000000), wk =   0.0000000

     Dense  grid:     3287 G-vectors     FFT dimensions: (  24,  24,  24)

     Estimated max dynamical RAM per process >       1.44 MB

     Estimated total dynamical RAM >       5.76 MB

     The potential is recalculated from file :
     /home/nicola/CODES/q-e-kcw/tempdir/kcw/q3/Si.save/charge-density

     Starting wfcs are    8 atomic wfcs

     Band Structure Calculation
     Davidson diagonalization with overlap

     ethr =  1.25E-10,  avg # of iterations = 10.1

     total cpu time spent up to now is       -1.0 secs

     End of band structure calculation

 ------ SPIN UP ------------


          k = 0.0000 0.0000 0.0000 (   411 PWs)   bands (ev):

    -5.7058   6.3432   6.3432   6.3432   8.7374   8.7374   8.7374

          k = 0.5000 0.5000 0.5000 (   410 PWs)   bands (ev):

    -3.3376  -0.7612   5.1093   5.1093   7.6771   9.4935   9.4935

          k =-0.5000 0.5000-0.5000 (   410 PWs)   bands (ev):

    -3.3376  -0.7612   5.1093   5.1093   7.6771   9.4935   9.4935

          k = 0.0000 1.0000 0.0000 (   412 PWs)   bands (ev):

    -1.5321  -1.5321   3.4046   3.4046   6.7657   6.7657  16.2469

          k = 0.5000 0.5000 0.5000 (   410 PWs)   bands (ev):

    -3.3376  -0.7612   5.1093   5.1093   7.6771   9.4935   9.4935

          k = 1.0000 1.0000 1.0000 (   411 PWs)   bands (ev):

    -5.7058   6.3432   6.3432   6.3432   8.7374   8.7374   8.7374

          k = 0.0000 1.0000 0.0000 (   412 PWs)   bands (ev):

    -1.5321  -1.5321   3.4046   3.4046   6.7657   6.7657  16.2469

          k = 0.5000 1.5000 0.5000 (   410 PWs)   bands (ev):

    -3.3376  -0.7612   5.1093   5.1093   7.6771   9.4935   9.4935

          k =-0.5000-0.5000 0.5000 (   410 PWs)   bands (ev):

    -3.3376  -0.7612   5.1093   5.1093   7.6771   9.4935   9.4935

          k = 0.0000 0.0000 1.0000 (   412 PWs)   bands (ev):

    -1.5321  -1.5321   3.4046   3.4046   6.7657   6.7657  16.2469

          k =-1.0000 0.0000 0.0000 (   412 PWs)   bands (ev):

    -1.5321  -1.5321   3.4046   3.4046   6.7657   6.7657  16.2469

          k =-0.5000 0.5000 0.5000 (   410 PWs)   bands (ev):

    -3.3376  -0.7612   5.1093   5.1093   7.6771   9.4935   9.4935

          k = 0.0000 0.0000 1.0000 (   412 PWs)   bands (ev):

    -1.5321  -1.5321   3.4046   3.4046   6.7657   6.7657  16.2469

          k = 0.5000 0.5000 1.5000 (   410 PWs)   bands (ev):

    -3.3376  -0.7612   5.1093   5.1093   7.6771   9.4935   9.4935

          k =-0.5000 0.5000 0.5000 (   410 PWs)   bands (ev):

    -3.3376  -0.7612   5.1093   5.1093   7.6771   9.4935   9.4935

          k = 0.0000 1.0000 1.0000 (   412 PWs)   bands (ev):

    -1.5321  -1.5321   3.4046   3.4046   6.7657   6.7657  16.2469

 ------ SPIN DOWN ----------


          k = 0.0000 0.0000 0.0000 (   411 PWs)   bands (ev):

    -5.7058   6.3432   6.3432   6.3432   8.7374   8.7374   8.7374

          k = 0.5000 0.5000 0.5000 (   410 PWs)   bands (ev):

    -3.3376  -0.7612   5.1093   5.1093   7.6771   9.4935   9.4935

          k =-0.5000 0.5000-0.5000 (   410 PWs)   bands (ev):

    -3.3376  -0.7612   5.1093   5.1093   7.6771   9.4935   9.4935

          k = 0.0000 1.0000 0.0000 (   412 PWs)   bands (ev):

    -1.5321  -1.5321   3.4046   3.4046   6.7657   6.7657  16.2469

          k = 0.5000 0.5000 0.5000 (   410 PWs)   bands (ev):

    -3.3376  -0.7612   5.1093   5.1093   7.6771   9.4935   9.4935

          k = 1.0000 1.0000 1.0000 (   411 PWs)   bands (ev):

    -5.7058   6.3432   6.3432   6.3432   8.7374   8.7374   8.7374

          k = 0.0000 1.0000 0.0000 (   412 PWs)   bands (ev):

    -1.5321  -1.5321   3.4046   3.4046   6.7657   6.7657  16.2469

          k = 0.5000 1.5000 0.5000 (   410 PWs)   bands (ev):

    -3.3376  -0.7612   5.1093   5.1093   7.6771   9.4935   9.4935

          k =-0.5000-0.5000 0.5000 (   410 PWs)   bands (ev):

    -3.3376  -0.7612   5.1093   5.1093   7.6771   9.4935   9.4935

          k = 0.0000 0.0000 1.0000 (   412 PWs)   bands (ev):

    -1.5321  -1.5321   3.4046   3.4046   6.7657   6.7657  16.2469

          k =-1.0000 0.0000 0.0000 (   412 PWs)   bands (ev):

    -1.5321  -1.5321   3.4046   3.4046   6.7657   6.7657  16.2469

          k =-0.5000 0.5000 0.5000 (   410 PWs)   bands (ev):

    -3.3376  -0.7612   5.1093   5.1093   7.6771   9.4935   9.4935

          k = 0.0000 0.0000 1.0000 (   412 PWs)   bands (ev):

    -1.5321  -1.5321   3.4046   3.4046   6.7657   6.7657  16.2469

          k = 0.5000 0.5000 1.5000 (   410 PWs)   bands (ev):

    -3.3376  -0.7612   5.1093   5.1093   7.6771   9.4935   9.4935

          k =-0.5000 0.5000 0.5000 (   410 PWs)   bands (ev):

    -3.3376  -0.7612   5.1093   5.1093   7.6771   9.4935   9.4935

          k = 0.0000 1.0000 1.0000 (   412 PWs)   bands (ev):

    -1.5321  -1.5321   3.4046   3.4046   6.7657   6.7657  16.2469

     highest occupied, lowest unoccupied level (ev):     6.3432    6.7657

     Writing all to output data dir /home/nicola/CODES/q-e-kcw/tempdir/kcw/q3/Si.save/ :
     XML data file, pseudopotentials, collected wavefunctions

        INFO: NSCF calculation DONE

        INFO: kcw_q initialization DONE


        Start LR calculation for the wannier #  1   iq =  3   spin =  1

        SYM : iwann=     1 iq =     3 weight =   0.12500000

      iter #   1 total cpu time :     8.0 secs   av.it.:  12.1
      thresh= 1.000E-06 alpha_mix =  0.700 |ddv_scf|^2 =  2.907E-06

      iter #   2 total cpu time :     8.1 secs   av.it.:  12.0
      thresh= 1.000E-06 alpha_mix =  0.700 |ddv_scf|^2 =  2.101E-06

      iter #   3 total cpu time :     8.1 secs   av.it.:  11.9
      thresh= 1.000E-06 alpha_mix =  0.700 |ddv_scf|^2 =  1.045E-09

      iter #   4 total cpu time :     8.2 secs   av.it.:  10.4
      thresh= 3.233E-07 alpha_mix =  0.700 |ddv_scf|^2 =  2.684E-11

      iter #   5 total cpu time :     8.2 secs   av.it.:  10.4
      thresh= 5.181E-08 alpha_mix =  0.700 |ddv_scf|^2 =  8.250E-13

      iter #   6 total cpu time :     8.3 secs   av.it.:  11.5
      thresh= 9.083E-09 alpha_mix =  0.700 |ddv_scf|^2 =  4.986E-14

      iter #   7 total cpu time :     8.3 secs   av.it.:  11.4
      thresh= 2.233E-09 alpha_mix =  0.700 |ddv_scf|^2 =  9.582E-16

      iter #   8 total cpu time :     8.4 secs   av.it.:  11.9
      thresh= 3.095E-10 alpha_mix =  0.700 |ddv_scf|^2 =  2.633E-15

      iter #   9 total cpu time :     8.4 secs   av.it.:  10.5
      thresh= 5.132E-10 alpha_mix =  0.700 |ddv_scf|^2 =  1.706E-16

      iter #  10 total cpu time :     8.5 secs   av.it.:  11.6
      thresh= 1.306E-10 alpha_mix =  0.700 |ddv_scf|^2 =  4.482E-18

      iter #  11 total cpu time :     8.5 secs   av.it.:  11.4
      thresh= 2.117E-11 alpha_mix =  0.700 |ddv_scf|^2 =  2.638E-19

        iq =   3   iwann =   1   rPi_q =     0.02426730    -0.00000000   uPi_q =     0.06482536    -0.00000000   SH_q =     0.04036159     0.00000000

        Start LR calculation for the wannier #  2   iq =  3   spin =  1

        SYM : iwann=     2 iq =     3 weight =   0.12500000

      iter #   1 total cpu time :     8.6 secs   av.it.:  12.1
      thresh= 1.000E-06 alpha_mix =  0.700 |ddv_scf|^2 =  2.907E-06

      iter #   2 total cpu time :     8.7 secs   av.it.:  12.1
      thresh= 1.000E-06 alpha_mix =  0.700 |ddv_scf|^2 =  2.101E-06

      iter #   3 total cpu time :     8.7 secs   av.it.:  11.9
      thresh= 1.000E-06 alpha_mix =  0.700 |ddv_scf|^2 =  1.045E-09

      iter #   4 total cpu time :     8.8 secs   av.it.:  10.4
      thresh= 3.233E-07 alpha_mix =  0.700 |ddv_scf|^2 =  2.684E-11

      iter #   5 total cpu time :     8.8 secs   av.it.:  10.4
      thresh= 5.181E-08 alpha_mix =  0.700 |ddv_scf|^2 =  8.250E-13

      iter #   6 total cpu time :     8.9 secs   av.it.:  11.4
      thresh= 9.083E-09 alpha_mix =  0.700 |ddv_scf|^2 =  4.986E-14

      iter #   7 total cpu time :     8.9 secs   av.it.:  11.4
      thresh= 2.233E-09 alpha_mix =  0.700 |ddv_scf|^2 =  8.242E-16

      iter #   8 total cpu time :     9.0 secs   av.it.:  11.8
      thresh= 2.871E-10 alpha_mix =  0.700 |ddv_scf|^2 =  1.591E-15

      iter #   9 total cpu time :     9.0 secs   av.it.:  10.6
      thresh= 3.989E-10 alpha_mix =  0.700 |ddv_scf|^2 =  2.515E-16

      iter #  10 total cpu time :     9.1 secs   av.it.:  11.6
      thresh= 1.586E-10 alpha_mix =  0.700 |ddv_scf|^2 =  3.161E-18

      iter #  11 total cpu time :     9.2 secs   av.it.:  11.2
      thresh= 1.778E-11 alpha_mix =  0.700 |ddv_scf|^2 =  1.880E-19

        iq =   3   iwann =   2   rPi_q =     0.02426731    -0.00000000   uPi_q =     0.06482536    -0.00000000   SH_q =     0.04036159    -0.00000000

        Start LR calculation for the wannier #  3   iq =  3   spin =  1

        SYM : iwann=     3 iq =     3 weight =   0.12500000

      iter #   1 total cpu time :     9.2 secs   av.it.:  12.1
      thresh= 1.000E-06 alpha_mix =  0.700 |ddv_scf|^2 =  2.907E-06

      iter #   2 total cpu time :     9.3 secs   av.it.:  12.1
      thresh= 1.000E-06 alpha_mix =  0.700 |ddv_scf|^2 =  2.101E-06

      iter #   3 total cpu time :     9.3 secs   av.it.:  11.9
      thresh= 1.000E-06 alpha_mix =  0.700 |ddv_scf|^2 =  1.045E-09

      iter #   4 total cpu time :     9.4 secs   av.it.:  10.4
      thresh= 3.233E-07 alpha_mix =  0.700 |ddv_scf|^2 =  2.684E-11

      iter #   5 total cpu time :     9.4 secs   av.it.:  10.4
      thresh= 5.181E-08 alpha_mix =  0.700 |ddv_scf|^2 =  8.250E-13

      iter #   6 total cpu time :     9.5 secs   av.it.:  11.4
      thresh= 9.083E-09 alpha_mix =  0.700 |ddv_scf|^2 =  4.985E-14

      iter #   7 total cpu time :     9.6 secs   av.it.:  11.3
      thresh= 2.233E-09 alpha_mix =  0.700 |ddv_scf|^2 =  7.386E-16

      iter #   8 total cpu time :     9.6 secs   av.it.:  11.8
      thresh= 2.718E-10 alpha_mix =  0.700 |ddv_scf|^2 =  6.112E-16

      iter #   9 total cpu time :     9.7 secs   av.it.:  10.8
      thresh= 2.472E-10 alpha_mix =  0.700 |ddv_scf|^2 =  4.250E-16

      iter #  10 total cpu time :     9.7 secs   av.it.:  11.2
      thresh= 2.062E-10 alpha_mix =  0.700 |ddv_scf|^2 =  1.242E-18

      iter #  11 total cpu time :     9.8 secs   av.it.:  11.1
      thresh= 1.115E-11 alpha_mix =  0.700 |ddv_scf|^2 =  9.925E-20

        iq =   3   iwann =   3   rPi_q =     0.02426731     0.00000000   uPi_q =     0.06482536    -0.00000000   SH_q =     0.04036159     0.00000000

        Start LR calculation for the wannier #  4   iq =  3   spin =  1

        SYM : iwann=     4 iq =     3 weight =   0.12500000

      iter #   1 total cpu time :     9.8 secs   av.it.:  11.8
      thresh= 1.000E-06 alpha_mix =  0.700 |ddv_scf|^2 =  1.579E-05

      iter #   2 total cpu time :     9.9 secs   av.it.:  12.7
      thresh= 1.000E-06 alpha_mix =  0.700 |ddv_scf|^2 =  8.514E-05

      iter #   3 total cpu time :    10.0 secs   av.it.:  12.4
      thresh= 1.000E-06 alpha_mix =  0.700 |ddv_scf|^2 =  2.211E-09

      iter #   4 total cpu time :    10.0 secs   av.it.:  10.6
      thresh= 4.702E-07 alpha_mix =  0.700 |ddv_scf|^2 =  2.058E-10

      iter #   5 total cpu time :    10.1 secs   av.it.:  10.8
      thresh= 1.434E-07 alpha_mix =  0.700 |ddv_scf|^2 =  5.232E-12

      iter #   6 total cpu time :    10.1 secs   av.it.:  11.1
      thresh= 2.287E-08 alpha_mix =  0.700 |ddv_scf|^2 =  1.101E-13

      iter #   7 total cpu time :    10.2 secs   av.it.:  11.1
      thresh= 3.318E-09 alpha_mix =  0.700 |ddv_scf|^2 =  1.123E-14

      iter #   8 total cpu time :    10.2 secs   av.it.:  11.3
      thresh= 1.060E-09 alpha_mix =  0.700 |ddv_scf|^2 =  2.238E-16

      iter #   9 total cpu time :    10.3 secs   av.it.:  11.4
      thresh= 1.496E-10 alpha_mix =  0.700 |ddv_scf|^2 =  2.215E-17

      iter #  10 total cpu time :    10.3 secs   av.it.:  11.7
      thresh= 4.706E-11 alpha_mix =  0.700 |ddv_scf|^2 =  1.459E-18

      iter #  11 total cpu time :    10.4 secs   av.it.:  11.6
      thresh= 1.208E-11 alpha_mix =  0.700 |ddv_scf|^2 =  2.757E-19

        iq =   3   iwann =   4   rPi_q =     0.00998932    -0.00000000   uPi_q =     0.05952884    -0.00000000   SH_q =     0.03746804     0.00000000

        Start LR calculation for the wannier #  5   iq =  3   spin =  1

        SYM : iwann=     5 iq =     3 weight =   0.12500000

      iter #   1 total cpu time :    10.5 secs   av.it.:  11.7
      thresh= 1.000E-06 alpha_mix =  0.700 |ddv_scf|^2 =  7.554E-07

      iter #   2 total cpu time :    10.5 secs   av.it.:  11.9
      thresh= 1.000E-06 alpha_mix =  0.700 |ddv_scf|^2 =  3.935E-06

      iter #   3 total cpu time :    10.6 secs   av.it.:  11.5
      thresh= 1.000E-06 alpha_mix =  0.700 |ddv_scf|^2 =  3.222E-09

      iter #   4 total cpu time :    10.6 secs   av.it.:  10.8
      thresh= 5.676E-07 alpha_mix =  0.700 |ddv_scf|^2 =  2.000E-11

      iter #   5 total cpu time :    10.7 secs   av.it.:  10.8
      thresh= 4.472E-08 alpha_mix =  0.700 |ddv_scf|^2 =  2.111E-12

      iter #   6 total cpu time :    10.7 secs   av.it.:  11.5
      thresh= 1.453E-08 alpha_mix =  0.700 |ddv_scf|^2 =  4.059E-14

      iter #   7 total cpu time :    10.8 secs   av.it.:  11.6
      thresh= 2.015E-09 alpha_mix =  0.700 |ddv_scf|^2 =  3.919E-15

      iter #   8 total cpu time :    10.9 secs   av.it.:  11.6
      thresh= 6.260E-10 alpha_mix =  0.700 |ddv_scf|^2 =  1.416E-15

      iter #   9 total cpu time :    10.9 secs   av.it.:  11.7
      thresh= 3.763E-10 alpha_mix =  0.700 |ddv_scf|^2 =  2.602E-16

      iter #  10 total cpu time :    11.0 secs   av.it.:  11.1
      thresh= 1.613E-10 alpha_mix =  0.700 |ddv_scf|^2 =  5.427E-17

      iter #  11 total cpu time :    11.0 secs   av.it.:  10.9
      thresh= 7.367E-11 alpha_mix =  0.700 |ddv_scf|^2 =  3.776E-18

      iter #  12 total cpu time :    11.1 secs   av.it.:  11.5
      thresh= 1.943E-11 alpha_mix =  0.700 |ddv_scf|^2 =  9.928E-19

        iq =   3   iwann =   5   rPi_q =    -0.00000707     0.00000000   uPi_q =     0.00568005    -0.00000000   SH_q =     0.00612289    -0.00000000

        Start LR calculation for the wannier #  6   iq =  3   spin =  1

        SYM : iwann=     6 iq =     3 weight =   0.12500000

      iter #   1 total cpu time :    11.1 secs   av.it.:  12.3
      thresh= 1.000E-06 alpha_mix =  0.700 |ddv_scf|^2 =  1.825E-06

      iter #   2 total cpu time :    11.2 secs   av.it.:  12.3
      thresh= 1.000E-06 alpha_mix =  0.700 |ddv_scf|^2 =  1.355E-06

      iter #   3 total cpu time :    11.3 secs   av.it.:  12.0
      thresh= 1.000E-06 alpha_mix =  0.700 |ddv_scf|^2 =  7.507E-11

      iter #   4 total cpu time :    11.3 secs   av.it.:  10.9
      thresh= 8.664E-08 alpha_mix =  0.700 |ddv_scf|^2 =  2.920E-12

      iter #   5 total cpu time :    11.4 secs   av.it.:  11.8
      thresh= 1.709E-08 alpha_mix =  0.700 |ddv_scf|^2 =  4.137E-12

      iter #   6 total cpu time :    11.4 secs   av.it.:  10.8
      thresh= 2.034E-08 alpha_mix =  0.700 |ddv_scf|^2 =  4.677E-13

      iter #   7 total cpu time :    11.5 secs   av.it.:  11.5
      thresh= 6.839E-09 alpha_mix =  0.700 |ddv_scf|^2 =  2.545E-14

      iter #   8 total cpu time :    11.6 secs   av.it.:  11.2
      thresh= 1.595E-09 alpha_mix =  0.700 |ddv_scf|^2 =  2.165E-16

      iter #   9 total cpu time :    11.6 secs   av.it.:  11.5
      thresh= 1.472E-10 alpha_mix =  0.700 |ddv_scf|^2 =  2.927E-17

      iter #  10 total cpu time :    11.7 secs   av.it.:  11.6
      thresh= 5.411E-11 alpha_mix =  0.700 |ddv_scf|^2 =  2.580E-19

        iq =   3   iwann =   6   rPi_q =     0.01015227     0.00000000   uPi_q =     0.03112892    -0.00000000   SH_q =     0.01955118    -0.00000000

        Start LR calculation for the wannier #  7   iq =  3   spin =  1

        SYM : iwann=     7 iq =     3 weight =   0.12500000

      iter #   1 total cpu time :    11.7 secs   av.it.:  12.3
      thresh= 1.000E-06 alpha_mix =  0.700 |ddv_scf|^2 =  1.825E-06

      iter #   2 total cpu time :    11.8 secs   av.it.:  12.2
      thresh= 1.000E-06 alpha_mix =  0.700 |ddv_scf|^2 =  1.355E-06

      iter #   3 total cpu time :    11.8 secs   av.it.:  11.9
      thresh= 1.000E-06 alpha_mix =  0.700 |ddv_scf|^2 =  7.507E-11

      iter #   4 total cpu time :    11.9 secs   av.it.:  10.9
      thresh= 8.664E-08 alpha_mix =  0.700 |ddv_scf|^2 =  2.933E-12

      iter #   5 total cpu time :    12.0 secs   av.it.:  11.7
      thresh= 1.712E-08 alpha_mix =  0.700 |ddv_scf|^2 =  4.173E-12

      iter #   6 total cpu time :    12.0 secs   av.it.:  10.8
      thresh= 2.043E-08 alpha_mix =  0.700 |ddv_scf|^2 =  4.643E-13

      iter #   7 total cpu time :    12.1 secs   av.it.:  11.5
      thresh= 6.814E-09 alpha_mix =  0.700 |ddv_scf|^2 =  2.544E-14

      iter #   8 total cpu time :    12.1 secs   av.it.:  11.3
      thresh= 1.595E-09 alpha_mix =  0.700 |ddv_scf|^2 =  2.166E-16

      iter #   9 total cpu time :    12.2 secs   av.it.:  11.4
      thresh= 1.472E-10 alpha_mix =  0.700 |ddv_scf|^2 =  2.927E-17

      iter #  10 total cpu time :    12.2 secs   av.it.:  11.7
      thresh= 5.410E-11 alpha_mix =  0.700 |ddv_scf|^2 =  2.620E-19

        iq =   3   iwann =   7   rPi_q =     0.01015219     0.00000000   uPi_q =     0.03112872     0.00000000   SH_q =     0.01955107     0.00000000

        Start LR calculation for the wannier #  8   iq =  3   spin =  1

        SYM : iwann=     8 iq =     3 weight =   0.12500000

      iter #   1 total cpu time :    12.3 secs   av.it.:  12.3
      thresh= 1.000E-06 alpha_mix =  0.700 |ddv_scf|^2 =  1.825E-06

      iter #   2 total cpu time :    12.4 secs   av.it.:  12.3
      thresh= 1.000E-06 alpha_mix =  0.700 |ddv_scf|^2 =  1.355E-06

      iter #   3 total cpu time :    12.4 secs   av.it.:  12.0
      thresh= 1.000E-06 alpha_mix =  0.700 |ddv_scf|^2 =  7.507E-11

      iter #   4 total cpu time :    12.5 secs   av.it.:  10.8
      thresh= 8.664E-08 alpha_mix =  0.700 |ddv_scf|^2 =  2.908E-12

      iter #   5 total cpu time :    12.5 secs   av.it.:  11.7
      thresh= 1.705E-08 alpha_mix =  0.700 |ddv_scf|^2 =  4.098E-12

      iter #   6 total cpu time :    12.6 secs   av.it.:  10.8
      thresh= 2.024E-08 alpha_mix =  0.700 |ddv_scf|^2 =  4.717E-13

      iter #   7 total cpu time :    12.7 secs   av.it.:  11.4
      thresh= 6.868E-09 alpha_mix =  0.700 |ddv_scf|^2 =  2.545E-14

      iter #   8 total cpu time :    12.7 secs   av.it.:  11.4
      thresh= 1.595E-09 alpha_mix =  0.700 |ddv_scf|^2 =  2.166E-16

      iter #   9 total cpu time :    12.8 secs   av.it.:  11.5
      thresh= 1.472E-10 alpha_mix =  0.700 |ddv_scf|^2 =  2.927E-17

      iter #  10 total cpu time :    12.8 secs   av.it.:  11.7
      thresh= 5.411E-11 alpha_mix =  0.700 |ddv_scf|^2 =  2.531E-19

        iq =   3   iwann =   8   rPi_q =     0.01015223     0.00000000   uPi_q =     0.03112882     0.00000000   SH_q =     0.01955112     0.00000000


     ==============================================================================
     Calculation of q =    0.0000000   1.0000000   0.0000000  [Cart ]
     Calculation of q =    0.0000000   0.5000000   0.5000000  [Cryst]
     ==============================================================================

        INFO: prepare_q DONE

        INFO: rhowan_q(r) RETRIEVED


     Parallelization info
     --------------------
     sticks:   dense  smooth     PW     G-vecs:    dense   smooth      PW
     Min          73      73     30                  821      821     216
     Max          74      74     31                  823      823     218
     Sum         295     295    121                 3287     3287     869

     Using Slab Decomposition


     Title: 
     KCW Silicon screen                                                         


     bravais-lattice index     =            2
     lattice parameter (alat)  =      10.2631  a.u.
     unit-cell volume          =     270.2564 (a.u.)^3
     number of atoms/cell      =            2
     number of atomic types    =            1
     number of electrons       =         8.00 (up:   4.00, down:   4.00)
     number of Kohn-Sham states=            7
     kinetic-energy cutoff     =      20.0000  Ry
     charge density cutoff     =      80.0000  Ry
     Exchange-correlation= PW
                           (   1   4   0   0   0   0   0)

     celldm(1)=  10.263102  celldm(2)=   0.000000  celldm(3)=   0.000000
     celldm(4)=   0.000000  celldm(5)=   0.000000  celldm(6)=   0.000000

     crystal axes: (cart. coord. in units of alat)
               a(1) = (  -0.500000   0.000000   0.500000 )  
               a(2) = (   0.000000   0.500000   0.500000 )  
               a(3) = (  -0.500000   0.500000   0.000000 )  

     reciprocal axes: (cart. coord. in units 2 pi/alat)
               b(1) = ( -1.000000 -1.000000  1.000000 )  
               b(2) = (  1.000000  1.000000  1.000000 )  
               b(3) = ( -1.000000  1.000000 -1.000000 )  


     PseudoPot. # 1 for Si read from file:
     /home/nicola/CODES/q-e-kcw/pseudo/Si.upf
     MD5 check sum: 9e2d726316af3d4752eea8ab0afbb951
     Pseudo is Norm-conserving + core correction, Zval =  4.0
     Generated using ONCVPSP code by D. R. Hamann
     Using radial grid of 1510 points,  6 beta functions with: 
                l(1) =   0
                l(2) =   0
                l(3) =   1
                l(4) =   1
                l(5) =   2
                l(6) =   2

     atomic species   valence    mass     pseudopotential
     Si                4.00    28.08500     Si( 1.00)

     Starting magnetic structure 
     atomic species   magnetization
     Si              0.000

     48 Sym. Ops., with inversion, found



   Cartesian axes

     site n.     atom                  positions (alat units)
         1        Si     tau(   1) = (   0.0000000   0.0000000   0.0000000  )
         2        Si     tau(   2) = (  -0.2500000   0.2500000   0.2500000  )

     number of k points=    16
                       cart. coord. in units 2pi/alat
        k(    1) = (   0.0000000   0.0000000   0.0000000), wk =   0.1250000
        k(    2) = (   0.0000000   1.0000000   0.0000000), wk =   0.0000000
        k(    3) = (  -0.5000000   0.5000000  -0.5000000), wk =   0.1250000
        k(    4) = (  -0.5000000   1.5000000  -0.5000000), wk =   0.0000000
        k(    5) = (   0.5000000   0.5000000   0.5000000), wk =   0.1250000
        k(    6) = (   0.5000000   1.5000000   0.5000000), wk =   0.0000000
        k(    7) = (   0.0000000   1.0000000   0.0000000), wk =   0.1250000
        k(    8) = (   0.0000000   2.0000000   0.0000000), wk =   0.0000000
        k(    9) = (  -0.5000000  -0.5000000   0.5000000), wk =   0.1250000
        k(   10) = (  -0.5000000   0.5000000   0.5000000), wk =   0.0000000
        k(   11) = (  -1.0000000   0.0000000   0.0000000), wk =   0.1250000
        k(   12) = (  -1.0000000   1.0000000   0.0000000), wk =   0.0000000
        k(   13) = (   0.0000000   0.0000000   1.0000000), wk =   0.1250000
        k(   14) = (   0.0000000   1.0000000   1.0000000), wk =   0.0000000
        k(   15) = (  -0.5000000   0.5000000   0.5000000), wk =   0.1250000
        k(   16) = (  -0.5000000   1.5000000   0.5000000), wk =   0.0000000

     Dense  grid:     3287 G-vectors     FFT dimensions: (  24,  24,  24)

     Estimated max dynamical RAM per process >       1.45 MB

     Estimated total dynamical RAM >       5.78 MB

     The potential is recalculated from file :
     /home/nicola/CODES/q-e-kcw/tempdir/kcw/q4/Si.save/charge-density

     Starting wfcs are    8 atomic wfcs

     Band Structure Calculation
     Davidson diagonalization with overlap

     ethr =  1.25E-10,  avg # of iterations = 10.1

     total cpu time spent up to now is       -1.0 secs

     End of band structure calculation

 ------ SPIN UP ------------


          k = 0.0000 0.0000 0.0000 (   411 PWs)   bands (ev):

    -5.7058   6.3432   6.3432   6.3432   8.7374   8.7374   8.7374

          k = 0.0000 1.0000 0.0000 (   412 PWs)   bands (ev):

    -1.5321  -1.5321   3.4046   3.4046   6.7657   6.7657  16.2469

          k =-0.5000 0.5000-0.5000 (   410 PWs)   bands (ev):

    -3.3376  -0.7612   5.1093   5.1093   7.6771   9.4935   9.4935

          k =-0.5000 1.5000-0.5000 (   410 PWs)   bands (ev):

    -3.3376  -0.7612   5.1093   5.1093   7.6771   9.4935   9.4935

          k = 0.5000 0.5000 0.5000 (   410 PWs)   bands (ev):

    -3.3376  -0.7612   5.1093   5.1093   7.6771   9.4935   9.4935

          k = 0.5000 1.5000 0.5000 (   410 PWs)   bands (ev):

    -3.3376  -0.7612   5.1093   5.1093   7.6771   9.4935   9.4935

          k = 0.0000 1.0000 0.0000 (   412 PWs)   bands (ev):

    -1.5321  -1.5321   3.4046   3.4046   6.7657   6.7657  16.2469

          k = 0.0000 2.0000 0.0000 (   411 PWs)   bands (ev):

    -5.7058   6.3432   6.3432   6.3432   8.7374   8.7374   8.7374

          k =-0.5000-0.5000 0.5000 (   410 PWs)   bands (ev):

    -3.3376  -0.7612   5.1093   5.1093   7.6771   9.4935   9.4935

          k =-0.5000 0.5000 0.5000 (   410 PWs)   bands (ev):

    -3.3376  -0.7612   5.1093   5.1093   7.6771   9.4935   9.4935

          k =-1.0000 0.0000 0.0000 (   412 PWs)   bands (ev):

    -1.5321  -1.5321   3.4046   3.4046   6.7657   6.7657  16.2469

          k =-1.0000 1.0000 0.0000 (   412 PWs)   bands (ev):

    -1.5321  -1.5321   3.4046   3.4046   6.7657   6.7657  16.2469

          k = 0.0000 0.0000 1.0000 (   412 PWs)   bands (ev):

    -1.5321  -1.5321   3.4046   3.4046   6.7657   6.7657  16.2469

          k = 0.0000 1.0000 1.0000 (   412 PWs)   bands (ev):

    -1.5321  -1.5321   3.4046   3.4046   6.7657   6.7657  16.2469

          k =-0.5000 0.5000 0.5000 (   410 PWs)   bands (ev):

    -3.3376  -0.7612   5.1093   5.1093   7.6771   9.4935   9.4935

          k =-0.5000 1.5000 0.5000 (   410 PWs)   bands (ev):

    -3.3376  -0.7612   5.1093   5.1093   7.6771   9.4935   9.4935

 ------ SPIN DOWN ----------


          k = 0.0000 0.0000 0.0000 (   411 PWs)   bands (ev):

    -5.7058   6.3432   6.3432   6.3432   8.7374   8.7374   8.7374

          k = 0.0000 1.0000 0.0000 (   412 PWs)   bands (ev):

    -1.5321  -1.5321   3.4046   3.4046   6.7657   6.7657  16.2469

          k =-0.5000 0.5000-0.5000 (   410 PWs)   bands (ev):

    -3.3376  -0.7612   5.1093   5.1093   7.6771   9.4935   9.4935

          k =-0.5000 1.5000-0.5000 (   410 PWs)   bands (ev):

    -3.3376  -0.7612   5.1093   5.1093   7.6771   9.4935   9.4935

          k = 0.5000 0.5000 0.5000 (   410 PWs)   bands (ev):

    -3.3376  -0.7612   5.1093   5.1093   7.6771   9.4935   9.4935

          k = 0.5000 1.5000 0.5000 (   410 PWs)   bands (ev):

    -3.3376  -0.7612   5.1093   5.1093   7.6771   9.4935   9.4935

          k = 0.0000 1.0000 0.0000 (   412 PWs)   bands (ev):

    -1.5321  -1.5321   3.4046   3.4046   6.7657   6.7657  16.2469

          k = 0.0000 2.0000 0.0000 (   411 PWs)   bands (ev):

    -5.7058   6.3432   6.3432   6.3432   8.7374   8.7374   8.7374

          k =-0.5000-0.5000 0.5000 (   410 PWs)   bands (ev):

    -3.3376  -0.7612   5.1093   5.1093   7.6771   9.4935   9.4935

          k =-0.5000 0.5000 0.5000 (   410 PWs)   bands (ev):

    -3.3376  -0.7612   5.1093   5.1093   7.6771   9.4935   9.4935

          k =-1.0000 0.0000 0.0000 (   412 PWs)   bands (ev):

    -1.5321  -1.5321   3.4046   3.4046   6.7657   6.7657  16.2469

          k =-1.0000 1.0000 0.0000 (   412 PWs)   bands (ev):

    -1.5321  -1.5321   3.4046   3.4046   6.7657   6.7657  16.2469

          k = 0.0000 0.0000 1.0000 (   412 PWs)   bands (ev):

    -1.5321  -1.5321   3.4046   3.4046   6.7657   6.7657  16.2469

          k = 0.0000 1.0000 1.0000 (   412 PWs)   bands (ev):

    -1.5321  -1.5321   3.4046   3.4046   6.7657   6.7657  16.2469

          k =-0.5000 0.5000 0.5000 (   410 PWs)   bands (ev):

    -3.3376  -0.7612   5.1093   5.1093   7.6771   9.4935   9.4935

          k =-0.5000 1.5000 0.5000 (   410 PWs)   bands (ev):

    -3.3376  -0.7612   5.1093   5.1093   7.6771   9.4935   9.4935

     highest occupied, lowest unoccupied level (ev):     6.3432    6.7657

     Writing all to output data dir /home/nicola/CODES/q-e-kcw/tempdir/kcw/q4/Si.save/ :
     XML data file, pseudopotentials, collected wavefunctions

        INFO: NSCF calculation DONE

        INFO: kcw_q initialization DONE


        Start LR calculation for the wannier #  1   iq =  4   spin =  1

        SYM : iwann=     1 iq =     4 weight =   0.12500000

      iter #   1 total cpu time :    13.1 secs   av.it.:  12.0
      thresh= 1.000E-06 alpha_mix =  0.700 |ddv_scf|^2 =  3.736E-06

      iter #   2 total cpu time :    13.2 secs   av.it.:  12.5
      thresh= 1.000E-06 alpha_mix =  0.700 |ddv_scf|^2 =  8.266E-06

      iter #   3 total cpu time :    13.2 secs   av.it.:  12.0
      thresh= 1.000E-06 alpha_mix =  0.700 |ddv_scf|^2 =  2.131E-08

      iter #   4 total cpu time :    13.3 secs   av.it.:  10.2
      thresh= 1.000E-06 alpha_mix =  0.700 |ddv_scf|^2 =  8.701E-11

      iter #   5 total cpu time :    13.3 secs   av.it.:  10.1
      thresh= 9.328E-08 alpha_mix =  0.700 |ddv_scf|^2 =  1.832E-11

      iter #   6 total cpu time :    13.4 secs   av.it.:  10.2
      thresh= 4.281E-08 alpha_mix =  0.700 |ddv_scf|^2 =  2.555E-12

      iter #   7 total cpu time :    13.5 secs   av.it.:  11.0
      thresh= 1.598E-08 alpha_mix =  0.700 |ddv_scf|^2 =  1.254E-13

      iter #   8 total cpu time :    13.5 secs   av.it.:  11.2
      thresh= 3.541E-09 alpha_mix =  0.700 |ddv_scf|^2 =  2.580E-14

      iter #   9 total cpu time :    13.6 secs   av.it.:  11.7
      thresh= 1.606E-09 alpha_mix =  0.700 |ddv_scf|^2 =  1.843E-14

      iter #  10 total cpu time :    13.6 secs   av.it.:  10.8
      thresh= 1.357E-09 alpha_mix =  0.700 |ddv_scf|^2 =  9.864E-16

      iter #  11 total cpu time :    13.7 secs   av.it.:  11.6
      thresh= 3.141E-10 alpha_mix =  0.700 |ddv_scf|^2 =  3.467E-16

      iter #  12 total cpu time :    13.7 secs   av.it.:  11.1
      thresh= 1.862E-10 alpha_mix =  0.700 |ddv_scf|^2 =  3.053E-17

      iter #  13 total cpu time :    13.8 secs   av.it.:  11.8
      thresh= 5.526E-11 alpha_mix =  0.700 |ddv_scf|^2 =  1.388E-17

      iter #  14 total cpu time :    13.9 secs   av.it.:  11.2
      thresh= 3.725E-11 alpha_mix =  0.700 |ddv_scf|^2 =  1.653E-18

      iter #  15 total cpu time :    13.9 secs   av.it.:  11.6
      thresh= 1.286E-11 alpha_mix =  0.700 |ddv_scf|^2 =  7.881E-19

        iq =   4   iwann =   1   rPi_q =     0.01376782     0.00000000   uPi_q =     0.05092909    -0.00000000   SH_q =     0.03328195    -0.00000000

        Start LR calculation for the wannier #  2   iq =  4   spin =  1

        SYM : iwann=     2 iq =     4 weight =   0.12500000

      iter #   1 total cpu time :    14.0 secs   av.it.:  12.0
      thresh= 1.000E-06 alpha_mix =  0.700 |ddv_scf|^2 =  3.736E-06

      iter #   2 total cpu time :    14.1 secs   av.it.:  12.4
      thresh= 1.000E-06 alpha_mix =  0.700 |ddv_scf|^2 =  8.266E-06

      iter #   3 total cpu time :    14.1 secs   av.it.:  11.9
      thresh= 1.000E-06 alpha_mix =  0.700 |ddv_scf|^2 =  2.131E-08

      iter #   4 total cpu time :    14.2 secs   av.it.:  10.2
      thresh= 1.000E-06 alpha_mix =  0.700 |ddv_scf|^2 =  8.701E-11

      iter #   5 total cpu time :    14.2 secs   av.it.:  10.1
      thresh= 9.328E-08 alpha_mix =  0.700 |ddv_scf|^2 =  1.832E-11

      iter #   6 total cpu time :    14.3 secs   av.it.:  10.2
      thresh= 4.281E-08 alpha_mix =  0.700 |ddv_scf|^2 =  2.555E-12

      iter #   7 total cpu time :    14.3 secs   av.it.:  10.9
      thresh= 1.598E-08 alpha_mix =  0.700 |ddv_scf|^2 =  1.254E-13

      iter #   8 total cpu time :    14.4 secs   av.it.:  10.9
      thresh= 3.541E-09 alpha_mix =  0.700 |ddv_scf|^2 =  2.578E-14

      iter #   9 total cpu time :    14.5 secs   av.it.:  11.2
      thresh= 1.606E-09 alpha_mix =  0.700 |ddv_scf|^2 =  1.834E-14

      iter #  10 total cpu time :    14.5 secs   av.it.:  10.3
      thresh= 1.354E-09 alpha_mix =  0.700 |ddv_scf|^2 =  9.851E-16

      iter #  11 total cpu time :    14.6 secs   av.it.:  11.3
      thresh= 3.139E-10 alpha_mix =  0.700 |ddv_scf|^2 =  3.442E-16

      iter #  12 total cpu time :    14.6 secs   av.it.:  10.8
      thresh= 1.855E-10 alpha_mix =  0.700 |ddv_scf|^2 =  2.981E-17

      iter #  13 total cpu time :    14.7 secs   av.it.:  11.6
      thresh= 5.460E-11 alpha_mix =  0.700 |ddv_scf|^2 =  1.210E-17

      iter #  14 total cpu time :    14.7 secs   av.it.:  10.9
      thresh= 3.479E-11 alpha_mix =  0.700 |ddv_scf|^2 =  1.161E-18

      iter #  15 total cpu time :    14.8 secs   av.it.:  11.5
      thresh= 1.077E-11 alpha_mix =  0.700 |ddv_scf|^2 =  3.125E-19

        iq =   4   iwann =   2   rPi_q =     0.01376781     0.00000000   uPi_q =     0.05092909    -0.00000000   SH_q =     0.03328195    -0.00000000

        Start LR calculation for the wannier #  3   iq =  4   spin =  1

        SYM : iwann=     3 iq =     4 weight =   0.12500000

      iter #   1 total cpu time :    14.9 secs   av.it.:  12.0
      thresh= 1.000E-06 alpha_mix =  0.700 |ddv_scf|^2 =  3.736E-06

      iter #   2 total cpu time :    14.9 secs   av.it.:  12.4
      thresh= 1.000E-06 alpha_mix =  0.700 |ddv_scf|^2 =  8.266E-06

      iter #   3 total cpu time :    15.0 secs   av.it.:  11.9
      thresh= 1.000E-06 alpha_mix =  0.700 |ddv_scf|^2 =  2.131E-08

      iter #   4 total cpu time :    15.0 secs   av.it.:  10.2
      thresh= 1.000E-06 alpha_mix =  0.700 |ddv_scf|^2 =  8.701E-11

      iter #   5 total cpu time :    15.1 secs   av.it.:  10.2
      thresh= 9.328E-08 alpha_mix =  0.700 |ddv_scf|^2 =  1.832E-11

      iter #   6 total cpu time :    15.2 secs   av.it.:  10.2
      thresh= 4.281E-08 alpha_mix =  0.700 |ddv_scf|^2 =  2.555E-12

      iter #   7 total cpu time :    15.2 secs   av.it.:  11.1
      thresh= 1.598E-08 alpha_mix =  0.700 |ddv_scf|^2 =  1.254E-13

      iter #   8 total cpu time :    15.3 secs   av.it.:  11.2
      thresh= 3.541E-09 alpha_mix =  0.700 |ddv_scf|^2 =  2.580E-14

      iter #   9 total cpu time :    15.3 secs   av.it.:  11.8
      thresh= 1.606E-09 alpha_mix =  0.700 |ddv_scf|^2 =  1.844E-14

      iter #  10 total cpu time :    15.4 secs   av.it.:  10.8
      thresh= 1.358E-09 alpha_mix =  0.700 |ddv_scf|^2 =  9.861E-16

      iter #  11 total cpu time :    15.5 secs   av.it.:  11.6
      thresh= 3.140E-10 alpha_mix =  0.700 |ddv_scf|^2 =  3.462E-16

      iter #  12 total cpu time :    15.5 secs   av.it.:  11.1
      thresh= 1.861E-10 alpha_mix =  0.700 |ddv_scf|^2 =  3.034E-17

      iter #  13 total cpu time :    15.6 secs   av.it.:  11.8
      thresh= 5.508E-11 alpha_mix =  0.700 |ddv_scf|^2 =  1.340E-17

      iter #  14 total cpu time :    15.6 secs   av.it.:  11.2
      thresh= 3.661E-11 alpha_mix =  0.700 |ddv_scf|^2 =  1.543E-18

      iter #  15 total cpu time :    15.7 secs   av.it.:  11.5
      thresh= 1.242E-11 alpha_mix =  0.700 |ddv_scf|^2 =  7.013E-19

        iq =   4   iwann =   3   rPi_q =     0.01376782    -0.00000000   uPi_q =     0.05092909    -0.00000000   SH_q =     0.03328195     0.00000000

        Start LR calculation for the wannier #  4   iq =  4   spin =  1

        SYM : iwann=     4 iq =     4 weight =   0.12500000

      iter #   1 total cpu time :    15.8 secs   av.it.:  12.0
      thresh= 1.000E-06 alpha_mix =  0.700 |ddv_scf|^2 =  3.736E-06

      iter #   2 total cpu time :    15.8 secs   av.it.:  12.5
      thresh= 1.000E-06 alpha_mix =  0.700 |ddv_scf|^2 =  8.266E-06

      iter #   3 total cpu time :    15.9 secs   av.it.:  12.0
      thresh= 1.000E-06 alpha_mix =  0.700 |ddv_scf|^2 =  2.131E-08

      iter #   4 total cpu time :    15.9 secs   av.it.:  10.2
      thresh= 1.000E-06 alpha_mix =  0.700 |ddv_scf|^2 =  8.701E-11

      iter #   5 total cpu time :    16.0 secs   av.it.:  10.1
      thresh= 9.328E-08 alpha_mix =  0.700 |ddv_scf|^2 =  1.832E-11

      iter #   6 total cpu time :    16.0 secs   av.it.:  10.2
      thresh= 4.281E-08 alpha_mix =  0.700 |ddv_scf|^2 =  2.555E-12

      iter #   7 total cpu time :    16.1 secs   av.it.:  11.0
      thresh= 1.598E-08 alpha_mix =  0.700 |ddv_scf|^2 =  1.254E-13

      iter #   8 total cpu time :    16.2 secs   av.it.:  10.9
      thresh= 3.541E-09 alpha_mix =  0.700 |ddv_scf|^2 =  2.578E-14

      iter #   9 total cpu time :    16.2 secs   av.it.:  11.5
      thresh= 1.606E-09 alpha_mix =  0.700 |ddv_scf|^2 =  1.836E-14

      iter #  10 total cpu time :    16.3 secs   av.it.:  10.8
      thresh= 1.355E-09 alpha_mix =  0.700 |ddv_scf|^2 =  9.855E-16

      iter #  11 total cpu time :    16.3 secs   av.it.:  11.6
      thresh= 3.139E-10 alpha_mix =  0.700 |ddv_scf|^2 =  3.450E-16

      iter #  12 total cpu time :    16.4 secs   av.it.:  10.9
      thresh= 1.857E-10 alpha_mix =  0.700 |ddv_scf|^2 =  3.004E-17

      iter #  13 total cpu time :    16.5 secs   av.it.:  11.7
      thresh= 5.481E-11 alpha_mix =  0.700 |ddv_scf|^2 =  1.269E-17

      iter #  14 total cpu time :    16.5 secs   av.it.:  11.1
      thresh= 3.562E-11 alpha_mix =  0.700 |ddv_scf|^2 =  1.349E-18

      iter #  15 total cpu time :    16.6 secs   av.it.:  11.6
      thresh= 1.162E-11 alpha_mix =  0.700 |ddv_scf|^2 =  5.232E-19

        iq =   4   iwann =   4   rPi_q =     0.01376782    -0.00000001   uPi_q =     0.05092909    -0.00000000   SH_q =     0.03328195     0.00000000

        Start LR calculation for the wannier #  5   iq =  4   spin =  1

        SYM : iwann=     5 iq =     4 weight =   0.12500000

      iter #   1 total cpu time :    16.6 secs   av.it.:  11.8
      thresh= 1.000E-06 alpha_mix =  0.700 |ddv_scf|^2 =  7.982E-07

      iter #   2 total cpu time :    16.7 secs   av.it.:  11.9
      thresh= 1.000E-06 alpha_mix =  0.700 |ddv_scf|^2 =  1.609E-06

      iter #   3 total cpu time :    16.8 secs   av.it.:  11.6
      thresh= 1.000E-06 alpha_mix =  0.700 |ddv_scf|^2 =  7.431E-09

      iter #   4 total cpu time :    16.8 secs   av.it.:  10.2
      thresh= 8.621E-07 alpha_mix =  0.700 |ddv_scf|^2 =  1.819E-11

      iter #   5 total cpu time :    16.9 secs   av.it.:  10.8
      thresh= 4.265E-08 alpha_mix =  0.700 |ddv_scf|^2 =  3.872E-12

      iter #   6 total cpu time :    16.9 secs   av.it.:  11.4
      thresh= 1.968E-08 alpha_mix =  0.700 |ddv_scf|^2 =  1.105E-12

      iter #   7 total cpu time :    17.0 secs   av.it.:  11.4
      thresh= 1.051E-08 alpha_mix =  0.700 |ddv_scf|^2 =  1.096E-13

      iter #   8 total cpu time :    17.1 secs   av.it.:  11.7
      thresh= 3.311E-09 alpha_mix =  0.700 |ddv_scf|^2 =  2.129E-14

      iter #   9 total cpu time :    17.1 secs   av.it.:  11.4
      thresh= 1.459E-09 alpha_mix =  0.700 |ddv_scf|^2 =  2.760E-14

      iter #  10 total cpu time :    17.2 secs   av.it.:  10.9
      thresh= 1.661E-09 alpha_mix =  0.700 |ddv_scf|^2 =  2.822E-16

      iter #  11 total cpu time :    17.2 secs   av.it.:  11.6
      thresh= 1.680E-10 alpha_mix =  0.700 |ddv_scf|^2 =  2.067E-16

      iter #  12 total cpu time :    17.3 secs   av.it.:  11.2
      thresh= 1.438E-10 alpha_mix =  0.700 |ddv_scf|^2 =  2.908E-17

      iter #  13 total cpu time :    17.4 secs   av.it.:  11.2
      thresh= 5.393E-11 alpha_mix =  0.700 |ddv_scf|^2 =  6.712E-18

      iter #  14 total cpu time :    17.4 secs   av.it.:  11.6
      thresh= 2.591E-11 alpha_mix =  0.700 |ddv_scf|^2 =  1.042E-18

      iter #  15 total cpu time :    17.5 secs   av.it.:  11.8
      thresh= 1.021E-11 alpha_mix =  0.700 |ddv_scf|^2 =  4.922E-19

        iq =   4   iwann =   5   rPi_q =     0.00222610     0.00000000   uPi_q =     0.01184548    -0.00000000   SH_q =     0.00951636     0.00000000

        Start LR calculation for the wannier #  6   iq =  4   spin =  1

        SYM : iwann=     6 iq =     4 weight =   0.12500000

      iter #   1 total cpu time :    17.5 secs   av.it.:  11.6
      thresh= 1.000E-06 alpha_mix =  0.700 |ddv_scf|^2 =  7.983E-07

      iter #   2 total cpu time :    17.6 secs   av.it.:  11.9
      thresh= 1.000E-06 alpha_mix =  0.700 |ddv_scf|^2 =  1.609E-06

      iter #   3 total cpu time :    17.7 secs   av.it.:  11.6
      thresh= 1.000E-06 alpha_mix =  0.700 |ddv_scf|^2 =  7.431E-09

      iter #   4 total cpu time :    17.7 secs   av.it.:  10.2
      thresh= 8.621E-07 alpha_mix =  0.700 |ddv_scf|^2 =  1.819E-11

      iter #   5 total cpu time :    17.8 secs   av.it.:  10.8
      thresh= 4.265E-08 alpha_mix =  0.700 |ddv_scf|^2 =  3.872E-12

      iter #   6 total cpu time :    17.8 secs   av.it.:  11.5
      thresh= 1.968E-08 alpha_mix =  0.700 |ddv_scf|^2 =  1.105E-12

      iter #   7 total cpu time :    17.9 secs   av.it.:  11.4
      thresh= 1.051E-08 alpha_mix =  0.700 |ddv_scf|^2 =  1.096E-13

      iter #   8 total cpu time :    18.0 secs   av.it.:  11.8
      thresh= 3.311E-09 alpha_mix =  0.700 |ddv_scf|^2 =  2.129E-14

      iter #   9 total cpu time :    18.0 secs   av.it.:  11.4
      thresh= 1.459E-09 alpha_mix =  0.700 |ddv_scf|^2 =  2.757E-14

      iter #  10 total cpu time :    18.1 secs   av.it.:  10.9
      thresh= 1.661E-09 alpha_mix =  0.700 |ddv_scf|^2 =  2.791E-16

      iter #  11 total cpu time :    18.1 secs   av.it.:  11.6
      thresh= 1.671E-10 alpha_mix =  0.700 |ddv_scf|^2 =  2.010E-16

      iter #  12 total cpu time :    18.2 secs   av.it.:  11.2
      thresh= 1.418E-10 alpha_mix =  0.700 |ddv_scf|^2 =  2.901E-17

      iter #  13 total cpu time :    18.3 secs   av.it.:  11.2
      thresh= 5.386E-11 alpha_mix =  0.700 |ddv_scf|^2 =  6.765E-18

      iter #  14 total cpu time :    18.3 secs   av.it.:  11.5
      thresh= 2.601E-11 alpha_mix =  0.700 |ddv_scf|^2 =  1.029E-18

      iter #  15 total cpu time :    18.4 secs   av.it.:  11.8
      thresh= 1.014E-11 alpha_mix =  0.700 |ddv_scf|^2 =  4.927E-19

        iq =   4   iwann =   6   rPi_q =     0.00222614    -0.00000000   uPi_q =     0.01184561    -0.00000000   SH_q =     0.00951644    -0.00000000

        Start LR calculation for the wannier #  7   iq =  4   spin =  1

        SYM : iwann=     7 iq =     4 weight =   0.12500000

      iter #   1 total cpu time :    18.5 secs   av.it.:  11.8
      thresh= 1.000E-06 alpha_mix =  0.700 |ddv_scf|^2 =  7.982E-07

      iter #   2 total cpu time :    18.5 secs   av.it.:  11.9
      thresh= 1.000E-06 alpha_mix =  0.700 |ddv_scf|^2 =  1.609E-06

      iter #   3 total cpu time :    18.6 secs   av.it.:  11.6
      thresh= 1.000E-06 alpha_mix =  0.700 |ddv_scf|^2 =  7.431E-09

      iter #   4 total cpu time :    18.6 secs   av.it.:  10.2
      thresh= 8.621E-07 alpha_mix =  0.700 |ddv_scf|^2 =  1.819E-11

      iter #   5 total cpu time :    18.7 secs   av.it.:  10.8
      thresh= 4.265E-08 alpha_mix =  0.700 |ddv_scf|^2 =  3.872E-12

      iter #   6 total cpu time :    18.8 secs   av.it.:  11.4
      thresh= 1.968E-08 alpha_mix =  0.700 |ddv_scf|^2 =  1.105E-12

      iter #   7 total cpu time :    18.8 secs   av.it.:  11.4
      thresh= 1.051E-08 alpha_mix =  0.700 |ddv_scf|^2 =  1.096E-13

      iter #   8 total cpu time :    18.9 secs   av.it.:  11.7
      thresh= 3.311E-09 alpha_mix =  0.700 |ddv_scf|^2 =  2.127E-14

      iter #   9 total cpu time :    18.9 secs   av.it.:  11.4
      thresh= 1.459E-09 alpha_mix =  0.700 |ddv_scf|^2 =  2.757E-14

      iter #  10 total cpu time :    19.0 secs   av.it.:  10.9
      thresh= 1.661E-09 alpha_mix =  0.700 |ddv_scf|^2 =  2.817E-16

      iter #  11 total cpu time :    19.1 secs   av.it.:  11.6
      thresh= 1.679E-10 alpha_mix =  0.700 |ddv_scf|^2 =  2.055E-16

      iter #  12 total cpu time :    19.1 secs   av.it.:  11.2
      thresh= 1.434E-10 alpha_mix =  0.700 |ddv_scf|^2 =  2.909E-17

      iter #  13 total cpu time :    19.2 secs   av.it.:  11.2
      thresh= 5.394E-11 alpha_mix =  0.700 |ddv_scf|^2 =  6.725E-18

      iter #  14 total cpu time :    19.3 secs   av.it.:  11.6
      thresh= 2.593E-11 alpha_mix =  0.700 |ddv_scf|^2 =  1.041E-18

      iter #  15 total cpu time :    19.3 secs   av.it.:  11.8
      thresh= 1.020E-11 alpha_mix =  0.700 |ddv_scf|^2 =  4.932E-19

        iq =   4   iwann =   7   rPi_q =     0.00222608     0.00000000   uPi_q =     0.01184541    -0.00000000   SH_q =     0.00951632     0.00000000

        Start LR calculation for the wannier #  8   iq =  4   spin =  1

        SYM : iwann=     8 iq =     4 weight =   0.12500000

      iter #   1 total cpu time :    19.4 secs   av.it.:  11.6
      thresh= 1.000E-06 alpha_mix =  0.700 |ddv_scf|^2 =  7.982E-07

      iter #   2 total cpu time :    19.4 secs   av.it.:  11.9
      thresh= 1.000E-06 alpha_mix =  0.700 |ddv_scf|^2 =  1.609E-06

      iter #   3 total cpu time :    19.5 secs   av.it.:  11.6
      thresh= 1.000E-06 alpha_mix =  0.700 |ddv_scf|^2 =  7.431E-09

      iter #   4 total cpu time :    19.6 secs   av.it.:  10.2
      thresh= 8.621E-07 alpha_mix =  0.700 |ddv_scf|^2 =  1.819E-11

      iter #   5 total cpu time :    19.6 secs   av.it.:  10.8
      thresh= 4.265E-08 alpha_mix =  0.700 |ddv_scf|^2 =  3.872E-12

      iter #   6 total cpu time :    19.7 secs   av.it.:  11.4
      thresh= 1.968E-08 alpha_mix =  0.700 |ddv_scf|^2 =  1.105E-12

      iter #   7 total cpu time :    19.8 secs   av.it.:  11.3
      thresh= 1.051E-08 alpha_mix =  0.700 |ddv_scf|^2 =  1.096E-13

      iter #   8 total cpu time :    19.8 secs   av.it.:  11.7
      thresh= 3.311E-09 alpha_mix =  0.700 |ddv_scf|^2 =  2.131E-14

      iter #   9 total cpu time :    19.9 secs   av.it.:  11.4
      thresh= 1.460E-09 alpha_mix =  0.700 |ddv_scf|^2 =  2.761E-14

      iter #  10 total cpu time :    19.9 secs   av.it.:  10.9
      thresh= 1.662E-09 alpha_mix =  0.700 |ddv_scf|^2 =  2.803E-16

      iter #  11 total cpu time :    20.0 secs   av.it.:  11.6
      thresh= 1.674E-10 alpha_mix =  0.700 |ddv_scf|^2 =  2.038E-16

      iter #  12 total cpu time :    20.1 secs   av.it.:  11.2
      thresh= 1.427E-10 alpha_mix =  0.700 |ddv_scf|^2 =  2.901E-17

      iter #  13 total cpu time :    20.1 secs   av.it.:  11.2
      thresh= 5.386E-11 alpha_mix =  0.700 |ddv_scf|^2 =  6.734E-18

      iter #  14 total cpu time :    20.2 secs   av.it.:  11.6
      thresh= 2.595E-11 alpha_mix =  0.700 |ddv_scf|^2 =  1.033E-18

      iter #  15 total cpu time :    20.3 secs   av.it.:  11.8
      thresh= 1.016E-11 alpha_mix =  0.700 |ddv_scf|^2 =  4.911E-19

        iq =   4   iwann =   8   rPi_q =     0.00222611    -0.00000000   uPi_q =     0.01184551    -0.00000000   SH_q =     0.00951638     0.00000000


     ==============================================================================
     Calculation of q =   -0.5000000  -0.5000000   0.5000000  [Cart ]
     Calculation of q =    0.5000000   0.0000000   0.0000000  [Cryst]
     ==============================================================================

        INFO: prepare_q DONE

        INFO: rhowan_q(r) RETRIEVED


     Parallelization info
     --------------------
     sticks:   dense  smooth     PW     G-vecs:    dense   smooth      PW
     Min          73      73     27                  821      821     186
     Max          74      74     28                  823      823     189
     Sum         295     295    109                 3287     3287     749

     Using Slab Decomposition


     Title: 
     KCW Silicon screen                                                         


     bravais-lattice index     =            2
     lattice parameter (alat)  =      10.2631  a.u.
     unit-cell volume          =     270.2564 (a.u.)^3
     number of atoms/cell      =            2
     number of atomic types    =            1
     number of electrons       =         8.00 (up:   4.00, down:   4.00)
     number of Kohn-Sham states=            7
     kinetic-energy cutoff     =      20.0000  Ry
     charge density cutoff     =      80.0000  Ry
     Exchange-correlation= PW
                           (   1   4   0   0   0   0   0)

     celldm(1)=  10.263102  celldm(2)=   0.000000  celldm(3)=   0.000000
     celldm(4)=   0.000000  celldm(5)=   0.000000  celldm(6)=   0.000000

     crystal axes: (cart. coord. in units of alat)
               a(1) = (  -0.500000   0.000000   0.500000 )  
               a(2) = (   0.000000   0.500000   0.500000 )  
               a(3) = (  -0.500000   0.500000   0.000000 )  

     reciprocal axes: (cart. coord. in units 2 pi/alat)
               b(1) = ( -1.000000 -1.000000  1.000000 )  
               b(2) = (  1.000000  1.000000  1.000000 )  
               b(3) = ( -1.000000  1.000000 -1.000000 )  


     PseudoPot. # 1 for Si read from file:
     /home/nicola/CODES/q-e-kcw/pseudo/Si.upf
     MD5 check sum: 9e2d726316af3d4752eea8ab0afbb951
     Pseudo is Norm-conserving + core correction, Zval =  4.0
     Generated using ONCVPSP code by D. R. Hamann
     Using radial grid of 1510 points,  6 beta functions with: 
                l(1) =   0
                l(2) =   0
                l(3) =   1
                l(4) =   1
                l(5) =   2
                l(6) =   2

     atomic species   valence    mass     pseudopotential
     Si                4.00    28.08500     Si( 1.00)

     Starting magnetic structure 
     atomic species   magnetization
     Si              0.000

     48 Sym. Ops., with inversion, found



   Cartesian axes

     site n.     atom                  positions (alat units)
         1        Si     tau(   1) = (   0.0000000   0.0000000   0.0000000  )
         2        Si     tau(   2) = (  -0.2500000   0.2500000   0.2500000  )

     number of k points=    16
                       cart. coord. in units 2pi/alat
        k(    1) = (   0.0000000   0.0000000   0.0000000), wk =   0.1250000
        k(    2) = (  -0.5000000  -0.5000000   0.5000000), wk =   0.0000000
        k(    3) = (  -0.5000000   0.5000000  -0.5000000), wk =   0.1250000
        k(    4) = (  -1.0000000   0.0000000   0.0000000), wk =   0.0000000
        k(    5) = (   0.5000000   0.5000000   0.5000000), wk =   0.1250000
        k(    6) = (   0.0000000   0.0000000   1.0000000), wk =   0.0000000
        k(    7) = (   0.0000000   1.0000000   0.0000000), wk =   0.1250000
        k(    8) = (  -0.5000000   0.5000000   0.5000000), wk =   0.0000000
        k(    9) = (  -0.5000000  -0.5000000   0.5000000), wk =   0.1250000
        k(   10) = (  -1.0000000  -1.0000000   1.0000000), wk =   0.0000000
        k(   11) = (  -1.0000000   0.0000000   0.0000000), wk =   0.1250000
        k(   12) = (  -1.5000000  -0.5000000   0.5000000), wk =   0.0000000
        k(   13) = (   0.0000000   0.0000000   1.0000000), wk =   0.1250000
        k(   14) = (  -0.5000000  -0.5000000   1.5000000), wk =   0.0000000
        k(   15) = (  -0.5000000   0.5000000   0.5000000), wk =   0.1250000
        k(   16) = (  -1.0000000   0.0000000   1.0000000), wk =   0.0000000

     Dense  grid:     3287 G-vectors     FFT dimensions: (  24,  24,  24)

     Estimated max dynamical RAM per process >       1.44 MB

     Estimated total dynamical RAM >       5.76 MB

     The potential is recalculated from file :
     /home/nicola/CODES/q-e-kcw/tempdir/kcw/q5/Si.save/charge-density

     Starting wfcs are    8 atomic wfcs

     Band Structure Calculation
     Davidson diagonalization with overlap

     ethr =  1.25E-10,  avg # of iterations = 10.1

     total cpu time spent up to now is       -1.0 secs

     End of band structure calculation

 ------ SPIN UP ------------


          k = 0.0000 0.0000 0.0000 (   411 PWs)   bands (ev):

    -5.7058   6.3432   6.3432   6.3432   8.7374   8.7374   8.7374

          k =-0.5000-0.5000 0.5000 (   410 PWs)   bands (ev):

    -3.3376  -0.7612   5.1093   5.1093   7.6771   9.4935   9.4935

          k =-0.5000 0.5000-0.5000 (   410 PWs)   bands (ev):

    -3.3376  -0.7612   5.1093   5.1093   7.6771   9.4935   9.4935

          k =-1.0000 0.0000 0.0000 (   412 PWs)   bands (ev):

    -1.5321  -1.5321   3.4046   3.4046   6.7657   6.7657  16.2469

          k = 0.5000 0.5000 0.5000 (   410 PWs)   bands (ev):

    -3.3376  -0.7612   5.1093   5.1093   7.6771   9.4935   9.4935

          k = 0.0000 0.0000 1.0000 (   412 PWs)   bands (ev):

    -1.5321  -1.5321   3.4046   3.4046   6.7657   6.7657  16.2469

          k = 0.0000 1.0000 0.0000 (   412 PWs)   bands (ev):

    -1.5321  -1.5321   3.4046   3.4046   6.7657   6.7657  16.2469

          k =-0.5000 0.5000 0.5000 (   410 PWs)   bands (ev):

    -3.3376  -0.7612   5.1093   5.1093   7.6771   9.4935   9.4935

          k =-0.5000-0.5000 0.5000 (   410 PWs)   bands (ev):

    -3.3376  -0.7612   5.1093   5.1093   7.6771   9.4935   9.4935

          k =-1.0000-1.0000 1.0000 (   411 PWs)   bands (ev):

    -5.7058   6.3432   6.3432   6.3432   8.7374   8.7374   8.7374

          k =-1.0000 0.0000 0.0000 (   412 PWs)   bands (ev):

    -1.5321  -1.5321   3.4046   3.4046   6.7657   6.7657  16.2469

          k =-1.5000-0.5000 0.5000 (   410 PWs)   bands (ev):

    -3.3376  -0.7612   5.1093   5.1093   7.6771   9.4935   9.4935

          k = 0.0000 0.0000 1.0000 (   412 PWs)   bands (ev):

    -1.5321  -1.5321   3.4046   3.4046   6.7657   6.7657  16.2469

          k =-0.5000-0.5000 1.5000 (   410 PWs)   bands (ev):

    -3.3376  -0.7612   5.1093   5.1093   7.6771   9.4935   9.4935

          k =-0.5000 0.5000 0.5000 (   410 PWs)   bands (ev):

    -3.3376  -0.7612   5.1093   5.1093   7.6771   9.4935   9.4935

          k =-1.0000 0.0000 1.0000 (   412 PWs)   bands (ev):

    -1.5321  -1.5321   3.4046   3.4046   6.7657   6.7657  16.2469

 ------ SPIN DOWN ----------


          k = 0.0000 0.0000 0.0000 (   411 PWs)   bands (ev):

    -5.7058   6.3432   6.3432   6.3432   8.7374   8.7374   8.7374

          k =-0.5000-0.5000 0.5000 (   410 PWs)   bands (ev):

    -3.3376  -0.7612   5.1093   5.1093   7.6771   9.4935   9.4935

          k =-0.5000 0.5000-0.5000 (   410 PWs)   bands (ev):

    -3.3376  -0.7612   5.1093   5.1093   7.6771   9.4935   9.4935

          k =-1.0000 0.0000 0.0000 (   412 PWs)   bands (ev):

    -1.5321  -1.5321   3.4046   3.4046   6.7657   6.7657  16.2469

          k = 0.5000 0.5000 0.5000 (   410 PWs)   bands (ev):

    -3.3376  -0.7612   5.1093   5.1093   7.6771   9.4935   9.4935

          k = 0.0000 0.0000 1.0000 (   412 PWs)   bands (ev):

    -1.5321  -1.5321   3.4046   3.4046   6.7657   6.7657  16.2469

          k = 0.0000 1.0000 0.0000 (   412 PWs)   bands (ev):

    -1.5321  -1.5321   3.4046   3.4046   6.7657   6.7657  16.2469

          k =-0.5000 0.5000 0.5000 (   410 PWs)   bands (ev):

    -3.3376  -0.7612   5.1093   5.1093   7.6771   9.4935   9.4935

          k =-0.5000-0.5000 0.5000 (   410 PWs)   bands (ev):

    -3.3376  -0.7612   5.1093   5.1093   7.6771   9.4935   9.4935

          k =-1.0000-1.0000 1.0000 (   411 PWs)   bands (ev):

    -5.7058   6.3432   6.3432   6.3432   8.7374   8.7374   8.7374

          k =-1.0000 0.0000 0.0000 (   412 PWs)   bands (ev):

    -1.5321  -1.5321   3.4046   3.4046   6.7657   6.7657  16.2469

          k =-1.5000-0.5000 0.5000 (   410 PWs)   bands (ev):

    -3.3376  -0.7612   5.1093   5.1093   7.6771   9.4935   9.4935

          k = 0.0000 0.0000 1.0000 (   412 PWs)   bands (ev):

    -1.5321  -1.5321   3.4046   3.4046   6.7657   6.7657  16.2469

          k =-0.5000-0.5000 1.5000 (   410 PWs)   bands (ev):

    -3.3376  -0.7612   5.1093   5.1093   7.6771   9.4935   9.4935

          k =-0.5000 0.5000 0.5000 (   410 PWs)   bands (ev):

    -3.3376  -0.7612   5.1093   5.1093   7.6771   9.4935   9.4935

          k =-1.0000 0.0000 1.0000 (   412 PWs)   bands (ev):

    -1.5321  -1.5321   3.4046   3.4046   6.7657   6.7657  16.2469

     highest occupied, lowest unoccupied level (ev):     6.3432    6.7657

     Writing all to output data dir /home/nicola/CODES/q-e-kcw/tempdir/kcw/q5/Si.save/ :
     XML data file, pseudopotentials, collected wavefunctions

        INFO: NSCF calculation DONE

        INFO: kcw_q initialization DONE


        Start LR calculation for the wannier #  1   iq =  5   spin =  1

        SYM : iwann=     1 iq =     5 weight =   0.12500000

      iter #   1 total cpu time :    20.6 secs   av.it.:  12.1
      thresh= 1.000E-06 alpha_mix =  0.700 |ddv_scf|^2 =  2.907E-06

      iter #   2 total cpu time :    20.6 secs   av.it.:  12.1
      thresh= 1.000E-06 alpha_mix =  0.700 |ddv_scf|^2 =  2.101E-06

      iter #   3 total cpu time :    20.7 secs   av.it.:  11.9
      thresh= 1.000E-06 alpha_mix =  0.700 |ddv_scf|^2 =  1.045E-09

      iter #   4 total cpu time :    20.7 secs   av.it.:  10.4
      thresh= 3.233E-07 alpha_mix =  0.700 |ddv_scf|^2 =  2.684E-11

      iter #   5 total cpu time :    20.8 secs   av.it.:  10.4
      thresh= 5.181E-08 alpha_mix =  0.700 |ddv_scf|^2 =  8.250E-13

      iter #   6 total cpu time :    20.9 secs   av.it.:  11.4
      thresh= 9.083E-09 alpha_mix =  0.700 |ddv_scf|^2 =  4.986E-14

      iter #   7 total cpu time :    20.9 secs   av.it.:  11.4
      thresh= 2.233E-09 alpha_mix =  0.700 |ddv_scf|^2 =  8.436E-16

      iter #   8 total cpu time :    21.0 secs   av.it.:  11.8
      thresh= 2.904E-10 alpha_mix =  0.700 |ddv_scf|^2 =  1.774E-15

      iter #   9 total cpu time :    21.0 secs   av.it.:  10.6
      thresh= 4.211E-10 alpha_mix =  0.700 |ddv_scf|^2 =  2.327E-16

      iter #  10 total cpu time :    21.1 secs   av.it.:  11.6
      thresh= 1.526E-10 alpha_mix =  0.700 |ddv_scf|^2 =  3.439E-18

      iter #  11 total cpu time :    21.2 secs   av.it.:  11.4
      thresh= 1.854E-11 alpha_mix =  0.700 |ddv_scf|^2 =  2.031E-19

        iq =   5   iwann =   1   rPi_q =     0.02426730    -0.00000000   uPi_q =     0.06482536    -0.00000000   SH_q =     0.04036159    -0.00000000

        Start LR calculation for the wannier #  2   iq =  5   spin =  1

        SYM : iwann=     2 iq =     5 weight =   0.12500000

      iter #   1 total cpu time :    21.2 secs   av.it.:  12.1
      thresh= 1.000E-06 alpha_mix =  0.700 |ddv_scf|^2 =  2.907E-06

      iter #   2 total cpu time :    21.3 secs   av.it.:  12.1
      thresh= 1.000E-06 alpha_mix =  0.700 |ddv_scf|^2 =  2.101E-06

      iter #   3 total cpu time :    21.4 secs   av.it.:  11.9
      thresh= 1.000E-06 alpha_mix =  0.700 |ddv_scf|^2 =  1.045E-09

      iter #   4 total cpu time :    21.4 secs   av.it.:  10.4
      thresh= 3.233E-07 alpha_mix =  0.700 |ddv_scf|^2 =  2.684E-11

      iter #   5 total cpu time :    21.5 secs   av.it.:  10.3
      thresh= 5.181E-08 alpha_mix =  0.700 |ddv_scf|^2 =  8.250E-13

      iter #   6 total cpu time :    21.5 secs   av.it.:  11.4
      thresh= 9.083E-09 alpha_mix =  0.700 |ddv_scf|^2 =  4.986E-14

      iter #   7 total cpu time :    21.6 secs   av.it.:  11.4
      thresh= 2.233E-09 alpha_mix =  0.700 |ddv_scf|^2 =  9.098E-16

      iter #   8 total cpu time :    21.7 secs   av.it.:  11.9
      thresh= 3.016E-10 alpha_mix =  0.700 |ddv_scf|^2 =  2.311E-15

      iter #   9 total cpu time :    21.7 secs   av.it.:  10.6
      thresh= 4.808E-10 alpha_mix =  0.700 |ddv_scf|^2 =  1.900E-16

      iter #  10 total cpu time :    21.8 secs   av.it.:  11.6
      thresh= 1.379E-10 alpha_mix =  0.700 |ddv_scf|^2 =  4.137E-18

      iter #  11 total cpu time :    21.9 secs   av.it.:  11.4
      thresh= 2.034E-11 alpha_mix =  0.700 |ddv_scf|^2 =  2.430E-19

        iq =   5   iwann =   2   rPi_q =     0.02426730     0.00000000   uPi_q =     0.06482536     0.00000000   SH_q =     0.04036159     0.00000000

        Start LR calculation for the wannier #  3   iq =  5   spin =  1

        SYM : iwann=     3 iq =     5 weight =   0.12500000

      iter #   1 total cpu time :    21.9 secs   av.it.:  11.8
      thresh= 1.000E-06 alpha_mix =  0.700 |ddv_scf|^2 =  1.579E-05

      iter #   2 total cpu time :    22.0 secs   av.it.:  12.7
      thresh= 1.000E-06 alpha_mix =  0.700 |ddv_scf|^2 =  8.514E-05

      iter #   3 total cpu time :    22.1 secs   av.it.:  12.3
      thresh= 1.000E-06 alpha_mix =  0.700 |ddv_scf|^2 =  2.211E-09

      iter #   4 total cpu time :    22.1 secs   av.it.:  10.6
      thresh= 4.702E-07 alpha_mix =  0.700 |ddv_scf|^2 =  2.058E-10

      iter #   5 total cpu time :    22.2 secs   av.it.:  10.8
      thresh= 1.434E-07 alpha_mix =  0.700 |ddv_scf|^2 =  5.232E-12

      iter #   6 total cpu time :    22.2 secs   av.it.:  11.1
      thresh= 2.287E-08 alpha_mix =  0.700 |ddv_scf|^2 =  1.101E-13

      iter #   7 total cpu time :    22.3 secs   av.it.:  10.9
      thresh= 3.318E-09 alpha_mix =  0.700 |ddv_scf|^2 =  1.123E-14

      iter #   8 total cpu time :    22.4 secs   av.it.:  11.2
      thresh= 1.060E-09 alpha_mix =  0.700 |ddv_scf|^2 =  2.238E-16

      iter #   9 total cpu time :    22.4 secs   av.it.:  11.2
      thresh= 1.496E-10 alpha_mix =  0.700 |ddv_scf|^2 =  2.205E-17

      iter #  10 total cpu time :    22.5 secs   av.it.:  11.6
      thresh= 4.696E-11 alpha_mix =  0.700 |ddv_scf|^2 =  1.061E-18

      iter #  11 total cpu time :    22.5 secs   av.it.:  11.5
      thresh= 1.030E-11 alpha_mix =  0.700 |ddv_scf|^2 =  2.858E-19

        iq =   5   iwann =   3   rPi_q =     0.00998933     0.00000000   uPi_q =     0.05952884     0.00000000   SH_q =     0.03746804    -0.00000000

        Start LR calculation for the wannier #  4   iq =  5   spin =  1

        SYM : iwann=     4 iq =     5 weight =   0.12500000

      iter #   1 total cpu time :    22.6 secs   av.it.:  12.1
      thresh= 1.000E-06 alpha_mix =  0.700 |ddv_scf|^2 =  2.907E-06

      iter #   2 total cpu time :    22.7 secs   av.it.:  12.1
      thresh= 1.000E-06 alpha_mix =  0.700 |ddv_scf|^2 =  2.101E-06

      iter #   3 total cpu time :    22.7 secs   av.it.:  11.9
      thresh= 1.000E-06 alpha_mix =  0.700 |ddv_scf|^2 =  1.045E-09

      iter #   4 total cpu time :    22.8 secs   av.it.:  10.5
      thresh= 3.233E-07 alpha_mix =  0.700 |ddv_scf|^2 =  2.684E-11

      iter #   5 total cpu time :    22.9 secs   av.it.:  10.4
      thresh= 5.181E-08 alpha_mix =  0.700 |ddv_scf|^2 =  8.250E-13

      iter #   6 total cpu time :    22.9 secs   av.it.:  11.3
      thresh= 9.083E-09 alpha_mix =  0.700 |ddv_scf|^2 =  4.986E-14

      iter #   7 total cpu time :    23.0 secs   av.it.:  11.2
      thresh= 2.233E-09 alpha_mix =  0.700 |ddv_scf|^2 =  7.294E-16

      iter #   8 total cpu time :    23.1 secs   av.it.:  11.8
      thresh= 2.701E-10 alpha_mix =  0.700 |ddv_scf|^2 =  4.867E-16

      iter #   9 total cpu time :    23.1 secs   av.it.:  10.8
      thresh= 2.206E-10 alpha_mix =  0.700 |ddv_scf|^2 =  4.569E-16

      iter #  10 total cpu time :    23.2 secs   av.it.:  11.1
      thresh= 2.138E-10 alpha_mix =  0.700 |ddv_scf|^2 =  9.640E-19

        iq =   5   iwann =   4   rPi_q =     0.02426732     0.00000000   uPi_q =     0.06482536     0.00000000   SH_q =     0.04036159     0.00000000

        Start LR calculation for the wannier #  5   iq =  5   spin =  1

        SYM : iwann=     5 iq =     5 weight =   0.12500000

      iter #   1 total cpu time :    23.2 secs   av.it.:  12.2
      thresh= 1.000E-06 alpha_mix =  0.700 |ddv_scf|^2 =  1.825E-06

      iter #   2 total cpu time :    23.3 secs   av.it.:  12.2
      thresh= 1.000E-06 alpha_mix =  0.700 |ddv_scf|^2 =  1.355E-06

      iter #   3 total cpu time :    23.4 secs   av.it.:  11.9
      thresh= 1.000E-06 alpha_mix =  0.700 |ddv_scf|^2 =  7.507E-11

      iter #   4 total cpu time :    23.4 secs   av.it.:  10.7
      thresh= 8.664E-08 alpha_mix =  0.700 |ddv_scf|^2 =  2.925E-12

      iter #   5 total cpu time :    23.5 secs   av.it.:  11.7
      thresh= 1.710E-08 alpha_mix =  0.700 |ddv_scf|^2 =  4.150E-12

      iter #   6 total cpu time :    23.6 secs   av.it.:  10.8
      thresh= 2.037E-08 alpha_mix =  0.700 |ddv_scf|^2 =  4.666E-13

      iter #   7 total cpu time :    23.6 secs   av.it.:  11.4
      thresh= 6.831E-09 alpha_mix =  0.700 |ddv_scf|^2 =  2.545E-14

      iter #   8 total cpu time :    23.7 secs   av.it.:  11.3
      thresh= 1.595E-09 alpha_mix =  0.700 |ddv_scf|^2 =  2.165E-16

      iter #   9 total cpu time :    23.8 secs   av.it.:  11.5
      thresh= 1.471E-10 alpha_mix =  0.700 |ddv_scf|^2 =  2.927E-17

      iter #  10 total cpu time :    23.8 secs   av.it.:  11.7
      thresh= 5.410E-11 alpha_mix =  0.700 |ddv_scf|^2 =  2.322E-19

        iq =   5   iwann =   5   rPi_q =     0.01015222     0.00000000   uPi_q =     0.03112879    -0.00000000   SH_q =     0.01955110    -0.00000000

        Start LR calculation for the wannier #  6   iq =  5   spin =  1

        SYM : iwann=     6 iq =     5 weight =   0.12500000

      iter #   1 total cpu time :    23.9 secs   av.it.:  12.2
      thresh= 1.000E-06 alpha_mix =  0.700 |ddv_scf|^2 =  1.825E-06

      iter #   2 total cpu time :    24.0 secs   av.it.:  12.2
      thresh= 1.000E-06 alpha_mix =  0.700 |ddv_scf|^2 =  1.355E-06

      iter #   3 total cpu time :    24.0 secs   av.it.:  11.9
      thresh= 1.000E-06 alpha_mix =  0.700 |ddv_scf|^2 =  7.507E-11

      iter #   4 total cpu time :    24.1 secs   av.it.:  10.9
      thresh= 8.664E-08 alpha_mix =  0.700 |ddv_scf|^2 =  2.928E-12

      iter #   5 total cpu time :    24.1 secs   av.it.:  11.8
      thresh= 1.711E-08 alpha_mix =  0.700 |ddv_scf|^2 =  4.161E-12

      iter #   6 total cpu time :    24.2 secs   av.it.:  10.8
      thresh= 2.040E-08 alpha_mix =  0.700 |ddv_scf|^2 =  4.654E-13

      iter #   7 total cpu time :    24.3 secs   av.it.:  11.5
      thresh= 6.822E-09 alpha_mix =  0.700 |ddv_scf|^2 =  2.545E-14

      iter #   8 total cpu time :    24.3 secs   av.it.:  11.4
      thresh= 1.595E-09 alpha_mix =  0.700 |ddv_scf|^2 =  2.165E-16

      iter #   9 total cpu time :    24.4 secs   av.it.:  11.4
      thresh= 1.471E-10 alpha_mix =  0.700 |ddv_scf|^2 =  2.927E-17

      iter #  10 total cpu time :    24.5 secs   av.it.:  11.6
      thresh= 5.410E-11 alpha_mix =  0.700 |ddv_scf|^2 =  2.246E-19

        iq =   5   iwann =   6   rPi_q =     0.01015225     0.00000000   uPi_q =     0.03112888    -0.00000000   SH_q =     0.01955115     0.00000000

        Start LR calculation for the wannier #  7   iq =  5   spin =  1

        SYM : iwann=     7 iq =     5 weight =   0.12500000

      iter #   1 total cpu time :    24.5 secs   av.it.:  12.2
      thresh= 1.000E-06 alpha_mix =  0.700 |ddv_scf|^2 =  1.825E-06

      iter #   2 total cpu time :    24.6 secs   av.it.:  12.2
      thresh= 1.000E-06 alpha_mix =  0.700 |ddv_scf|^2 =  1.355E-06

      iter #   3 total cpu time :    24.7 secs   av.it.:  11.9
      thresh= 1.000E-06 alpha_mix =  0.700 |ddv_scf|^2 =  7.507E-11

      iter #   4 total cpu time :    24.7 secs   av.it.:  10.9
      thresh= 8.664E-08 alpha_mix =  0.700 |ddv_scf|^2 =  2.928E-12

      iter #   5 total cpu time :    24.8 secs   av.it.:  11.8
      thresh= 1.711E-08 alpha_mix =  0.700 |ddv_scf|^2 =  4.158E-12

      iter #   6 total cpu time :    24.8 secs   av.it.:  10.8
      thresh= 2.039E-08 alpha_mix =  0.700 |ddv_scf|^2 =  4.657E-13

      iter #   7 total cpu time :    24.9 secs   av.it.:  11.5
      thresh= 6.824E-09 alpha_mix =  0.700 |ddv_scf|^2 =  2.545E-14

      iter #   8 total cpu time :    25.0 secs   av.it.:  11.3
      thresh= 1.595E-09 alpha_mix =  0.700 |ddv_scf|^2 =  2.165E-16

      iter #   9 total cpu time :    25.0 secs   av.it.:  11.5
      thresh= 1.471E-10 alpha_mix =  0.700 |ddv_scf|^2 =  2.927E-17

      iter #  10 total cpu time :    25.1 secs   av.it.:  11.6
      thresh= 5.411E-11 alpha_mix =  0.700 |ddv_scf|^2 =  2.249E-19

        iq =   5   iwann =   7   rPi_q =     0.01015219     0.00000000   uPi_q =     0.03112873    -0.00000000   SH_q =     0.01955107    -0.00000000

        Start LR calculation for the wannier #  8   iq =  5   spin =  1

        SYM : iwann=     8 iq =     5 weight =   0.12500000

      iter #   1 total cpu time :    25.2 secs   av.it.:  11.7
      thresh= 1.000E-06 alpha_mix =  0.700 |ddv_scf|^2 =  7.554E-07

      iter #   2 total cpu time :    25.2 secs   av.it.:  11.9
      thresh= 1.000E-06 alpha_mix =  0.700 |ddv_scf|^2 =  3.935E-06

      iter #   3 total cpu time :    25.3 secs   av.it.:  11.5
      thresh= 1.000E-06 alpha_mix =  0.700 |ddv_scf|^2 =  3.222E-09

      iter #   4 total cpu time :    25.4 secs   av.it.:  10.7
      thresh= 5.676E-07 alpha_mix =  0.700 |ddv_scf|^2 =  2.000E-11

      iter #   5 total cpu time :    25.4 secs   av.it.:  10.9
      thresh= 4.472E-08 alpha_mix =  0.700 |ddv_scf|^2 =  2.111E-12

      iter #   6 total cpu time :    25.5 secs   av.it.:  11.5
      thresh= 1.453E-08 alpha_mix =  0.700 |ddv_scf|^2 =  4.062E-14

      iter #   7 total cpu time :    25.6 secs   av.it.:  11.6
      thresh= 2.015E-09 alpha_mix =  0.700 |ddv_scf|^2 =  3.928E-15

      iter #   8 total cpu time :    25.6 secs   av.it.:  11.6
      thresh= 6.267E-10 alpha_mix =  0.700 |ddv_scf|^2 =  1.420E-15

      iter #   9 total cpu time :    25.7 secs   av.it.:  11.6
      thresh= 3.769E-10 alpha_mix =  0.700 |ddv_scf|^2 =  2.604E-16

      iter #  10 total cpu time :    25.7 secs   av.it.:  11.1
      thresh= 1.614E-10 alpha_mix =  0.700 |ddv_scf|^2 =  5.431E-17

      iter #  11 total cpu time :    25.8 secs   av.it.:  10.9
      thresh= 7.369E-11 alpha_mix =  0.700 |ddv_scf|^2 =  3.779E-18

      iter #  12 total cpu time :    25.9 secs   av.it.:  11.5
      thresh= 1.944E-11 alpha_mix =  0.700 |ddv_scf|^2 =  9.951E-19

        iq =   5   iwann =   8   rPi_q =    -0.00000706     0.00000000   uPi_q =     0.00568008     0.00000000   SH_q =     0.00612291    -0.00000000


     ==============================================================================
     Calculation of q =   -1.0000000   0.0000000   0.0000000  [Cart ]
     Calculation of q =    0.5000000   0.0000000   0.5000000  [Cryst]
     ==============================================================================

        INFO: prepare_q DONE

        INFO: rhowan_q(r) RETRIEVED


     Parallelization info
     --------------------
     sticks:   dense  smooth     PW     G-vecs:    dense   smooth      PW
     Min          73      73     30                  821      821     216
     Max          74      74     31                  823      823     218
     Sum         295     295    121                 3287     3287     869

     Using Slab Decomposition


     Title: 
     KCW Silicon screen                                                         


     bravais-lattice index     =            2
     lattice parameter (alat)  =      10.2631  a.u.
     unit-cell volume          =     270.2564 (a.u.)^3
     number of atoms/cell      =            2
     number of atomic types    =            1
     number of electrons       =         8.00 (up:   4.00, down:   4.00)
     number of Kohn-Sham states=            7
     kinetic-energy cutoff     =      20.0000  Ry
     charge density cutoff     =      80.0000  Ry
     Exchange-correlation= PW
                           (   1   4   0   0   0   0   0)

     celldm(1)=  10.263102  celldm(2)=   0.000000  celldm(3)=   0.000000
     celldm(4)=   0.000000  celldm(5)=   0.000000  celldm(6)=   0.000000

     crystal axes: (cart. coord. in units of alat)
               a(1) = (  -0.500000   0.000000   0.500000 )  
               a(2) = (   0.000000   0.500000   0.500000 )  
               a(3) = (  -0.500000   0.500000   0.000000 )  

     reciprocal axes: (cart. coord. in units 2 pi/alat)
               b(1) = ( -1.000000 -1.000000  1.000000 )  
               b(2) = (  1.000000  1.000000  1.000000 )  
               b(3) = ( -1.000000  1.000000 -1.000000 )  


     PseudoPot. # 1 for Si read from file:
     /home/nicola/CODES/q-e-kcw/pseudo/Si.upf
     MD5 check sum: 9e2d726316af3d4752eea8ab0afbb951
     Pseudo is Norm-conserving + core correction, Zval =  4.0
     Generated using ONCVPSP code by D. R. Hamann
     Using radial grid of 1510 points,  6 beta functions with: 
                l(1) =   0
                l(2) =   0
                l(3) =   1
                l(4) =   1
                l(5) =   2
                l(6) =   2

     atomic species   valence    mass     pseudopotential
     Si                4.00    28.08500     Si( 1.00)

     Starting magnetic structure 
     atomic species   magnetization
     Si              0.000

     48 Sym. Ops., with inversion, found



   Cartesian axes

     site n.     atom                  positions (alat units)
         1        Si     tau(   1) = (   0.0000000   0.0000000   0.0000000  )
         2        Si     tau(   2) = (  -0.2500000   0.2500000   0.2500000  )

     number of k points=    16
                       cart. coord. in units 2pi/alat
        k(    1) = (   0.0000000   0.0000000   0.0000000), wk =   0.1250000
        k(    2) = (  -1.0000000   0.0000000   0.0000000), wk =   0.0000000
        k(    3) = (  -0.5000000   0.5000000  -0.5000000), wk =   0.1250000
        k(    4) = (  -1.5000000   0.5000000  -0.5000000), wk =   0.0000000
        k(    5) = (   0.5000000   0.5000000   0.5000000), wk =   0.1250000
        k(    6) = (  -0.5000000   0.5000000   0.5000000), wk =   0.0000000
        k(    7) = (   0.0000000   1.0000000   0.0000000), wk =   0.1250000
        k(    8) = (  -1.0000000   1.0000000   0.0000000), wk =   0.0000000
        k(    9) = (  -0.5000000  -0.5000000   0.5000000), wk =   0.1250000
        k(   10) = (  -1.5000000  -0.5000000   0.5000000), wk =   0.0000000
        k(   11) = (  -1.0000000   0.0000000   0.0000000), wk =   0.1250000
        k(   12) = (  -2.0000000   0.0000000   0.0000000), wk =   0.0000000
        k(   13) = (   0.0000000   0.0000000   1.0000000), wk =   0.1250000
        k(   14) = (  -1.0000000   0.0000000   1.0000000), wk =   0.0000000
        k(   15) = (  -0.5000000   0.5000000   0.5000000), wk =   0.1250000
        k(   16) = (  -1.5000000   0.5000000   0.5000000), wk =   0.0000000

     Dense  grid:     3287 G-vectors     FFT dimensions: (  24,  24,  24)

     Estimated max dynamical RAM per process >       1.45 MB

     Estimated total dynamical RAM >       5.78 MB

     The potential is recalculated from file :
     /home/nicola/CODES/q-e-kcw/tempdir/kcw/q6/Si.save/charge-density

     Starting wfcs are    8 atomic wfcs

     Band Structure Calculation
     Davidson diagonalization with overlap

     ethr =  1.25E-10,  avg # of iterations = 10.1

     total cpu time spent up to now is       -1.0 secs

     End of band structure calculation

 ------ SPIN UP ------------


          k = 0.0000 0.0000 0.0000 (   411 PWs)   bands (ev):

    -5.7058   6.3432   6.3432   6.3432   8.7374   8.7374   8.7374

          k =-1.0000 0.0000 0.0000 (   412 PWs)   bands (ev):

    -1.5321  -1.5321   3.4046   3.4046   6.7657   6.7657  16.2469

          k =-0.5000 0.5000-0.5000 (   410 PWs)   bands (ev):

    -3.3376  -0.7612   5.1093   5.1093   7.6771   9.4935   9.4935

          k =-1.5000 0.5000-0.5000 (   410 PWs)   bands (ev):

    -3.3376  -0.7612   5.1093   5.1093   7.6771   9.4935   9.4935

          k = 0.5000 0.5000 0.5000 (   410 PWs)   bands (ev):

    -3.3376  -0.7612   5.1093   5.1093   7.6771   9.4935   9.4935

          k =-0.5000 0.5000 0.5000 (   410 PWs)   bands (ev):

    -3.3376  -0.7612   5.1093   5.1093   7.6771   9.4935   9.4935

          k = 0.0000 1.0000 0.0000 (   412 PWs)   bands (ev):

    -1.5321  -1.5321   3.4046   3.4046   6.7657   6.7657  16.2469

          k =-1.0000 1.0000 0.0000 (   412 PWs)   bands (ev):

    -1.5321  -1.5321   3.4046   3.4046   6.7657   6.7657  16.2469

          k =-0.5000-0.5000 0.5000 (   410 PWs)   bands (ev):

    -3.3376  -0.7612   5.1093   5.1093   7.6771   9.4935   9.4935

          k =-1.5000-0.5000 0.5000 (   410 PWs)   bands (ev):

    -3.3376  -0.7612   5.1093   5.1093   7.6771   9.4935   9.4935

          k =-1.0000 0.0000 0.0000 (   412 PWs)   bands (ev):

    -1.5321  -1.5321   3.4046   3.4046   6.7657   6.7657  16.2469

          k =-2.0000 0.0000 0.0000 (   411 PWs)   bands (ev):

    -5.7058   6.3432   6.3432   6.3432   8.7374   8.7374   8.7374

          k = 0.0000 0.0000 1.0000 (   412 PWs)   bands (ev):

    -1.5321  -1.5321   3.4046   3.4046   6.7657   6.7657  16.2469

          k =-1.0000 0.0000 1.0000 (   412 PWs)   bands (ev):

    -1.5321  -1.5321   3.4046   3.4046   6.7657   6.7657  16.2469

          k =-0.5000 0.5000 0.5000 (   410 PWs)   bands (ev):

    -3.3376  -0.7612   5.1093   5.1093   7.6771   9.4935   9.4935

          k =-1.5000 0.5000 0.5000 (   410 PWs)   bands (ev):

    -3.3376  -0.7612   5.1093   5.1093   7.6771   9.4935   9.4935

 ------ SPIN DOWN ----------


          k = 0.0000 0.0000 0.0000 (   411 PWs)   bands (ev):

    -5.7058   6.3432   6.3432   6.3432   8.7374   8.7374   8.7374

          k =-1.0000 0.0000 0.0000 (   412 PWs)   bands (ev):

    -1.5321  -1.5321   3.4046   3.4046   6.7657   6.7657  16.2469

          k =-0.5000 0.5000-0.5000 (   410 PWs)   bands (ev):

    -3.3376  -0.7612   5.1093   5.1093   7.6771   9.4935   9.4935

          k =-1.5000 0.5000-0.5000 (   410 PWs)   bands (ev):

    -3.3376  -0.7612   5.1093   5.1093   7.6771   9.4935   9.4935

          k = 0.5000 0.5000 0.5000 (   410 PWs)   bands (ev):

    -3.3376  -0.7612   5.1093   5.1093   7.6771   9.4935   9.4935

          k =-0.5000 0.5000 0.5000 (   410 PWs)   bands (ev):

    -3.3376  -0.7612   5.1093   5.1093   7.6771   9.4935   9.4935

          k = 0.0000 1.0000 0.0000 (   412 PWs)   bands (ev):

    -1.5321  -1.5321   3.4046   3.4046   6.7657   6.7657  16.2469

          k =-1.0000 1.0000 0.0000 (   412 PWs)   bands (ev):

    -1.5321  -1.5321   3.4046   3.4046   6.7657   6.7657  16.2469

          k =-0.5000-0.5000 0.5000 (   410 PWs)   bands (ev):

    -3.3376  -0.7612   5.1093   5.1093   7.6771   9.4935   9.4935

          k =-1.5000-0.5000 0.5000 (   410 PWs)   bands (ev):

    -3.3376  -0.7612   5.1093   5.1093   7.6771   9.4935   9.4935

          k =-1.0000 0.0000 0.0000 (   412 PWs)   bands (ev):

    -1.5321  -1.5321   3.4046   3.4046   6.7657   6.7657  16.2469

          k =-2.0000 0.0000 0.0000 (   411 PWs)   bands (ev):

    -5.7058   6.3432   6.3432   6.3432   8.7374   8.7374   8.7374

          k = 0.0000 0.0000 1.0000 (   412 PWs)   bands (ev):

    -1.5321  -1.5321   3.4046   3.4046   6.7657   6.7657  16.2469

          k =-1.0000 0.0000 1.0000 (   412 PWs)   bands (ev):

    -1.5321  -1.5321   3.4046   3.4046   6.7657   6.7657  16.2469

          k =-0.5000 0.5000 0.5000 (   410 PWs)   bands (ev):

    -3.3376  -0.7612   5.1093   5.1093   7.6771   9.4935   9.4935

          k =-1.5000 0.5000 0.5000 (   410 PWs)   bands (ev):

    -3.3376  -0.7612   5.1093   5.1093   7.6771   9.4935   9.4935

     highest occupied, lowest unoccupied level (ev):     6.3432    6.7657

     Writing all to output data dir /home/nicola/CODES/q-e-kcw/tempdir/kcw/q6/Si.save/ :
     XML data file, pseudopotentials, collected wavefunctions

        INFO: NSCF calculation DONE

        INFO: kcw_q initialization DONE


        Start LR calculation for the wannier #  1   iq =  6   spin =  1

        SYM : iwann=     1 iq =     6 weight =   0.12500000

      iter #   1 total cpu time :    26.2 secs   av.it.:  11.9
      thresh= 1.000E-06 alpha_mix =  0.700 |ddv_scf|^2 =  3.736E-06

      iter #   2 total cpu time :    26.3 secs   av.it.:  12.5
      thresh= 1.000E-06 alpha_mix =  0.700 |ddv_scf|^2 =  8.266E-06

      iter #   3 total cpu time :    26.3 secs   av.it.:  12.0
      thresh= 1.000E-06 alpha_mix =  0.700 |ddv_scf|^2 =  2.131E-08

      iter #   4 total cpu time :    26.4 secs   av.it.:  10.2
      thresh= 1.000E-06 alpha_mix =  0.700 |ddv_scf|^2 =  8.701E-11

      iter #   5 total cpu time :    26.4 secs   av.it.:  10.2
      thresh= 9.328E-08 alpha_mix =  0.700 |ddv_scf|^2 =  1.832E-11

      iter #   6 total cpu time :    26.5 secs   av.it.:  10.2
      thresh= 4.281E-08 alpha_mix =  0.700 |ddv_scf|^2 =  2.555E-12

      iter #   7 total cpu time :    26.6 secs   av.it.:  11.1
      thresh= 1.598E-08 alpha_mix =  0.700 |ddv_scf|^2 =  1.254E-13

      iter #   8 total cpu time :    26.6 secs   av.it.:  10.9
      thresh= 3.541E-09 alpha_mix =  0.700 |ddv_scf|^2 =  2.580E-14

      iter #   9 total cpu time :    26.7 secs   av.it.:  11.2
      thresh= 1.606E-09 alpha_mix =  0.700 |ddv_scf|^2 =  1.842E-14

      iter #  10 total cpu time :    26.8 secs   av.it.:  10.4
      thresh= 1.357E-09 alpha_mix =  0.700 |ddv_scf|^2 =  9.851E-16

      iter #  11 total cpu time :    26.8 secs   av.it.:  11.1
      thresh= 3.139E-10 alpha_mix =  0.700 |ddv_scf|^2 =  3.445E-16

      iter #  12 total cpu time :    26.9 secs   av.it.:  10.8
      thresh= 1.856E-10 alpha_mix =  0.700 |ddv_scf|^2 =  2.981E-17

      iter #  13 total cpu time :    27.0 secs   av.it.:  11.7
      thresh= 5.460E-11 alpha_mix =  0.700 |ddv_scf|^2 =  1.207E-17

      iter #  14 total cpu time :    27.0 secs   av.it.:  10.9
      thresh= 3.474E-11 alpha_mix =  0.700 |ddv_scf|^2 =  1.149E-18

      iter #  15 total cpu time :    27.1 secs   av.it.:  11.4
      thresh= 1.072E-11 alpha_mix =  0.700 |ddv_scf|^2 =  2.976E-19

        iq =   6   iwann =   1   rPi_q =     0.01376781    -0.00000000   uPi_q =     0.05092909    -0.00000000   SH_q =     0.03328195    -0.00000000

        Start LR calculation for the wannier #  2   iq =  6   spin =  1

        SYM : iwann=     2 iq =     6 weight =   0.12500000

      iter #   1 total cpu time :    27.2 secs   av.it.:  12.0
      thresh= 1.000E-06 alpha_mix =  0.700 |ddv_scf|^2 =  3.736E-06

      iter #   2 total cpu time :    27.2 secs   av.it.:  12.4
      thresh= 1.000E-06 alpha_mix =  0.700 |ddv_scf|^2 =  8.266E-06

      iter #   3 total cpu time :    27.3 secs   av.it.:  12.0
      thresh= 1.000E-06 alpha_mix =  0.700 |ddv_scf|^2 =  2.131E-08

      iter #   4 total cpu time :    27.4 secs   av.it.:  10.2
      thresh= 1.000E-06 alpha_mix =  0.700 |ddv_scf|^2 =  8.701E-11

      iter #   5 total cpu time :    27.4 secs   av.it.:  10.1
      thresh= 9.328E-08 alpha_mix =  0.700 |ddv_scf|^2 =  1.832E-11

      iter #   6 total cpu time :    27.5 secs   av.it.:  10.1
      thresh= 4.281E-08 alpha_mix =  0.700 |ddv_scf|^2 =  2.555E-12

      iter #   7 total cpu time :    27.5 secs   av.it.:  11.1
      thresh= 1.598E-08 alpha_mix =  0.700 |ddv_scf|^2 =  1.254E-13

      iter #   8 total cpu time :    27.6 secs   av.it.:  11.2
      thresh= 3.541E-09 alpha_mix =  0.700 |ddv_scf|^2 =  2.579E-14

      iter #   9 total cpu time :    27.7 secs   av.it.:  11.8
      thresh= 1.606E-09 alpha_mix =  0.700 |ddv_scf|^2 =  1.838E-14

      iter #  10 total cpu time :    27.7 secs   av.it.:  10.8
      thresh= 1.356E-09 alpha_mix =  0.700 |ddv_scf|^2 =  9.858E-16

      iter #  11 total cpu time :    27.8 secs   av.it.:  11.6
      thresh= 3.140E-10 alpha_mix =  0.700 |ddv_scf|^2 =  3.456E-16

      iter #  12 total cpu time :    27.9 secs   av.it.:  11.0
      thresh= 1.859E-10 alpha_mix =  0.700 |ddv_scf|^2 =  3.023E-17

      iter #  13 total cpu time :    28.0 secs   av.it.:  11.8
      thresh= 5.498E-11 alpha_mix =  0.700 |ddv_scf|^2 =  1.316E-17

      iter #  14 total cpu time :    28.0 secs   av.it.:  11.2
      thresh= 3.628E-11 alpha_mix =  0.700 |ddv_scf|^2 =  1.482E-18

      iter #  15 total cpu time :    28.1 secs   av.it.:  11.5
      thresh= 1.217E-11 alpha_mix =  0.700 |ddv_scf|^2 =  6.488E-19

        iq =   6   iwann =   2   rPi_q =     0.01376782     0.00000001   uPi_q =     0.05092909    -0.00000000   SH_q =     0.03328195    -0.00000000

        Start LR calculation for the wannier #  3   iq =  6   spin =  1

        SYM : iwann=     3 iq =     6 weight =   0.12500000

      iter #   1 total cpu time :    28.2 secs   av.it.:  12.0
      thresh= 1.000E-06 alpha_mix =  0.700 |ddv_scf|^2 =  3.736E-06

      iter #   2 total cpu time :    28.2 secs   av.it.:  12.4
      thresh= 1.000E-06 alpha_mix =  0.700 |ddv_scf|^2 =  8.266E-06

      iter #   3 total cpu time :    28.3 secs   av.it.:  11.9
      thresh= 1.000E-06 alpha_mix =  0.700 |ddv_scf|^2 =  2.131E-08

      iter #   4 total cpu time :    28.4 secs   av.it.:  10.2
      thresh= 1.000E-06 alpha_mix =  0.700 |ddv_scf|^2 =  8.701E-11

      iter #   5 total cpu time :    28.4 secs   av.it.:  10.1
      thresh= 9.328E-08 alpha_mix =  0.700 |ddv_scf|^2 =  1.832E-11

      iter #   6 total cpu time :    28.5 secs   av.it.:  10.2
      thresh= 4.281E-08 alpha_mix =  0.700 |ddv_scf|^2 =  2.555E-12

      iter #   7 total cpu time :    28.5 secs   av.it.:  11.0
      thresh= 1.598E-08 alpha_mix =  0.700 |ddv_scf|^2 =  1.254E-13

      iter #   8 total cpu time :    28.6 secs   av.it.:  11.1
      thresh= 3.541E-09 alpha_mix =  0.700 |ddv_scf|^2 =  2.579E-14

      iter #   9 total cpu time :    28.7 secs   av.it.:  11.7
      thresh= 1.606E-09 alpha_mix =  0.700 |ddv_scf|^2 =  1.837E-14

      iter #  10 total cpu time :    28.7 secs   av.it.:  10.8
      thresh= 1.355E-09 alpha_mix =  0.700 |ddv_scf|^2 =  9.855E-16

      iter #  11 total cpu time :    28.8 secs   av.it.:  11.6
      thresh= 3.139E-10 alpha_mix =  0.700 |ddv_scf|^2 =  3.450E-16

      iter #  12 total cpu time :    28.9 secs   av.it.:  10.9
      thresh= 1.858E-10 alpha_mix =  0.700 |ddv_scf|^2 =  3.006E-17

      iter #  13 total cpu time :    28.9 secs   av.it.:  11.8
      thresh= 5.483E-11 alpha_mix =  0.700 |ddv_scf|^2 =  1.273E-17

      iter #  14 total cpu time :    29.0 secs   av.it.:  11.1
      thresh= 3.567E-11 alpha_mix =  0.700 |ddv_scf|^2 =  1.361E-18

      iter #  15 total cpu time :    29.1 secs   av.it.:  11.8
      thresh= 1.166E-11 alpha_mix =  0.700 |ddv_scf|^2 =  5.348E-19

        iq =   6   iwann =   3   rPi_q =     0.01376782    -0.00000000   uPi_q =     0.05092909    -0.00000000   SH_q =     0.03328195     0.00000000

        Start LR calculation for the wannier #  4   iq =  6   spin =  1

        SYM : iwann=     4 iq =     6 weight =   0.12500000

      iter #   1 total cpu time :    29.1 secs   av.it.:  11.9
      thresh= 1.000E-06 alpha_mix =  0.700 |ddv_scf|^2 =  3.736E-06

      iter #   2 total cpu time :    29.2 secs   av.it.:  12.5
      thresh= 1.000E-06 alpha_mix =  0.700 |ddv_scf|^2 =  8.266E-06

      iter #   3 total cpu time :    29.3 secs   av.it.:  11.9
      thresh= 1.000E-06 alpha_mix =  0.700 |ddv_scf|^2 =  2.131E-08

      iter #   4 total cpu time :    29.3 secs   av.it.:  10.2
      thresh= 1.000E-06 alpha_mix =  0.700 |ddv_scf|^2 =  8.701E-11

      iter #   5 total cpu time :    29.4 secs   av.it.:  10.2
      thresh= 9.328E-08 alpha_mix =  0.700 |ddv_scf|^2 =  1.832E-11

      iter #   6 total cpu time :    29.5 secs   av.it.:  10.2
      thresh= 4.281E-08 alpha_mix =  0.700 |ddv_scf|^2 =  2.555E-12

      iter #   7 total cpu time :    29.5 secs   av.it.:  11.1
      thresh= 1.598E-08 alpha_mix =  0.700 |ddv_scf|^2 =  1.254E-13

      iter #   8 total cpu time :    29.6 secs   av.it.:  10.9
      thresh= 3.541E-09 alpha_mix =  0.700 |ddv_scf|^2 =  2.581E-14

      iter #   9 total cpu time :    29.7 secs   av.it.:  11.2
      thresh= 1.606E-09 alpha_mix =  0.700 |ddv_scf|^2 =  1.845E-14

      iter #  10 total cpu time :    29.7 secs   av.it.:  10.4
      thresh= 1.358E-09 alpha_mix =  0.700 |ddv_scf|^2 =  9.853E-16

      iter #  11 total cpu time :    29.8 secs   av.it.:  11.2
      thresh= 3.139E-10 alpha_mix =  0.700 |ddv_scf|^2 =  3.446E-16

      iter #  12 total cpu time :    29.9 secs   av.it.:  10.7
      thresh= 1.856E-10 alpha_mix =  0.700 |ddv_scf|^2 =  2.983E-17

      iter #  13 total cpu time :    29.9 secs   av.it.:  11.7
      thresh= 5.461E-11 alpha_mix =  0.700 |ddv_scf|^2 =  1.209E-17

      iter #  14 total cpu time :    30.0 secs   av.it.:  10.9
      thresh= 3.477E-11 alpha_mix =  0.700 |ddv_scf|^2 =  1.154E-18

      iter #  15 total cpu time :    30.1 secs   av.it.:  11.4
      thresh= 1.074E-11 alpha_mix =  0.700 |ddv_scf|^2 =  3.031E-19

        iq =   6   iwann =   4   rPi_q =     0.01376781     0.00000000   uPi_q =     0.05092909     0.00000000   SH_q =     0.03328195     0.00000000

        Start LR calculation for the wannier #  5   iq =  6   spin =  1

        SYM : iwann=     5 iq =     6 weight =   0.12500000

      iter #   1 total cpu time :    30.1 secs   av.it.:  11.6
      thresh= 1.000E-06 alpha_mix =  0.700 |ddv_scf|^2 =  7.982E-07

      iter #   2 total cpu time :    30.2 secs   av.it.:  11.9
      thresh= 1.000E-06 alpha_mix =  0.700 |ddv_scf|^2 =  1.609E-06

      iter #   3 total cpu time :    30.3 secs   av.it.:  11.6
      thresh= 1.000E-06 alpha_mix =  0.700 |ddv_scf|^2 =  7.431E-09

      iter #   4 total cpu time :    30.3 secs   av.it.:  10.2
      thresh= 8.621E-07 alpha_mix =  0.700 |ddv_scf|^2 =  1.819E-11

      iter #   5 total cpu time :    30.4 secs   av.it.:  10.7
      thresh= 4.265E-08 alpha_mix =  0.700 |ddv_scf|^2 =  3.872E-12

      iter #   6 total cpu time :    30.5 secs   av.it.:  11.4
      thresh= 1.968E-08 alpha_mix =  0.700 |ddv_scf|^2 =  1.105E-12

      iter #   7 total cpu time :    30.5 secs   av.it.:  11.3
      thresh= 1.051E-08 alpha_mix =  0.700 |ddv_scf|^2 =  1.096E-13

      iter #   8 total cpu time :    30.6 secs   av.it.:  11.8
      thresh= 3.311E-09 alpha_mix =  0.700 |ddv_scf|^2 =  2.128E-14

      iter #   9 total cpu time :    30.7 secs   av.it.:  11.3
      thresh= 1.459E-09 alpha_mix =  0.700 |ddv_scf|^2 =  2.758E-14

      iter #  10 total cpu time :    30.7 secs   av.it.:  10.9
      thresh= 1.661E-09 alpha_mix =  0.700 |ddv_scf|^2 =  2.813E-16

      iter #  11 total cpu time :    30.8 secs   av.it.:  11.6
      thresh= 1.677E-10 alpha_mix =  0.700 |ddv_scf|^2 =  2.049E-16

      iter #  12 total cpu time :    30.9 secs   av.it.:  11.2
      thresh= 1.431E-10 alpha_mix =  0.700 |ddv_scf|^2 =  2.907E-17

      iter #  13 total cpu time :    30.9 secs   av.it.:  11.2
      thresh= 5.392E-11 alpha_mix =  0.700 |ddv_scf|^2 =  6.729E-18

      iter #  14 total cpu time :    31.0 secs   av.it.:  11.6
      thresh= 2.594E-11 alpha_mix =  0.700 |ddv_scf|^2 =  1.039E-18

      iter #  15 total cpu time :    31.1 secs   av.it.:  11.7
      thresh= 1.019E-11 alpha_mix =  0.700 |ddv_scf|^2 =  4.929E-19

        iq =   6   iwann =   5   rPi_q =     0.00222610     0.00000000   uPi_q =     0.01184548    -0.00000000   SH_q =     0.00951636    -0.00000000

        Start LR calculation for the wannier #  6   iq =  6   spin =  1

        SYM : iwann=     6 iq =     6 weight =   0.12500000

      iter #   1 total cpu time :    31.1 secs   av.it.:  11.7
      thresh= 1.000E-06 alpha_mix =  0.700 |ddv_scf|^2 =  7.983E-07

      iter #   2 total cpu time :    31.2 secs   av.it.:  11.9
      thresh= 1.000E-06 alpha_mix =  0.700 |ddv_scf|^2 =  1.609E-06

      iter #   3 total cpu time :    31.3 secs   av.it.:  11.6
      thresh= 1.000E-06 alpha_mix =  0.700 |ddv_scf|^2 =  7.431E-09

      iter #   4 total cpu time :    31.3 secs   av.it.:  10.2
      thresh= 8.621E-07 alpha_mix =  0.700 |ddv_scf|^2 =  1.819E-11

      iter #   5 total cpu time :    31.4 secs   av.it.:  10.8
      thresh= 4.265E-08 alpha_mix =  0.700 |ddv_scf|^2 =  3.872E-12

      iter #   6 total cpu time :    31.5 secs   av.it.:  11.4
      thresh= 1.968E-08 alpha_mix =  0.700 |ddv_scf|^2 =  1.105E-12

      iter #   7 total cpu time :    31.5 secs   av.it.:  11.3
      thresh= 1.051E-08 alpha_mix =  0.700 |ddv_scf|^2 =  1.096E-13

      iter #   8 total cpu time :    31.6 secs   av.it.:  11.8
      thresh= 3.311E-09 alpha_mix =  0.700 |ddv_scf|^2 =  2.124E-14

      iter #   9 total cpu time :    31.7 secs   av.it.:  11.3
      thresh= 1.457E-09 alpha_mix =  0.700 |ddv_scf|^2 =  2.752E-14

      iter #  10 total cpu time :    31.7 secs   av.it.:  10.9
      thresh= 1.659E-09 alpha_mix =  0.700 |ddv_scf|^2 =  2.799E-16

      iter #  11 total cpu time :    31.8 secs   av.it.:  11.6
      thresh= 1.673E-10 alpha_mix =  0.700 |ddv_scf|^2 =  2.011E-16

      iter #  12 total cpu time :    31.9 secs   av.it.:  11.2
      thresh= 1.418E-10 alpha_mix =  0.700 |ddv_scf|^2 =  2.908E-17

      iter #  13 total cpu time :    31.9 secs   av.it.:  11.2
      thresh= 5.392E-11 alpha_mix =  0.700 |ddv_scf|^2 =  6.772E-18

      iter #  14 total cpu time :    32.0 secs   av.it.:  11.5
      thresh= 2.602E-11 alpha_mix =  0.700 |ddv_scf|^2 =  1.035E-18

      iter #  15 total cpu time :    32.1 secs   av.it.:  11.8
      thresh= 1.017E-11 alpha_mix =  0.700 |ddv_scf|^2 =  4.955E-19

        iq =   6   iwann =   6   rPi_q =     0.00222613     0.00000000   uPi_q =     0.01184560    -0.00000000   SH_q =     0.00951643     0.00000000

        Start LR calculation for the wannier #  7   iq =  6   spin =  1

        SYM : iwann=     7 iq =     6 weight =   0.12500000

      iter #   1 total cpu time :    32.1 secs   av.it.:  11.7
      thresh= 1.000E-06 alpha_mix =  0.700 |ddv_scf|^2 =  7.982E-07

      iter #   2 total cpu time :    32.2 secs   av.it.:  11.9
      thresh= 1.000E-06 alpha_mix =  0.700 |ddv_scf|^2 =  1.609E-06

      iter #   3 total cpu time :    32.3 secs   av.it.:  11.7
      thresh= 1.000E-06 alpha_mix =  0.700 |ddv_scf|^2 =  7.431E-09

      iter #   4 total cpu time :    32.3 secs   av.it.:  10.2
      thresh= 8.621E-07 alpha_mix =  0.700 |ddv_scf|^2 =  1.819E-11

      iter #   5 total cpu time :    32.4 secs   av.it.:  10.7
      thresh= 4.265E-08 alpha_mix =  0.700 |ddv_scf|^2 =  3.872E-12

      iter #   6 total cpu time :    32.5 secs   av.it.:  11.5
      thresh= 1.968E-08 alpha_mix =  0.700 |ddv_scf|^2 =  1.105E-12

      iter #   7 total cpu time :    32.5 secs   av.it.:  11.4
      thresh= 1.051E-08 alpha_mix =  0.700 |ddv_scf|^2 =  1.096E-13

      iter #   8 total cpu time :    32.6 secs   av.it.:  11.7
      thresh= 3.311E-09 alpha_mix =  0.700 |ddv_scf|^2 =  2.122E-14

      iter #   9 total cpu time :    32.7 secs   av.it.:  11.4
      thresh= 1.457E-09 alpha_mix =  0.700 |ddv_scf|^2 =  2.746E-14

      iter #  10 total cpu time :    32.7 secs   av.it.:  10.8
      thresh= 1.657E-09 alpha_mix =  0.700 |ddv_scf|^2 =  2.763E-16

      iter #  11 total cpu time :    32.8 secs   av.it.:  11.7
      thresh= 1.662E-10 alpha_mix =  0.700 |ddv_scf|^2 =  1.937E-16

      iter #  12 total cpu time :    32.9 secs   av.it.:  11.2
      thresh= 1.392E-10 alpha_mix =  0.700 |ddv_scf|^2 =  2.898E-17

      iter #  13 total cpu time :    32.9 secs   av.it.:  11.2
      thresh= 5.383E-11 alpha_mix =  0.700 |ddv_scf|^2 =  6.854E-18

      iter #  14 total cpu time :    33.0 secs   av.it.:  11.6
      thresh= 2.618E-11 alpha_mix =  0.700 |ddv_scf|^2 =  1.020E-18

      iter #  15 total cpu time :    33.1 secs   av.it.:  11.8
      thresh= 1.010E-11 alpha_mix =  0.700 |ddv_scf|^2 =  4.971E-19

        iq =   6   iwann =   7   rPi_q =     0.00222607    -0.00000000   uPi_q =     0.01184540    -0.00000000   SH_q =     0.00951632    -0.00000000

        Start LR calculation for the wannier #  8   iq =  6   spin =  1

        SYM : iwann=     8 iq =     6 weight =   0.12500000

      iter #   1 total cpu time :    33.1 secs   av.it.:  11.8
      thresh= 1.000E-06 alpha_mix =  0.700 |ddv_scf|^2 =  7.982E-07

      iter #   2 total cpu time :    33.2 secs   av.it.:  12.0
      thresh= 1.000E-06 alpha_mix =  0.700 |ddv_scf|^2 =  1.609E-06

      iter #   3 total cpu time :    33.3 secs   av.it.:  11.6
      thresh= 1.000E-06 alpha_mix =  0.700 |ddv_scf|^2 =  7.431E-09

      iter #   4 total cpu time :    33.3 secs   av.it.:  10.2
      thresh= 8.621E-07 alpha_mix =  0.700 |ddv_scf|^2 =  1.819E-11

      iter #   5 total cpu time :    33.4 secs   av.it.:  10.8
      thresh= 4.265E-08 alpha_mix =  0.700 |ddv_scf|^2 =  3.872E-12

      iter #   6 total cpu time :    33.5 secs   av.it.:  11.6
      thresh= 1.968E-08 alpha_mix =  0.700 |ddv_scf|^2 =  1.105E-12

      iter #   7 total cpu time :    33.5 secs   av.it.:  11.4
      thresh= 1.051E-08 alpha_mix =  0.700 |ddv_scf|^2 =  1.096E-13

      iter #   8 total cpu time :    33.6 secs   av.it.:  11.7
      thresh= 3.311E-09 alpha_mix =  0.700 |ddv_scf|^2 =  2.130E-14

      iter #   9 total cpu time :    33.7 secs   av.it.:  11.4
      thresh= 1.459E-09 alpha_mix =  0.700 |ddv_scf|^2 =  2.761E-14

      iter #  10 total cpu time :    33.7 secs   av.it.:  10.9
      thresh= 1.662E-09 alpha_mix =  0.700 |ddv_scf|^2 =  2.826E-16

      iter #  11 total cpu time :    33.8 secs   av.it.:  11.6
      thresh= 1.681E-10 alpha_mix =  0.700 |ddv_scf|^2 =  2.078E-16

      iter #  12 total cpu time :    33.9 secs   av.it.:  11.2
      thresh= 1.441E-10 alpha_mix =  0.700 |ddv_scf|^2 =  2.908E-17

      iter #  13 total cpu time :    33.9 secs   av.it.:  11.2
      thresh= 5.392E-11 alpha_mix =  0.700 |ddv_scf|^2 =  6.700E-18

      iter #  14 total cpu time :    34.0 secs   av.it.:  11.6
      thresh= 2.588E-11 alpha_mix =  0.700 |ddv_scf|^2 =  1.044E-18

      iter #  15 total cpu time :    34.1 secs   av.it.:  11.8
      thresh= 1.022E-11 alpha_mix =  0.700 |ddv_scf|^2 =  4.918E-19

        iq =   6   iwann =   8   rPi_q =     0.00222611    -0.00000000   uPi_q =     0.01184553    -0.00000000   SH_q =     0.00951639    -0.00000000


     ==============================================================================
     Calculation of q =    0.0000000   0.0000000   1.0000000  [Cart ]
     Calculation of q =    0.5000000   0.5000000   0.0000000  [Cryst]
     ==============================================================================

        INFO: prepare_q DONE

        INFO: rhowan_q(r) RETRIEVED


     Parallelization info
     --------------------
     sticks:   dense  smooth     PW     G-vecs:    dense   smooth      PW
     Min          73      73     30                  821      821     216
     Max          74      74     31                  823      823     218
     Sum         295     295    121                 3287     3287     869

     Using Slab Decomposition


     Title: 
     KCW Silicon screen                                                         


     bravais-lattice index     =            2
     lattice parameter (alat)  =      10.2631  a.u.
     unit-cell volume          =     270.2564 (a.u.)^3
     number of atoms/cell      =            2
     number of atomic types    =            1
     number of electrons       =         8.00 (up:   4.00, down:   4.00)
     number of Kohn-Sham states=            7
     kinetic-energy cutoff     =      20.0000  Ry
     charge density cutoff     =      80.0000  Ry
     Exchange-correlation= PW
                           (   1   4   0   0   0   0   0)

     celldm(1)=  10.263102  celldm(2)=   0.000000  celldm(3)=   0.000000
     celldm(4)=   0.000000  celldm(5)=   0.000000  celldm(6)=   0.000000

     crystal axes: (cart. coord. in units of alat)
               a(1) = (  -0.500000   0.000000   0.500000 )  
               a(2) = (   0.000000   0.500000   0.500000 )  
               a(3) = (  -0.500000   0.500000   0.000000 )  

     reciprocal axes: (cart. coord. in units 2 pi/alat)
               b(1) = ( -1.000000 -1.000000  1.000000 )  
               b(2) = (  1.000000  1.000000  1.000000 )  
               b(3) = ( -1.000000  1.000000 -1.000000 )  


     PseudoPot. # 1 for Si read from file:
     /home/nicola/CODES/q-e-kcw/pseudo/Si.upf
     MD5 check sum: 9e2d726316af3d4752eea8ab0afbb951
     Pseudo is Norm-conserving + core correction, Zval =  4.0
     Generated using ONCVPSP code by D. R. Hamann
     Using radial grid of 1510 points,  6 beta functions with: 
                l(1) =   0
                l(2) =   0
                l(3) =   1
                l(4) =   1
                l(5) =   2
                l(6) =   2

     atomic species   valence    mass     pseudopotential
     Si                4.00    28.08500     Si( 1.00)

     Starting magnetic structure 
     atomic species   magnetization
     Si              0.000

     48 Sym. Ops., with inversion, found



   Cartesian axes

     site n.     atom                  positions (alat units)
         1        Si     tau(   1) = (   0.0000000   0.0000000   0.0000000  )
         2        Si     tau(   2) = (  -0.2500000   0.2500000   0.2500000  )

     number of k points=    16
                       cart. coord. in units 2pi/alat
        k(    1) = (   0.0000000   0.0000000   0.0000000), wk =   0.1250000
        k(    2) = (   0.0000000   0.0000000   1.0000000), wk =   0.0000000
        k(    3) = (  -0.5000000   0.5000000  -0.5000000), wk =   0.1250000
        k(    4) = (  -0.5000000   0.5000000   0.5000000), wk =   0.0000000
        k(    5) = (   0.5000000   0.5000000   0.5000000), wk =   0.1250000
        k(    6) = (   0.5000000   0.5000000   1.5000000), wk =   0.0000000
        k(    7) = (   0.0000000   1.0000000   0.0000000), wk =   0.1250000
        k(    8) = (   0.0000000   1.0000000   1.0000000), wk =   0.0000000
        k(    9) = (  -0.5000000  -0.5000000   0.5000000), wk =   0.1250000
        k(   10) = (  -0.5000000  -0.5000000   1.5000000), wk =   0.0000000
        k(   11) = (  -1.0000000   0.0000000   0.0000000), wk =   0.1250000
        k(   12) = (  -1.0000000   0.0000000   1.0000000), wk =   0.0000000
        k(   13) = (   0.0000000   0.0000000   1.0000000), wk =   0.1250000
        k(   14) = (   0.0000000   0.0000000   2.0000000), wk =   0.0000000
        k(   15) = (  -0.5000000   0.5000000   0.5000000), wk =   0.1250000
        k(   16) = (  -0.5000000   0.5000000   1.5000000), wk =   0.0000000

     Dense  grid:     3287 G-vectors     FFT dimensions: (  24,  24,  24)

     Estimated max dynamical RAM per process >       1.45 MB

     Estimated total dynamical RAM >       5.78 MB

     The potential is recalculated from file :
     /home/nicola/CODES/q-e-kcw/tempdir/kcw/q7/Si.save/charge-density

     Starting wfcs are    8 atomic wfcs

     Band Structure Calculation
     Davidson diagonalization with overlap

     ethr =  1.25E-10,  avg # of iterations = 10.1

     total cpu time spent up to now is       -1.0 secs

     End of band structure calculation

 ------ SPIN UP ------------


          k = 0.0000 0.0000 0.0000 (   411 PWs)   bands (ev):

    -5.7058   6.3432   6.3432   6.3432   8.7374   8.7374   8.7374

          k = 0.0000 0.0000 1.0000 (   412 PWs)   bands (ev):

    -1.5321  -1.5321   3.4046   3.4046   6.7657   6.7657  16.2469

          k =-0.5000 0.5000-0.5000 (   410 PWs)   bands (ev):

    -3.3376  -0.7612   5.1093   5.1093   7.6771   9.4935   9.4935

          k =-0.5000 0.5000 0.5000 (   410 PWs)   bands (ev):

    -3.3376  -0.7612   5.1093   5.1093   7.6771   9.4935   9.4935

          k = 0.5000 0.5000 0.5000 (   410 PWs)   bands (ev):

    -3.3376  -0.7612   5.1093   5.1093   7.6771   9.4935   9.4935

          k = 0.5000 0.5000 1.5000 (   410 PWs)   bands (ev):

    -3.3376  -0.7612   5.1093   5.1093   7.6771   9.4935   9.4935

          k = 0.0000 1.0000 0.0000 (   412 PWs)   bands (ev):

    -1.5321  -1.5321   3.4046   3.4046   6.7657   6.7657  16.2469

          k = 0.0000 1.0000 1.0000 (   412 PWs)   bands (ev):

    -1.5321  -1.5321   3.4046   3.4046   6.7657   6.7657  16.2469

          k =-0.5000-0.5000 0.5000 (   410 PWs)   bands (ev):

    -3.3376  -0.7612   5.1093   5.1093   7.6771   9.4935   9.4935

          k =-0.5000-0.5000 1.5000 (   410 PWs)   bands (ev):

    -3.3376  -0.7612   5.1093   5.1093   7.6771   9.4935   9.4935

          k =-1.0000 0.0000 0.0000 (   412 PWs)   bands (ev):

    -1.5321  -1.5321   3.4046   3.4046   6.7657   6.7657  16.2469

          k =-1.0000 0.0000 1.0000 (   412 PWs)   bands (ev):

    -1.5321  -1.5321   3.4046   3.4046   6.7657   6.7657  16.2469

          k = 0.0000 0.0000 1.0000 (   412 PWs)   bands (ev):

    -1.5321  -1.5321   3.4046   3.4046   6.7657   6.7657  16.2469

          k = 0.0000 0.0000 2.0000 (   411 PWs)   bands (ev):

    -5.7058   6.3432   6.3432   6.3432   8.7374   8.7374   8.7374

          k =-0.5000 0.5000 0.5000 (   410 PWs)   bands (ev):

    -3.3376  -0.7612   5.1093   5.1093   7.6771   9.4935   9.4935

          k =-0.5000 0.5000 1.5000 (   410 PWs)   bands (ev):

    -3.3376  -0.7612   5.1093   5.1093   7.6771   9.4935   9.4935

 ------ SPIN DOWN ----------


          k = 0.0000 0.0000 0.0000 (   411 PWs)   bands (ev):

    -5.7058   6.3432   6.3432   6.3432   8.7374   8.7374   8.7374

          k = 0.0000 0.0000 1.0000 (   412 PWs)   bands (ev):

    -1.5321  -1.5321   3.4046   3.4046   6.7657   6.7657  16.2469

          k =-0.5000 0.5000-0.5000 (   410 PWs)   bands (ev):

    -3.3376  -0.7612   5.1093   5.1093   7.6771   9.4935   9.4935

          k =-0.5000 0.5000 0.5000 (   410 PWs)   bands (ev):

    -3.3376  -0.7612   5.1093   5.1093   7.6771   9.4935   9.4935

          k = 0.5000 0.5000 0.5000 (   410 PWs)   bands (ev):

    -3.3376  -0.7612   5.1093   5.1093   7.6771   9.4935   9.4935

          k = 0.5000 0.5000 1.5000 (   410 PWs)   bands (ev):

    -3.3376  -0.7612   5.1093   5.1093   7.6771   9.4935   9.4935

          k = 0.0000 1.0000 0.0000 (   412 PWs)   bands (ev):

    -1.5321  -1.5321   3.4046   3.4046   6.7657   6.7657  16.2469

          k = 0.0000 1.0000 1.0000 (   412 PWs)   bands (ev):

    -1.5321  -1.5321   3.4046   3.4046   6.7657   6.7657  16.2469

          k =-0.5000-0.5000 0.5000 (   410 PWs)   bands (ev):

    -3.3376  -0.7612   5.1093   5.1093   7.6771   9.4935   9.4935

          k =-0.5000-0.5000 1.5000 (   410 PWs)   bands (ev):

    -3.3376  -0.7612   5.1093   5.1093   7.6771   9.4935   9.4935

          k =-1.0000 0.0000 0.0000 (   412 PWs)   bands (ev):

    -1.5321  -1.5321   3.4046   3.4046   6.7657   6.7657  16.2469

          k =-1.0000 0.0000 1.0000 (   412 PWs)   bands (ev):

    -1.5321  -1.5321   3.4046   3.4046   6.7657   6.7657  16.2469

          k = 0.0000 0.0000 1.0000 (   412 PWs)   bands (ev):

    -1.5321  -1.5321   3.4046   3.4046   6.7657   6.7657  16.2469

          k = 0.0000 0.0000 2.0000 (   411 PWs)   bands (ev):

    -5.7058   6.3432   6.3432   6.3432   8.7374   8.7374   8.7374

          k =-0.5000 0.5000 0.5000 (   410 PWs)   bands (ev):

    -3.3376  -0.7612   5.1093   5.1093   7.6771   9.4935   9.4935

          k =-0.5000 0.5000 1.5000 (   410 PWs)   bands (ev):

    -3.3376  -0.7612   5.1093   5.1093   7.6771   9.4935   9.4935

     highest occupied, lowest unoccupied level (ev):     6.3432    6.7657

     Writing all to output data dir /home/nicola/CODES/q-e-kcw/tempdir/kcw/q7/Si.save/ :
     XML data file, pseudopotentials, collected wavefunctions

        INFO: NSCF calculation DONE

        INFO: kcw_q initialization DONE


        Start LR calculation for the wannier #  1   iq =  7   spin =  1

        SYM : iwann=     1 iq =     7 weight =   0.12500000

      iter #   1 total cpu time :    34.4 secs   av.it.:  11.9
      thresh= 1.000E-06 alpha_mix =  0.700 |ddv_scf|^2 =  3.736E-06

      iter #   2 total cpu time :    34.5 secs   av.it.:  12.4
      thresh= 1.000E-06 alpha_mix =  0.700 |ddv_scf|^2 =  8.266E-06

      iter #   3 total cpu time :    34.5 secs   av.it.:  11.9
      thresh= 1.000E-06 alpha_mix =  0.700 |ddv_scf|^2 =  2.131E-08

      iter #   4 total cpu time :    34.6 secs   av.it.:  10.2
      thresh= 1.000E-06 alpha_mix =  0.700 |ddv_scf|^2 =  8.701E-11

      iter #   5 total cpu time :    34.7 secs   av.it.:  10.2
      thresh= 9.328E-08 alpha_mix =  0.700 |ddv_scf|^2 =  1.832E-11

      iter #   6 total cpu time :    34.7 secs   av.it.:  10.1
      thresh= 4.281E-08 alpha_mix =  0.700 |ddv_scf|^2 =  2.555E-12

      iter #   7 total cpu time :    34.8 secs   av.it.:  11.1
      thresh= 1.598E-08 alpha_mix =  0.700 |ddv_scf|^2 =  1.254E-13

      iter #   8 total cpu time :    34.9 secs   av.it.:  11.1
      thresh= 3.541E-09 alpha_mix =  0.700 |ddv_scf|^2 =  2.580E-14

      iter #   9 total cpu time :    34.9 secs   av.it.:  11.4
      thresh= 1.606E-09 alpha_mix =  0.700 |ddv_scf|^2 =  1.841E-14

      iter #  10 total cpu time :    35.0 secs   av.it.:  10.8
      thresh= 1.357E-09 alpha_mix =  0.700 |ddv_scf|^2 =  9.856E-16

      iter #  11 total cpu time :    35.1 secs   av.it.:  11.6
      thresh= 3.139E-10 alpha_mix =  0.700 |ddv_scf|^2 =  3.453E-16

      iter #  12 total cpu time :    35.1 secs   av.it.:  10.9
      thresh= 1.858E-10 alpha_mix =  0.700 |ddv_scf|^2 =  3.010E-17

      iter #  13 total cpu time :    35.2 secs   av.it.:  11.8
      thresh= 5.486E-11 alpha_mix =  0.700 |ddv_scf|^2 =  1.281E-17

      iter #  14 total cpu time :    35.3 secs   av.it.:  11.1
      thresh= 3.579E-11 alpha_mix =  0.700 |ddv_scf|^2 =  1.385E-18

      iter #  15 total cpu time :    35.3 secs   av.it.:  11.4
      thresh= 1.177E-11 alpha_mix =  0.700 |ddv_scf|^2 =  5.590E-19

        iq =   7   iwann =   1   rPi_q =     0.01376782    -0.00000001   uPi_q =     0.05092909    -0.00000000   SH_q =     0.03328195    -0.00000000

        Start LR calculation for the wannier #  2   iq =  7   spin =  1

        SYM : iwann=     2 iq =     7 weight =   0.12500000

      iter #   1 total cpu time :    35.4 secs   av.it.:  12.0
      thresh= 1.000E-06 alpha_mix =  0.700 |ddv_scf|^2 =  3.736E-06

      iter #   2 total cpu time :    35.5 secs   av.it.:  12.4
      thresh= 1.000E-06 alpha_mix =  0.700 |ddv_scf|^2 =  8.266E-06

      iter #   3 total cpu time :    35.5 secs   av.it.:  11.9
      thresh= 1.000E-06 alpha_mix =  0.700 |ddv_scf|^2 =  2.131E-08

      iter #   4 total cpu time :    35.6 secs   av.it.:  10.2
      thresh= 1.000E-06 alpha_mix =  0.700 |ddv_scf|^2 =  8.701E-11

      iter #   5 total cpu time :    35.7 secs   av.it.:  10.1
      thresh= 9.328E-08 alpha_mix =  0.700 |ddv_scf|^2 =  1.832E-11

      iter #   6 total cpu time :    35.7 secs   av.it.:  10.2
      thresh= 4.281E-08 alpha_mix =  0.700 |ddv_scf|^2 =  2.555E-12

      iter #   7 total cpu time :    35.8 secs   av.it.:  11.1
      thresh= 1.598E-08 alpha_mix =  0.700 |ddv_scf|^2 =  1.254E-13

      iter #   8 total cpu time :    35.9 secs   av.it.:  11.2
      thresh= 3.541E-09 alpha_mix =  0.700 |ddv_scf|^2 =  2.580E-14

      iter #   9 total cpu time :    35.9 secs   av.it.:  11.8
      thresh= 1.606E-09 alpha_mix =  0.700 |ddv_scf|^2 =  1.841E-14

      iter #  10 total cpu time :    36.0 secs   av.it.:  10.8
      thresh= 1.357E-09 alpha_mix =  0.700 |ddv_scf|^2 =  9.868E-16

      iter #  11 total cpu time :    36.1 secs   av.it.:  11.6
      thresh= 3.141E-10 alpha_mix =  0.700 |ddv_scf|^2 =  3.476E-16

      iter #  12 total cpu time :    36.1 secs   av.it.:  11.1
      thresh= 1.864E-10 alpha_mix =  0.700 |ddv_scf|^2 =  3.082E-17

      iter #  13 total cpu time :    36.2 secs   av.it.:  11.9
      thresh= 5.551E-11 alpha_mix =  0.700 |ddv_scf|^2 =  1.456E-17

      iter #  14 total cpu time :    36.3 secs   av.it.:  11.3
      thresh= 3.815E-11 alpha_mix =  0.700 |ddv_scf|^2 =  1.788E-18

      iter #  15 total cpu time :    36.3 secs   av.it.:  11.6
      thresh= 1.337E-11 alpha_mix =  0.700 |ddv_scf|^2 =  8.821E-19

        iq =   7   iwann =   2   rPi_q =     0.01376783    -0.00000000   uPi_q =     0.05092909    -0.00000000   SH_q =     0.03328195    -0.00000000

        Start LR calculation for the wannier #  3   iq =  7   spin =  1

        SYM : iwann=     3 iq =     7 weight =   0.12500000

      iter #   1 total cpu time :    36.4 secs   av.it.:  12.0
      thresh= 1.000E-06 alpha_mix =  0.700 |ddv_scf|^2 =  3.736E-06

      iter #   2 total cpu time :    36.5 secs   av.it.:  12.4
      thresh= 1.000E-06 alpha_mix =  0.700 |ddv_scf|^2 =  8.266E-06

      iter #   3 total cpu time :    36.5 secs   av.it.:  11.9
      thresh= 1.000E-06 alpha_mix =  0.700 |ddv_scf|^2 =  2.131E-08

      iter #   4 total cpu time :    36.6 secs   av.it.:  10.2
      thresh= 1.000E-06 alpha_mix =  0.700 |ddv_scf|^2 =  8.701E-11

      iter #   5 total cpu time :    36.7 secs   av.it.:  10.2
      thresh= 9.328E-08 alpha_mix =  0.700 |ddv_scf|^2 =  1.832E-11

      iter #   6 total cpu time :    36.7 secs   av.it.:  10.1
      thresh= 4.281E-08 alpha_mix =  0.700 |ddv_scf|^2 =  2.555E-12

      iter #   7 total cpu time :    36.8 secs   av.it.:  11.1
      thresh= 1.598E-08 alpha_mix =  0.700 |ddv_scf|^2 =  1.254E-13

      iter #   8 total cpu time :    36.9 secs   av.it.:  10.9
      thresh= 3.541E-09 alpha_mix =  0.700 |ddv_scf|^2 =  2.579E-14

      iter #   9 total cpu time :    36.9 secs   av.it.:  11.3
      thresh= 1.606E-09 alpha_mix =  0.700 |ddv_scf|^2 =  1.838E-14

      iter #  10 total cpu time :    37.0 secs   av.it.:  10.5
      thresh= 1.356E-09 alpha_mix =  0.700 |ddv_scf|^2 =  9.852E-16

      iter #  11 total cpu time :    37.1 secs   av.it.:  11.4
      thresh= 3.139E-10 alpha_mix =  0.700 |ddv_scf|^2 =  3.445E-16

      iter #  12 total cpu time :    37.1 secs   av.it.:  10.9
      thresh= 1.856E-10 alpha_mix =  0.700 |ddv_scf|^2 =  2.988E-17

      iter #  13 total cpu time :    37.2 secs   av.it.:  11.6
      thresh= 5.466E-11 alpha_mix =  0.700 |ddv_scf|^2 =  1.227E-17

      iter #  14 total cpu time :    37.3 secs   av.it.:  11.1
      thresh= 3.503E-11 alpha_mix =  0.700 |ddv_scf|^2 =  1.218E-18

      iter #  15 total cpu time :    37.3 secs   av.it.:  11.6
      thresh= 1.104E-11 alpha_mix =  0.700 |ddv_scf|^2 =  3.803E-19

        iq =   7   iwann =   3   rPi_q =     0.01376781    -0.00000000   uPi_q =     0.05092909    -0.00000000   SH_q =     0.03328195    -0.00000000

        Start LR calculation for the wannier #  4   iq =  7   spin =  1

        SYM : iwann=     4 iq =     7 weight =   0.12500000

      iter #   1 total cpu time :    37.4 secs   av.it.:  12.0
      thresh= 1.000E-06 alpha_mix =  0.700 |ddv_scf|^2 =  3.736E-06

      iter #   2 total cpu time :    37.5 secs   av.it.:  12.4
      thresh= 1.000E-06 alpha_mix =  0.700 |ddv_scf|^2 =  8.266E-06

      iter #   3 total cpu time :    37.5 secs   av.it.:  11.9
      thresh= 1.000E-06 alpha_mix =  0.700 |ddv_scf|^2 =  2.131E-08

      iter #   4 total cpu time :    37.6 secs   av.it.:  10.2
      thresh= 1.000E-06 alpha_mix =  0.700 |ddv_scf|^2 =  8.701E-11

      iter #   5 total cpu time :    37.7 secs   av.it.:  10.2
      thresh= 9.328E-08 alpha_mix =  0.700 |ddv_scf|^2 =  1.832E-11

      iter #   6 total cpu time :    37.7 secs   av.it.:  10.2
      thresh= 4.281E-08 alpha_mix =  0.700 |ddv_scf|^2 =  2.555E-12

      iter #   7 total cpu time :    37.8 secs   av.it.:  11.1
      thresh= 1.598E-08 alpha_mix =  0.700 |ddv_scf|^2 =  1.254E-13

      iter #   8 total cpu time :    37.9 secs   av.it.:  11.1
      thresh= 3.541E-09 alpha_mix =  0.700 |ddv_scf|^2 =  2.579E-14

      iter #   9 total cpu time :    37.9 secs   av.it.:  11.7
      thresh= 1.606E-09 alpha_mix =  0.700 |ddv_scf|^2 =  1.839E-14

      iter #  10 total cpu time :    38.0 secs   av.it.:  10.7
      thresh= 1.356E-09 alpha_mix =  0.700 |ddv_scf|^2 =  9.859E-16

      iter #  11 total cpu time :    38.1 secs   av.it.:  11.5
      thresh= 3.140E-10 alpha_mix =  0.700 |ddv_scf|^2 =  3.458E-16

      iter #  12 total cpu time :    38.1 secs   av.it.:  11.1
      thresh= 1.860E-10 alpha_mix =  0.700 |ddv_scf|^2 =  3.029E-17

      iter #  13 total cpu time :    38.2 secs   av.it.:  11.8
      thresh= 5.503E-11 alpha_mix =  0.700 |ddv_scf|^2 =  1.329E-17

      iter #  14 total cpu time :    38.3 secs   av.it.:  11.2
      thresh= 3.646E-11 alpha_mix =  0.700 |ddv_scf|^2 =  1.515E-18

      iter #  15 total cpu time :    38.3 secs   av.it.:  11.6
      thresh= 1.231E-11 alpha_mix =  0.700 |ddv_scf|^2 =  6.782E-19

        iq =   7   iwann =   4   rPi_q =     0.01376782    -0.00000000   uPi_q =     0.05092909    -0.00000000   SH_q =     0.03328195     0.00000000

        Start LR calculation for the wannier #  5   iq =  7   spin =  1

        SYM : iwann=     5 iq =     7 weight =   0.12500000

      iter #   1 total cpu time :    38.4 secs   av.it.:  11.6
      thresh= 1.000E-06 alpha_mix =  0.700 |ddv_scf|^2 =  7.982E-07

      iter #   2 total cpu time :    38.5 secs   av.it.:  11.8
      thresh= 1.000E-06 alpha_mix =  0.700 |ddv_scf|^2 =  1.609E-06

      iter #   3 total cpu time :    38.5 secs   av.it.:  11.7
      thresh= 1.000E-06 alpha_mix =  0.700 |ddv_scf|^2 =  7.431E-09

      iter #   4 total cpu time :    38.6 secs   av.it.:  10.1
      thresh= 8.621E-07 alpha_mix =  0.700 |ddv_scf|^2 =  1.819E-11

      iter #   5 total cpu time :    38.7 secs   av.it.:  10.7
      thresh= 4.265E-08 alpha_mix =  0.700 |ddv_scf|^2 =  3.872E-12

      iter #   6 total cpu time :    38.7 secs   av.it.:  11.4
      thresh= 1.968E-08 alpha_mix =  0.700 |ddv_scf|^2 =  1.105E-12

      iter #   7 total cpu time :    38.8 secs   av.it.:  11.2
      thresh= 1.051E-08 alpha_mix =  0.700 |ddv_scf|^2 =  1.096E-13

      iter #   8 total cpu time :    38.9 secs   av.it.:  11.6
      thresh= 3.311E-09 alpha_mix =  0.700 |ddv_scf|^2 =  2.122E-14

      iter #   9 total cpu time :    39.0 secs   av.it.:  11.3
      thresh= 1.457E-09 alpha_mix =  0.700 |ddv_scf|^2 =  2.747E-14

      iter #  10 total cpu time :    39.0 secs   av.it.:  10.8
      thresh= 1.657E-09 alpha_mix =  0.700 |ddv_scf|^2 =  2.768E-16

      iter #  11 total cpu time :    39.1 secs   av.it.:  11.6
      thresh= 1.664E-10 alpha_mix =  0.700 |ddv_scf|^2 =  1.946E-16

      iter #  12 total cpu time :    39.2 secs   av.it.:  11.2
      thresh= 1.395E-10 alpha_mix =  0.700 |ddv_scf|^2 =  2.899E-17

      iter #  13 total cpu time :    39.2 secs   av.it.:  11.2
      thresh= 5.385E-11 alpha_mix =  0.700 |ddv_scf|^2 =  6.846E-18

      iter #  14 total cpu time :    39.3 secs   av.it.:  11.5
      thresh= 2.616E-11 alpha_mix =  0.700 |ddv_scf|^2 =  1.022E-18

      iter #  15 total cpu time :    39.4 secs   av.it.:  11.7
      thresh= 1.011E-11 alpha_mix =  0.700 |ddv_scf|^2 =  4.971E-19

        iq =   7   iwann =   5   rPi_q =     0.00222610    -0.00000000   uPi_q =     0.01184547    -0.00000000   SH_q =     0.00951635     0.00000000

        Start LR calculation for the wannier #  6   iq =  7   spin =  1

        SYM : iwann=     6 iq =     7 weight =   0.12500000

      iter #   1 total cpu time :    39.4 secs   av.it.:  11.7
      thresh= 1.000E-06 alpha_mix =  0.700 |ddv_scf|^2 =  7.983E-07

      iter #   2 total cpu time :    39.5 secs   av.it.:  11.8
      thresh= 1.000E-06 alpha_mix =  0.700 |ddv_scf|^2 =  1.609E-06

      iter #   3 total cpu time :    39.6 secs   av.it.:  11.6
      thresh= 1.000E-06 alpha_mix =  0.700 |ddv_scf|^2 =  7.431E-09

      iter #   4 total cpu time :    39.6 secs   av.it.:  10.1
      thresh= 8.621E-07 alpha_mix =  0.700 |ddv_scf|^2 =  1.819E-11

      iter #   5 total cpu time :    39.7 secs   av.it.:  10.8
      thresh= 4.265E-08 alpha_mix =  0.700 |ddv_scf|^2 =  3.872E-12

      iter #   6 total cpu time :    39.8 secs   av.it.:  11.4
      thresh= 1.968E-08 alpha_mix =  0.700 |ddv_scf|^2 =  1.105E-12

      iter #   7 total cpu time :    39.8 secs   av.it.:  11.2
      thresh= 1.051E-08 alpha_mix =  0.700 |ddv_scf|^2 =  1.096E-13

      iter #   8 total cpu time :    39.9 secs   av.it.:  11.6
      thresh= 3.311E-09 alpha_mix =  0.700 |ddv_scf|^2 =  2.128E-14

      iter #   9 total cpu time :    40.0 secs   av.it.:  11.4
      thresh= 1.459E-09 alpha_mix =  0.700 |ddv_scf|^2 =  2.757E-14

      iter #  10 total cpu time :    40.0 secs   av.it.:  10.9
      thresh= 1.660E-09 alpha_mix =  0.700 |ddv_scf|^2 =  2.806E-16

      iter #  11 total cpu time :    40.1 secs   av.it.:  11.6
      thresh= 1.675E-10 alpha_mix =  0.700 |ddv_scf|^2 =  2.034E-16

      iter #  12 total cpu time :    40.2 secs   av.it.:  11.2
      thresh= 1.426E-10 alpha_mix =  0.700 |ddv_scf|^2 =  2.906E-17

      iter #  13 total cpu time :    40.3 secs   av.it.:  11.2
      thresh= 5.391E-11 alpha_mix =  0.700 |ddv_scf|^2 =  6.745E-18

      iter #  14 total cpu time :    40.3 secs   av.it.:  11.6
      thresh= 2.597E-11 alpha_mix =  0.700 |ddv_scf|^2 =  1.036E-18

      iter #  15 total cpu time :    40.4 secs   av.it.:  11.8
      thresh= 1.018E-11 alpha_mix =  0.700 |ddv_scf|^2 =  4.931E-19

        iq =   7   iwann =   6   rPi_q =     0.00222613    -0.00000000   uPi_q =     0.01184559    -0.00000000   SH_q =     0.00951642     0.00000000

        Start LR calculation for the wannier #  7   iq =  7   spin =  1

        SYM : iwann=     7 iq =     7 weight =   0.12500000

      iter #   1 total cpu time :    40.5 secs   av.it.:  11.7
      thresh= 1.000E-06 alpha_mix =  0.700 |ddv_scf|^2 =  7.982E-07

      iter #   2 total cpu time :    40.5 secs   av.it.:  11.8
      thresh= 1.000E-06 alpha_mix =  0.700 |ddv_scf|^2 =  1.609E-06

      iter #   3 total cpu time :    40.6 secs   av.it.:  11.6
      thresh= 1.000E-06 alpha_mix =  0.700 |ddv_scf|^2 =  7.431E-09

      iter #   4 total cpu time :    40.7 secs   av.it.:  10.1
      thresh= 8.621E-07 alpha_mix =  0.700 |ddv_scf|^2 =  1.819E-11

      iter #   5 total cpu time :    40.7 secs   av.it.:  10.8
      thresh= 4.265E-08 alpha_mix =  0.700 |ddv_scf|^2 =  3.872E-12

      iter #   6 total cpu time :    40.8 secs   av.it.:  11.5
      thresh= 1.968E-08 alpha_mix =  0.700 |ddv_scf|^2 =  1.105E-12

      iter #   7 total cpu time :    40.9 secs   av.it.:  11.3
      thresh= 1.051E-08 alpha_mix =  0.700 |ddv_scf|^2 =  1.096E-13

      iter #   8 total cpu time :    40.9 secs   av.it.:  11.6
      thresh= 3.311E-09 alpha_mix =  0.700 |ddv_scf|^2 =  2.124E-14

      iter #   9 total cpu time :    41.0 secs   av.it.:  11.3
      thresh= 1.458E-09 alpha_mix =  0.700 |ddv_scf|^2 =  2.752E-14

      iter #  10 total cpu time :    41.1 secs   av.it.:  10.9
      thresh= 1.659E-09 alpha_mix =  0.700 |ddv_scf|^2 =  2.788E-16

      iter #  11 total cpu time :    41.1 secs   av.it.:  11.6
      thresh= 1.670E-10 alpha_mix =  0.700 |ddv_scf|^2 =  1.992E-16

      iter #  12 total cpu time :    41.2 secs   av.it.:  11.2
      thresh= 1.411E-10 alpha_mix =  0.700 |ddv_scf|^2 =  2.904E-17

      iter #  13 total cpu time :    41.3 secs   av.it.:  11.2
      thresh= 5.389E-11 alpha_mix =  0.700 |ddv_scf|^2 =  6.792E-18

      iter #  14 total cpu time :    41.3 secs   av.it.:  11.6
      thresh= 2.606E-11 alpha_mix =  0.700 |ddv_scf|^2 =  1.030E-18

      iter #  15 total cpu time :    41.4 secs   av.it.:  11.8
      thresh= 1.015E-11 alpha_mix =  0.700 |ddv_scf|^2 =  4.953E-19

        iq =   7   iwann =   7   rPi_q =     0.00222608     0.00000000   uPi_q =     0.01184543     0.00000000   SH_q =     0.00951633    -0.00000000

        Start LR calculation for the wannier #  8   iq =  7   spin =  1

        SYM : iwann=     8 iq =     7 weight =   0.12500000

      iter #   1 total cpu time :    41.5 secs   av.it.:  11.6
      thresh= 1.000E-06 alpha_mix =  0.700 |ddv_scf|^2 =  7.982E-07

      iter #   2 total cpu time :    41.6 secs   av.it.:  11.9
      thresh= 1.000E-06 alpha_mix =  0.700 |ddv_scf|^2 =  1.609E-06

      iter #   3 total cpu time :    41.6 secs   av.it.:  11.6
      thresh= 1.000E-06 alpha_mix =  0.700 |ddv_scf|^2 =  7.431E-09

      iter #   4 total cpu time :    41.7 secs   av.it.:  10.1
      thresh= 8.621E-07 alpha_mix =  0.700 |ddv_scf|^2 =  1.819E-11

      iter #   5 total cpu time :    41.8 secs   av.it.:  10.8
      thresh= 4.265E-08 alpha_mix =  0.700 |ddv_scf|^2 =  3.872E-12

      iter #   6 total cpu time :    41.8 secs   av.it.:  11.4
      thresh= 1.968E-08 alpha_mix =  0.700 |ddv_scf|^2 =  1.105E-12

      iter #   7 total cpu time :    41.9 secs   av.it.:  11.2
      thresh= 1.051E-08 alpha_mix =  0.700 |ddv_scf|^2 =  1.096E-13

      iter #   8 total cpu time :    42.0 secs   av.it.:  11.7
      thresh= 3.311E-09 alpha_mix =  0.700 |ddv_scf|^2 =  2.122E-14

      iter #   9 total cpu time :    42.0 secs   av.it.:  11.2
      thresh= 1.457E-09 alpha_mix =  0.700 |ddv_scf|^2 =  2.748E-14

      iter #  10 total cpu time :    42.1 secs   av.it.:  10.8
      thresh= 1.658E-09 alpha_mix =  0.700 |ddv_scf|^2 =  2.777E-16

      iter #  11 total cpu time :    42.2 secs   av.it.:  11.6
      thresh= 1.667E-10 alpha_mix =  0.700 |ddv_scf|^2 =  1.966E-16

      iter #  12 total cpu time :    42.2 secs   av.it.:  11.2
      thresh= 1.402E-10 alpha_mix =  0.700 |ddv_scf|^2 =  2.902E-17

      iter #  13 total cpu time :    42.3 secs   av.it.:  11.2
      thresh= 5.387E-11 alpha_mix =  0.700 |ddv_scf|^2 =  6.822E-18

      iter #  14 total cpu time :    42.4 secs   av.it.:  11.6
      thresh= 2.612E-11 alpha_mix =  0.700 |ddv_scf|^2 =  1.026E-18

      iter #  15 total cpu time :    42.4 secs   av.it.:  11.7
      thresh= 1.013E-11 alpha_mix =  0.700 |ddv_scf|^2 =  4.965E-19

        iq =   7   iwann =   8   rPi_q =     0.00222611    -0.00000000   uPi_q =     0.01184552    -0.00000000   SH_q =     0.00951638     0.00000000


     ==============================================================================
     Calculation of q =   -0.5000000   0.5000000   0.5000000  [Cart ]
     Calculation of q =    0.5000000   0.5000000   0.5000000  [Cryst]
     ==============================================================================

        INFO: prepare_q DONE

        INFO: rhowan_q(r) RETRIEVED


     Parallelization info
     --------------------
     sticks:   dense  smooth     PW     G-vecs:    dense   smooth      PW
     Min          73      73     27                  821      821     186
     Max          74      74     28                  823      823     189
     Sum         295     295    109                 3287     3287     749

     Using Slab Decomposition


     Title: 
     KCW Silicon screen                                                         


     bravais-lattice index     =            2
     lattice parameter (alat)  =      10.2631  a.u.
     unit-cell volume          =     270.2564 (a.u.)^3
     number of atoms/cell      =            2
     number of atomic types    =            1
     number of electrons       =         8.00 (up:   4.00, down:   4.00)
     number of Kohn-Sham states=            7
     kinetic-energy cutoff     =      20.0000  Ry
     charge density cutoff     =      80.0000  Ry
     Exchange-correlation= PW
                           (   1   4   0   0   0   0   0)

     celldm(1)=  10.263102  celldm(2)=   0.000000  celldm(3)=   0.000000
     celldm(4)=   0.000000  celldm(5)=   0.000000  celldm(6)=   0.000000

     crystal axes: (cart. coord. in units of alat)
               a(1) = (  -0.500000   0.000000   0.500000 )  
               a(2) = (   0.000000   0.500000   0.500000 )  
               a(3) = (  -0.500000   0.500000   0.000000 )  

     reciprocal axes: (cart. coord. in units 2 pi/alat)
               b(1) = ( -1.000000 -1.000000  1.000000 )  
               b(2) = (  1.000000  1.000000  1.000000 )  
               b(3) = ( -1.000000  1.000000 -1.000000 )  


     PseudoPot. # 1 for Si read from file:
     /home/nicola/CODES/q-e-kcw/pseudo/Si.upf
     MD5 check sum: 9e2d726316af3d4752eea8ab0afbb951
     Pseudo is Norm-conserving + core correction, Zval =  4.0
     Generated using ONCVPSP code by D. R. Hamann
     Using radial grid of 1510 points,  6 beta functions with: 
                l(1) =   0
                l(2) =   0
                l(3) =   1
                l(4) =   1
                l(5) =   2
                l(6) =   2

     atomic species   valence    mass     pseudopotential
     Si                4.00    28.08500     Si( 1.00)

     Starting magnetic structure 
     atomic species   magnetization
     Si              0.000

     48 Sym. Ops., with inversion, found



   Cartesian axes

     site n.     atom                  positions (alat units)
         1        Si     tau(   1) = (   0.0000000   0.0000000   0.0000000  )
         2        Si     tau(   2) = (  -0.2500000   0.2500000   0.2500000  )

     number of k points=    16
                       cart. coord. in units 2pi/alat
        k(    1) = (   0.0000000   0.0000000   0.0000000), wk =   0.1250000
        k(    2) = (  -0.5000000   0.5000000   0.5000000), wk =   0.0000000
        k(    3) = (  -0.5000000   0.5000000  -0.5000000), wk =   0.1250000
        k(    4) = (  -1.0000000   1.0000000   0.0000000), wk =   0.0000000
        k(    5) = (   0.5000000   0.5000000   0.5000000), wk =   0.1250000
        k(    6) = (   0.0000000   1.0000000   1.0000000), wk =   0.0000000
        k(    7) = (   0.0000000   1.0000000   0.0000000), wk =   0.1250000
        k(    8) = (  -0.5000000   1.5000000   0.5000000), wk =   0.0000000
        k(    9) = (  -0.5000000  -0.5000000   0.5000000), wk =   0.1250000
        k(   10) = (  -1.0000000   0.0000000   1.0000000), wk =   0.0000000
        k(   11) = (  -1.0000000   0.0000000   0.0000000), wk =   0.1250000
        k(   12) = (  -1.5000000   0.5000000   0.5000000), wk =   0.0000000
        k(   13) = (   0.0000000   0.0000000   1.0000000), wk =   0.1250000
        k(   14) = (  -0.5000000   0.5000000   1.5000000), wk =   0.0000000
        k(   15) = (  -0.5000000   0.5000000   0.5000000), wk =   0.1250000
        k(   16) = (  -1.0000000   1.0000000   1.0000000), wk =   0.0000000

     Dense  grid:     3287 G-vectors     FFT dimensions: (  24,  24,  24)

     Estimated max dynamical RAM per process >       1.44 MB

     Estimated total dynamical RAM >       5.76 MB

     The potential is recalculated from file :
     /home/nicola/CODES/q-e-kcw/tempdir/kcw/q8/Si.save/charge-density

     Starting wfcs are    8 atomic wfcs

     Band Structure Calculation
     Davidson diagonalization with overlap

     ethr =  1.25E-10,  avg # of iterations = 10.1

     total cpu time spent up to now is       -1.0 secs

     End of band structure calculation

 ------ SPIN UP ------------


          k = 0.0000 0.0000 0.0000 (   411 PWs)   bands (ev):

    -5.7058   6.3432   6.3432   6.3432   8.7374   8.7374   8.7374

          k =-0.5000 0.5000 0.5000 (   410 PWs)   bands (ev):

    -3.3376  -0.7612   5.1093   5.1093   7.6771   9.4935   9.4935

          k =-0.5000 0.5000-0.5000 (   410 PWs)   bands (ev):

    -3.3376  -0.7612   5.1093   5.1093   7.6771   9.4935   9.4935

          k =-1.0000 1.0000 0.0000 (   412 PWs)   bands (ev):

    -1.5321  -1.5321   3.4046   3.4046   6.7657   6.7657  16.2469

          k = 0.5000 0.5000 0.5000 (   410 PWs)   bands (ev):

    -3.3376  -0.7612   5.1093   5.1093   7.6771   9.4935   9.4935

          k = 0.0000 1.0000 1.0000 (   412 PWs)   bands (ev):

    -1.5321  -1.5321   3.4046   3.4046   6.7657   6.7657  16.2469

          k = 0.0000 1.0000 0.0000 (   412 PWs)   bands (ev):

    -1.5321  -1.5321   3.4046   3.4046   6.7657   6.7657  16.2469

          k =-0.5000 1.5000 0.5000 (   410 PWs)   bands (ev):

    -3.3376  -0.7612   5.1093   5.1093   7.6771   9.4935   9.4935

          k =-0.5000-0.5000 0.5000 (   410 PWs)   bands (ev):

    -3.3376  -0.7612   5.1093   5.1093   7.6771   9.4935   9.4935

          k =-1.0000 0.0000 1.0000 (   412 PWs)   bands (ev):

    -1.5321  -1.5321   3.4046   3.4046   6.7657   6.7657  16.2469

          k =-1.0000 0.0000 0.0000 (   412 PWs)   bands (ev):

    -1.5321  -1.5321   3.4046   3.4046   6.7657   6.7657  16.2469

          k =-1.5000 0.5000 0.5000 (   410 PWs)   bands (ev):

    -3.3376  -0.7612   5.1093   5.1093   7.6771   9.4935   9.4935

          k = 0.0000 0.0000 1.0000 (   412 PWs)   bands (ev):

    -1.5321  -1.5321   3.4046   3.4046   6.7657   6.7657  16.2469

          k =-0.5000 0.5000 1.5000 (   410 PWs)   bands (ev):

    -3.3376  -0.7612   5.1093   5.1093   7.6771   9.4935   9.4935

          k =-0.5000 0.5000 0.5000 (   410 PWs)   bands (ev):

    -3.3376  -0.7612   5.1093   5.1093   7.6771   9.4935   9.4935

          k =-1.0000 1.0000 1.0000 (   411 PWs)   bands (ev):

    -5.7058   6.3432   6.3432   6.3432   8.7374   8.7374   8.7374

 ------ SPIN DOWN ----------


          k = 0.0000 0.0000 0.0000 (   411 PWs)   bands (ev):

    -5.7058   6.3432   6.3432   6.3432   8.7374   8.7374   8.7374

          k =-0.5000 0.5000 0.5000 (   410 PWs)   bands (ev):

    -3.3376  -0.7612   5.1093   5.1093   7.6771   9.4935   9.4935

          k =-0.5000 0.5000-0.5000 (   410 PWs)   bands (ev):

    -3.3376  -0.7612   5.1093   5.1093   7.6771   9.4935   9.4935

          k =-1.0000 1.0000 0.0000 (   412 PWs)   bands (ev):

    -1.5321  -1.5321   3.4046   3.4046   6.7657   6.7657  16.2469

          k = 0.5000 0.5000 0.5000 (   410 PWs)   bands (ev):

    -3.3376  -0.7612   5.1093   5.1093   7.6771   9.4935   9.4935

          k = 0.0000 1.0000 1.0000 (   412 PWs)   bands (ev):

    -1.5321  -1.5321   3.4046   3.4046   6.7657   6.7657  16.2469

          k = 0.0000 1.0000 0.0000 (   412 PWs)   bands (ev):

    -1.5321  -1.5321   3.4046   3.4046   6.7657   6.7657  16.2469

          k =-0.5000 1.5000 0.5000 (   410 PWs)   bands (ev):

    -3.3376  -0.7612   5.1093   5.1093   7.6771   9.4935   9.4935

          k =-0.5000-0.5000 0.5000 (   410 PWs)   bands (ev):

    -3.3376  -0.7612   5.1093   5.1093   7.6771   9.4935   9.4935

          k =-1.0000 0.0000 1.0000 (   412 PWs)   bands (ev):

    -1.5321  -1.5321   3.4046   3.4046   6.7657   6.7657  16.2469

          k =-1.0000 0.0000 0.0000 (   412 PWs)   bands (ev):

    -1.5321  -1.5321   3.4046   3.4046   6.7657   6.7657  16.2469

          k =-1.5000 0.5000 0.5000 (   410 PWs)   bands (ev):

    -3.3376  -0.7612   5.1093   5.1093   7.6771   9.4935   9.4935

          k = 0.0000 0.0000 1.0000 (   412 PWs)   bands (ev):

    -1.5321  -1.5321   3.4046   3.4046   6.7657   6.7657  16.2469

          k =-0.5000 0.5000 1.5000 (   410 PWs)   bands (ev):

    -3.3376  -0.7612   5.1093   5.1093   7.6771   9.4935   9.4935

          k =-0.5000 0.5000 0.5000 (   410 PWs)   bands (ev):

    -3.3376  -0.7612   5.1093   5.1093   7.6771   9.4935   9.4935

          k =-1.0000 1.0000 1.0000 (   411 PWs)   bands (ev):

    -5.7058   6.3432   6.3432   6.3432   8.7374   8.7374   8.7374

     highest occupied, lowest unoccupied level (ev):     6.3432    6.7657

     Writing all to output data dir /home/nicola/CODES/q-e-kcw/tempdir/kcw/q8/Si.save/ :
     XML data file, pseudopotentials, collected wavefunctions

        INFO: NSCF calculation DONE

        INFO: kcw_q initialization DONE


        Start LR calculation for the wannier #  1   iq =  8   spin =  1

        SYM : iwann=     1 iq =     8 weight =   0.12500000

      iter #   1 total cpu time :    42.8 secs   av.it.:  11.8
      thresh= 1.000E-06 alpha_mix =  0.700 |ddv_scf|^2 =  1.579E-05

      iter #   2 total cpu time :    42.9 secs   av.it.:  12.8
      thresh= 1.000E-06 alpha_mix =  0.700 |ddv_scf|^2 =  8.514E-05

      iter #   3 total cpu time :    42.9 secs   av.it.:  12.4
      thresh= 1.000E-06 alpha_mix =  0.700 |ddv_scf|^2 =  2.211E-09

      iter #   4 total cpu time :    43.0 secs   av.it.:  10.6
      thresh= 4.702E-07 alpha_mix =  0.700 |ddv_scf|^2 =  2.058E-10

      iter #   5 total cpu time :    43.1 secs   av.it.:  10.9
      thresh= 1.434E-07 alpha_mix =  0.700 |ddv_scf|^2 =  5.232E-12

      iter #   6 total cpu time :    43.1 secs   av.it.:  11.1
      thresh= 2.287E-08 alpha_mix =  0.700 |ddv_scf|^2 =  1.101E-13

      iter #   7 total cpu time :    43.2 secs   av.it.:  11.0
      thresh= 3.318E-09 alpha_mix =  0.700 |ddv_scf|^2 =  1.123E-14

      iter #   8 total cpu time :    43.3 secs   av.it.:  11.2
      thresh= 1.060E-09 alpha_mix =  0.700 |ddv_scf|^2 =  2.238E-16

      iter #   9 total cpu time :    43.3 secs   av.it.:  11.3
      thresh= 1.496E-10 alpha_mix =  0.700 |ddv_scf|^2 =  2.204E-17

      iter #  10 total cpu time :    43.4 secs   av.it.:  11.6
      thresh= 4.695E-11 alpha_mix =  0.700 |ddv_scf|^2 =  1.010E-18

      iter #  11 total cpu time :    43.5 secs   av.it.:  11.6
      thresh= 1.005E-11 alpha_mix =  0.700 |ddv_scf|^2 =  2.875E-19

        iq =   8   iwann =   1   rPi_q =     0.00998933    -0.00000000   uPi_q =     0.05952884    -0.00000000   SH_q =     0.03746804    -0.00000000

        Start LR calculation for the wannier #  2   iq =  8   spin =  1

        SYM : iwann=     2 iq =     8 weight =   0.12500000

      iter #   1 total cpu time :    43.5 secs   av.it.:  12.1
      thresh= 1.000E-06 alpha_mix =  0.700 |ddv_scf|^2 =  2.907E-06

      iter #   2 total cpu time :    43.6 secs   av.it.:  12.1
      thresh= 1.000E-06 alpha_mix =  0.700 |ddv_scf|^2 =  2.101E-06

      iter #   3 total cpu time :    43.7 secs   av.it.:  11.9
      thresh= 1.000E-06 alpha_mix =  0.700 |ddv_scf|^2 =  1.045E-09

      iter #   4 total cpu time :    43.8 secs   av.it.:  10.5
      thresh= 3.233E-07 alpha_mix =  0.700 |ddv_scf|^2 =  2.684E-11

      iter #   5 total cpu time :    43.8 secs   av.it.:  10.4
      thresh= 5.181E-08 alpha_mix =  0.700 |ddv_scf|^2 =  8.250E-13

      iter #   6 total cpu time :    43.9 secs   av.it.:  11.4
      thresh= 9.083E-09 alpha_mix =  0.700 |ddv_scf|^2 =  4.985E-14

      iter #   7 total cpu time :    44.0 secs   av.it.:  11.4
      thresh= 2.233E-09 alpha_mix =  0.700 |ddv_scf|^2 =  7.446E-16

      iter #   8 total cpu time :    44.0 secs   av.it.:  11.8
      thresh= 2.729E-10 alpha_mix =  0.700 |ddv_scf|^2 =  6.910E-16

      iter #   9 total cpu time :    44.1 secs   av.it.:  10.8
      thresh= 2.629E-10 alpha_mix =  0.700 |ddv_scf|^2 =  4.048E-16

      iter #  10 total cpu time :    44.2 secs   av.it.:  11.2
      thresh= 2.012E-10 alpha_mix =  0.700 |ddv_scf|^2 =  1.419E-18

      iter #  11 total cpu time :    44.2 secs   av.it.:  11.2
      thresh= 1.191E-11 alpha_mix =  0.700 |ddv_scf|^2 =  1.060E-19

        iq =   8   iwann =   2   rPi_q =     0.02426731    -0.00000000   uPi_q =     0.06482536    -0.00000000   SH_q =     0.04036159     0.00000000

        Start LR calculation for the wannier #  3   iq =  8   spin =  1

        SYM : iwann=     3 iq =     8 weight =   0.12500000

      iter #   1 total cpu time :    44.3 secs   av.it.:  12.1
      thresh= 1.000E-06 alpha_mix =  0.700 |ddv_scf|^2 =  2.907E-06

      iter #   2 total cpu time :    44.4 secs   av.it.:  12.1
      thresh= 1.000E-06 alpha_mix =  0.700 |ddv_scf|^2 =  2.101E-06

      iter #   3 total cpu time :    44.5 secs   av.it.:  11.8
      thresh= 1.000E-06 alpha_mix =  0.700 |ddv_scf|^2 =  1.045E-09

      iter #   4 total cpu time :    44.5 secs   av.it.:  10.3
      thresh= 3.233E-07 alpha_mix =  0.700 |ddv_scf|^2 =  2.684E-11

      iter #   5 total cpu time :    44.6 secs   av.it.:  10.4
      thresh= 5.181E-08 alpha_mix =  0.700 |ddv_scf|^2 =  8.250E-13

      iter #   6 total cpu time :    44.7 secs   av.it.:  11.4
      thresh= 9.083E-09 alpha_mix =  0.700 |ddv_scf|^2 =  4.986E-14

      iter #   7 total cpu time :    44.7 secs   av.it.:  11.4
      thresh= 2.233E-09 alpha_mix =  0.700 |ddv_scf|^2 =  7.991E-16

      iter #   8 total cpu time :    44.8 secs   av.it.:  11.8
      thresh= 2.827E-10 alpha_mix =  0.700 |ddv_scf|^2 =  1.334E-15

      iter #   9 total cpu time :    44.9 secs   av.it.:  10.7
      thresh= 3.653E-10 alpha_mix =  0.700 |ddv_scf|^2 =  2.833E-16

      iter #  10 total cpu time :    44.9 secs   av.it.:  11.5
      thresh= 1.683E-10 alpha_mix =  0.700 |ddv_scf|^2 =  2.731E-18

      iter #  11 total cpu time :    45.0 secs   av.it.:  11.4
      thresh= 1.653E-11 alpha_mix =  0.700 |ddv_scf|^2 =  1.665E-19

        iq =   8   iwann =   3   rPi_q =     0.02426731    -0.00000000   uPi_q =     0.06482536    -0.00000000   SH_q =     0.04036159     0.00000000

        Start LR calculation for the wannier #  4   iq =  8   spin =  1

        SYM : iwann=     4 iq =     8 weight =   0.12500000

      iter #   1 total cpu time :    45.1 secs   av.it.:  12.0
      thresh= 1.000E-06 alpha_mix =  0.700 |ddv_scf|^2 =  2.907E-06

      iter #   2 total cpu time :    45.1 secs   av.it.:  12.0
      thresh= 1.000E-06 alpha_mix =  0.700 |ddv_scf|^2 =  2.101E-06

      iter #   3 total cpu time :    45.2 secs   av.it.:  11.9
      thresh= 1.000E-06 alpha_mix =  0.700 |ddv_scf|^2 =  1.045E-09

      iter #   4 total cpu time :    45.3 secs   av.it.:  10.4
      thresh= 3.233E-07 alpha_mix =  0.700 |ddv_scf|^2 =  2.684E-11

      iter #   5 total cpu time :    45.3 secs   av.it.:  10.4
      thresh= 5.181E-08 alpha_mix =  0.700 |ddv_scf|^2 =  8.250E-13

      iter #   6 total cpu time :    45.4 secs   av.it.:  11.5
      thresh= 9.083E-09 alpha_mix =  0.700 |ddv_scf|^2 =  4.986E-14

      iter #   7 total cpu time :    45.5 secs   av.it.:  11.4
      thresh= 2.233E-09 alpha_mix =  0.700 |ddv_scf|^2 =  8.965E-16

      iter #   8 total cpu time :    45.6 secs   av.it.:  11.9
      thresh= 2.994E-10 alpha_mix =  0.700 |ddv_scf|^2 =  2.213E-15

      iter #   9 total cpu time :    45.6 secs   av.it.:  10.6
      thresh= 4.704E-10 alpha_mix =  0.700 |ddv_scf|^2 =  1.968E-16

      iter #  10 total cpu time :    45.7 secs   av.it.:  11.6
      thresh= 1.403E-10 alpha_mix =  0.700 |ddv_scf|^2 =  4.021E-18

      iter #  11 total cpu time :    45.8 secs   av.it.:  11.6
      thresh= 2.005E-11 alpha_mix =  0.700 |ddv_scf|^2 =  2.363E-19

        iq =   8   iwann =   4   rPi_q =     0.02426730     0.00000000   uPi_q =     0.06482536     0.00000000   SH_q =     0.04036159     0.00000000

        Start LR calculation for the wannier #  5   iq =  8   spin =  1

        SYM : iwann=     5 iq =     8 weight =   0.12500000

      iter #   1 total cpu time :    45.8 secs   av.it.:  12.3
      thresh= 1.000E-06 alpha_mix =  0.700 |ddv_scf|^2 =  1.825E-06

      iter #   2 total cpu time :    45.9 secs   av.it.:  12.2
      thresh= 1.000E-06 alpha_mix =  0.700 |ddv_scf|^2 =  1.355E-06

      iter #   3 total cpu time :    46.0 secs   av.it.:  12.0
      thresh= 1.000E-06 alpha_mix =  0.700 |ddv_scf|^2 =  7.507E-11

      iter #   4 total cpu time :    46.0 secs   av.it.:  10.9
      thresh= 8.665E-08 alpha_mix =  0.700 |ddv_scf|^2 =  2.953E-12

      iter #   5 total cpu time :    46.1 secs   av.it.:  11.7
      thresh= 1.718E-08 alpha_mix =  0.700 |ddv_scf|^2 =  4.233E-12

      iter #   6 total cpu time :    46.2 secs   av.it.:  10.8
      thresh= 2.057E-08 alpha_mix =  0.700 |ddv_scf|^2 =  4.583E-13

      iter #   7 total cpu time :    46.3 secs   av.it.:  11.5
      thresh= 6.770E-09 alpha_mix =  0.700 |ddv_scf|^2 =  2.544E-14

      iter #   8 total cpu time :    46.3 secs   av.it.:  11.2
      thresh= 1.595E-09 alpha_mix =  0.700 |ddv_scf|^2 =  2.166E-16

      iter #   9 total cpu time :    46.4 secs   av.it.:  11.4
      thresh= 1.472E-10 alpha_mix =  0.700 |ddv_scf|^2 =  2.927E-17

      iter #  10 total cpu time :    46.5 secs   av.it.:  11.7
      thresh= 5.410E-11 alpha_mix =  0.700 |ddv_scf|^2 =  2.244E-19

        iq =   8   iwann =   5   rPi_q =     0.01015220    -0.00000000   uPi_q =     0.03112875    -0.00000000   SH_q =     0.01955108     0.00000000

        Start LR calculation for the wannier #  6   iq =  8   spin =  1

        SYM : iwann=     6 iq =     8 weight =   0.12500000

      iter #   1 total cpu time :    46.5 secs   av.it.:  11.7
      thresh= 1.000E-06 alpha_mix =  0.700 |ddv_scf|^2 =  7.554E-07

      iter #   2 total cpu time :    46.6 secs   av.it.:  12.0
      thresh= 1.000E-06 alpha_mix =  0.700 |ddv_scf|^2 =  3.935E-06

      iter #   3 total cpu time :    46.7 secs   av.it.:  11.5
      thresh= 1.000E-06 alpha_mix =  0.700 |ddv_scf|^2 =  3.222E-09

      iter #   4 total cpu time :    46.7 secs   av.it.:  10.9
      thresh= 5.676E-07 alpha_mix =  0.700 |ddv_scf|^2 =  2.000E-11

      iter #   5 total cpu time :    46.8 secs   av.it.:  10.9
      thresh= 4.473E-08 alpha_mix =  0.700 |ddv_scf|^2 =  2.111E-12

      iter #   6 total cpu time :    46.9 secs   av.it.:  11.5
      thresh= 1.453E-08 alpha_mix =  0.700 |ddv_scf|^2 =  4.054E-14

      iter #   7 total cpu time :    46.9 secs   av.it.:  11.6
      thresh= 2.013E-09 alpha_mix =  0.700 |ddv_scf|^2 =  3.879E-15

      iter #   8 total cpu time :    47.0 secs   av.it.:  11.7
      thresh= 6.228E-10 alpha_mix =  0.700 |ddv_scf|^2 =  1.388E-15

      iter #   9 total cpu time :    47.1 secs   av.it.:  11.6
      thresh= 3.725E-10 alpha_mix =  0.700 |ddv_scf|^2 =  2.620E-16

      iter #  10 total cpu time :    47.2 secs   av.it.:  11.1
      thresh= 1.618E-10 alpha_mix =  0.700 |ddv_scf|^2 =  5.398E-17

      iter #  11 total cpu time :    47.2 secs   av.it.:  10.9
      thresh= 7.347E-11 alpha_mix =  0.700 |ddv_scf|^2 =  3.774E-18

      iter #  12 total cpu time :    47.3 secs   av.it.:  11.5
      thresh= 1.943E-11 alpha_mix =  0.700 |ddv_scf|^2 =  9.705E-19

        iq =   8   iwann =   6   rPi_q =    -0.00000705     0.00000000   uPi_q =     0.00568014    -0.00000000   SH_q =     0.00612294     0.00000000

        Start LR calculation for the wannier #  7   iq =  8   spin =  1

        SYM : iwann=     7 iq =     8 weight =   0.12500000

      iter #   1 total cpu time :    47.4 secs   av.it.:  12.2
      thresh= 1.000E-06 alpha_mix =  0.700 |ddv_scf|^2 =  1.825E-06

      iter #   2 total cpu time :    47.4 secs   av.it.:  12.2
      thresh= 1.000E-06 alpha_mix =  0.700 |ddv_scf|^2 =  1.355E-06

      iter #   3 total cpu time :    47.5 secs   av.it.:  12.0
      thresh= 1.000E-06 alpha_mix =  0.700 |ddv_scf|^2 =  7.507E-11

      iter #   4 total cpu time :    47.6 secs   av.it.:  10.9
      thresh= 8.664E-08 alpha_mix =  0.700 |ddv_scf|^2 =  2.937E-12

      iter #   5 total cpu time :    47.7 secs   av.it.:  11.6
      thresh= 1.714E-08 alpha_mix =  0.700 |ddv_scf|^2 =  4.186E-12

      iter #   6 total cpu time :    47.7 secs   av.it.:  10.8
      thresh= 2.046E-08 alpha_mix =  0.700 |ddv_scf|^2 =  4.630E-13

      iter #   7 total cpu time :    47.8 secs   av.it.:  11.4
      thresh= 6.804E-09 alpha_mix =  0.700 |ddv_scf|^2 =  2.544E-14

      iter #   8 total cpu time :    47.9 secs   av.it.:  11.4
      thresh= 1.595E-09 alpha_mix =  0.700 |ddv_scf|^2 =  2.166E-16

      iter #   9 total cpu time :    47.9 secs   av.it.:  11.4
      thresh= 1.472E-10 alpha_mix =  0.700 |ddv_scf|^2 =  2.927E-17

      iter #  10 total cpu time :    48.0 secs   av.it.:  11.6
      thresh= 5.410E-11 alpha_mix =  0.700 |ddv_scf|^2 =  2.251E-19

        iq =   8   iwann =   7   rPi_q =     0.01015218     0.00000000   uPi_q =     0.03112869    -0.00000000   SH_q =     0.01955105     0.00000000

        Start LR calculation for the wannier #  8   iq =  8   spin =  1

        SYM : iwann=     8 iq =     8 weight =   0.12500000

      iter #   1 total cpu time :    48.1 secs   av.it.:  12.2
      thresh= 1.000E-06 alpha_mix =  0.700 |ddv_scf|^2 =  1.825E-06

      iter #   2 total cpu time :    48.1 secs   av.it.:  12.3
      thresh= 1.000E-06 alpha_mix =  0.700 |ddv_scf|^2 =  1.355E-06

      iter #   3 total cpu time :    48.2 secs   av.it.:  11.9
      thresh= 1.000E-06 alpha_mix =  0.700 |ddv_scf|^2 =  7.507E-11

      iter #   4 total cpu time :    48.3 secs   av.it.:  11.0
      thresh= 8.664E-08 alpha_mix =  0.700 |ddv_scf|^2 =  2.932E-12

      iter #   5 total cpu time :    48.4 secs   av.it.:  11.7
      thresh= 1.712E-08 alpha_mix =  0.700 |ddv_scf|^2 =  4.171E-12

      iter #   6 total cpu time :    48.4 secs   av.it.:  10.8
      thresh= 2.042E-08 alpha_mix =  0.700 |ddv_scf|^2 =  4.644E-13

      iter #   7 total cpu time :    48.5 secs   av.it.:  11.5
      thresh= 6.815E-09 alpha_mix =  0.700 |ddv_scf|^2 =  2.544E-14

      iter #   8 total cpu time :    48.6 secs   av.it.:  11.4
      thresh= 1.595E-09 alpha_mix =  0.700 |ddv_scf|^2 =  2.166E-16

      iter #   9 total cpu time :    48.6 secs   av.it.:  11.4
      thresh= 1.472E-10 alpha_mix =  0.700 |ddv_scf|^2 =  2.927E-17

      iter #  10 total cpu time :    48.7 secs   av.it.:  11.6
      thresh= 5.410E-11 alpha_mix =  0.700 |ddv_scf|^2 =  2.350E-19

        iq =   8   iwann =   8   rPi_q =     0.01015223     0.00000000   uPi_q =     0.03112884     0.00000000   SH_q =     0.01955113     0.00000000


     INFO: LR CALCULATION ... DONE





        iwann  =     1   relaxed =      0.12823382   unrelaxed =      0.41955196   alpha =  0.30564466   self Hartree =  0.27287943

        iwann  =     2   relaxed =      0.12823382   unrelaxed =      0.41955196   alpha =  0.30564467   self Hartree =  0.27287943

        iwann  =     3   relaxed =      0.12823382   unrelaxed =      0.41955196   alpha =  0.30564467   self Hartree =  0.27287943

        iwann  =     4   relaxed =      0.12823383   unrelaxed =      0.41955197   alpha =  0.30564468   self Hartree =  0.27287943

        iwann  =     5   relaxed =      0.03083261   unrelaxed =      0.12950051   alpha =  0.23808875   self Hartree =  0.09536558

        iwann  =     6   relaxed =      0.03083291   unrelaxed =      0.12950141   alpha =  0.23808941   self Hartree =  0.09536611

        iwann  =     7   relaxed =      0.03083245   unrelaxed =      0.12950008   alpha =  0.23808825   self Hartree =  0.09536535

        iwann  =     8   relaxed =      0.03083271   unrelaxed =      0.12950082   alpha =  0.23808891   self Hartree =  0.09536577





     init_run     :      0.04s CPU      0.04s WALL (       7 calls)
     electrons    :      1.40s CPU      1.46s WALL (       7 calls)

     Called by init_run:
     wfcinit      :      0.00s CPU      0.00s WALL (       7 calls)
     wfcinit:atom :      0.00s CPU      0.00s WALL (     224 calls)
     wfcinit:wfcr :      0.12s CPU      0.12s WALL (     224 calls)
     potinit      :      0.01s CPU      0.01s WALL (       7 calls)
     hinit0       :      0.02s CPU      0.02s WALL (       7 calls)

     Called by electrons:
     c_bands      :      1.40s CPU      1.46s WALL (       7 calls)
     v_of_rho     :      0.00s CPU      0.00s WALL (       8 calls)
     v_h          :      0.00s CPU      0.00s WALL (       8 calls)
     v_xc         :      0.00s CPU      0.00s WALL (       8 calls)

     Called by c_bands:
     init_us_2    :      0.27s CPU      0.29s WALL (   12496 calls)
     cegterg      :      1.25s CPU      1.31s WALL (     224 calls)

     Called by sum_band:

     Called by *egterg:
     cdiaghg      :      0.18s CPU      0.19s WALL (    2492 calls)
     cegterg:over :      0.08s CPU      0.09s WALL (    2268 calls)
     cegterg:upda :      0.04s CPU      0.05s WALL (    2268 calls)
     cegterg:last :      0.03s CPU      0.03s WALL (     784 calls)
     h_psi        :     34.69s CPU     37.15s WALL (  157337 calls)
     g_psi        :      0.01s CPU      0.01s WALL (    2268 calls)

     Called by h_psi:
     h_psi:calbec :      3.13s CPU      3.35s WALL (  157337 calls)
     vloc_psi     :     28.45s CPU     30.48s WALL (  157337 calls)
                                        0.00s GPU  (  157337 calls)
     add_vuspsi   :      2.75s CPU      2.95s WALL (  157337 calls)

     General routines
     calbec       :      3.02s CPU      3.24s WALL (  157337 calls)
     fft          :      0.25s CPU      0.26s WALL (    3875 calls)
     ffts         :      0.02s CPU      0.03s WALL (     640 calls)
     fftw         :     30.32s CPU     32.46s WALL ( 1374700 calls)
     davcio       :      0.53s CPU      0.64s WALL (   68996 calls)

     Parallel routines

     KCW          :     45.39s CPU     48.70s WALL

     INITIALIZATION: 

     init_vloc    :      0.00s CPU      0.00s WALL (       8 calls)
     init_us_1    :      0.00s CPU      0.00s WALL (       8 calls)

     solve_linter :     43.72s CPU     46.94s WALL (      64 calls)
     kcw_run_nscf :      1.48s CPU      1.56s WALL (       7 calls)

     solve_linter :     43.72s CPU     46.94s WALL (      64 calls)
     ortho        :      0.11s CPU      0.12s WALL (   12272 calls)
     cgsolve      :     37.06s CPU     39.72s WALL (   12272 calls)
     incdrhoscf   :      2.66s CPU      2.83s WALL (   12272 calls)
                                        0.00s GPU  (   12272 calls)
     dv_of_drho   :      0.20s CPU      0.21s WALL (     767 calls)
     mix_pot      :      0.45s CPU      0.52s WALL (     767 calls)


     cgsolve      :     37.06s CPU     39.72s WALL (   12272 calls)
     ch_psi       :     35.63s CPU     38.18s WALL (  154621 calls)

     ch_psi       :     35.63s CPU     38.18s WALL (  154621 calls)
     h_psi        :     34.69s CPU     37.15s WALL (  157337 calls)
     last         :      1.49s CPU      1.60s WALL (  154621 calls)

     h_psi        :     34.69s CPU     37.15s WALL (  157337 calls)
     add_vuspsi   :      2.75s CPU      2.95s WALL (  157337 calls)

     incdrhoscf   :      2.66s CPU      2.83s WALL (   12272 calls)
                                        0.00s GPU  (   12272 calls)


      General routines
     calbec       :      3.02s CPU      3.24s WALL (  157337 calls)
     fft          :      0.25s CPU      0.26s WALL (    3875 calls)
     ffts         :      0.02s CPU      0.03s WALL (     640 calls)
     fftw         :     30.32s CPU     32.46s WALL ( 1374700 calls)
     davcio       :      0.53s CPU      0.64s WALL (   68996 calls)


     KCW          :     45.39s CPU     48.75s WALL


   This run was terminated on:  20:34:35  16Sep2025            

=------------------------------------------------------------------------------=
   JOB DONE.
=------------------------------------------------------------------------------=
