
     =--------------------------------------------------------------------------------=
                      :::    :::           ::::::::         :::       ::: 
                     :+:   :+:           :+:    :+:        :+:       :+:  
                    +:+  +:+            +:+               +:+       +:+   
                   +#++:++             +#+               +#+  +:+  +#+    
                  +#+  +#+            +#+               +#+ +#+#+ +#+     
                 #+#   #+#           #+#    #+#         #+#+# #+#+#       
                ###    ###           ########           ###   ###         

       Koopmans functional implementation based on DFPT; please cite this program as

        N.Colonna, R. De Gennaro, E. Linscott, and N. Marzari, JCTC 18, 5435 (2022) 

                                                                                    

       If you use the non-collinear mode (with/without spin-orbit coupling) please cite

        A. Marrazzo and N. Colonna, Phys. Rev. Research 6, 033085 (2024)  
     =--------------------------------------------------------------------------------=

     Program KCW v.7.5 starts on 16Sep2025 at 20:36:50 
        Git branch: develop
        Last git commit: 7e86c4d7f8b367fcfbff0156d653f13ca55b1b03-dirty
        Last git commit date: Tue Sep 16 17:33:36 2025 +0000
        Last git commit subject: Merge branch 'vhpsi' into 'develop'

     This program is part of the open-source Quantum ESPRESSO suite
     for quantum simulation of materials; please cite
         "P. Giannozzi et al., J. Phys.:Condens. Matter 21 395502 (2009);
         "P. Giannozzi et al., J. Phys.:Condens. Matter 29 465901 (2017);
         "P. Giannozzi et al., J. Chem. Phys. 152 154105 (2020);
          URL http://www.quantum-espresso.org", 
     in publications or presentations arising from this work. More details at
     http://www.quantum-espresso.org/quote

     Parallel version (MPI), running on     4 processors

     MPI processes distributed on     1 nodes
     R & G space division:  proc/nbgrp/npool/nimage =       4
     4875 MiB available memory on the printing compute node when the environment starts


     KCW INPUT SUMMARY 
     ============================================

      CONTROL 
       # title               =KCW Silicon screen
       # out_dir             =/home/nicola/CODES
       # prefix              =                Si
       # calculation         =            screen
       # kcw_iverbosity      =                 2
       # kcw_at_ks           =                 F
       # MP grid             =     2     2     2
       # spin_component      =                 1
       # homo_only           =                 F
       # read_unitary_matrix =                 T
       # check_ks            =                 T
       # l_vcut              =                 F
       # assume_isolated     =              none
       # io_sp               =                 F
       # io_real_space       =                 F
       # irr_bz              =                 F
           # use_wct         =                 F

      WANNIER 
       # seedname            =                Si
       # num_wann_occ        =                 8
       # num_wann_emp        =                 8
       # have_empty          =                 T
       # has_disentangle     =                 T
       # l_unique_manifold   =                 F

      SCREEN 
       # lrpa                =                 F
       # tr2                 =        0.1000E-17
       # niter               =                33
       # nmix                =                 4
       # eps_inf             =        0.1000E+01
       # check_spread        =                 F
     ============================================

     INFO: Reading pwscf data

     Reading xml data from directory:

     /home/nicola/CODES/q-e-kcw/tempdir/Si.save/

     IMPORTANT: XC functional enforced from input :
     Exchange-correlation= PW
                           (   1   4   0   0   0   0   0)
     Any further DFT definition will be discarded
     Please, verify this is what you really want


     Parallelization info
     --------------------
     sticks:   dense  smooth     PW     G-vecs:    dense   smooth      PW
     Min          73      73     22                  821      821     152
     Max          74      74     23                  823      823     153
     Sum         295     295     91                 3287     3287     609

     Using Slab Decomposition

     Reading collected, re-writing distributed wavefunctions
     Message from routine kcw_readin:
     Non-collinear KCW calculation.

     INFO: Buffer for KS wfcs, OPENED

     INFO: Optimal Matrix READ

     INFO: total number of Wannier functions   16

     INFO: Unitary matrix, READ from file

     INFO: Buffer for WF rho, OPENED

     INFO: Coulomb q+G=0 treatment:
     INFO: Divergence            none    
     INFO: q-grid dimension         2   2   2
     INFO: cell volume               270.256360799503
     INFO: Gamma Extrapolation       F
     INFO: extrapolation q->0 term not estimated
     INFO: Bare Coulomb q+G=0            0.00000E+00

     INFO: READING Wannier-orbital Densities ...

        ==============================================================================
        iq =     1
        The  Wannier density at  q =    0.0000000   0.0000000   0.0000000  [Cart ]
        The  Wannier density at  q =    0.0000000   0.0000000   0.0000000  [Cryst]
        ==============================================================================


        ==============================================================================
        iq =     2
        The  Wannier density at  q =   -0.5000000   0.5000000  -0.5000000  [Cart ]
        The  Wannier density at  q =    0.0000000   0.0000000   0.5000000  [Cryst]
        ==============================================================================


        ==============================================================================
        iq =     3
        The  Wannier density at  q =    0.5000000   0.5000000   0.5000000  [Cart ]
        The  Wannier density at  q =    0.0000000   0.5000000   0.0000000  [Cryst]
        ==============================================================================


        ==============================================================================
        iq =     4
        The  Wannier density at  q =    0.0000000   1.0000000   0.0000000  [Cart ]
        The  Wannier density at  q =    0.0000000   0.5000000   0.5000000  [Cryst]
        ==============================================================================


        ==============================================================================
        iq =     5
        The  Wannier density at  q =   -0.5000000  -0.5000000   0.5000000  [Cart ]
        The  Wannier density at  q =    0.5000000   0.0000000   0.0000000  [Cryst]
        ==============================================================================


        ==============================================================================
        iq =     6
        The  Wannier density at  q =   -1.0000000   0.0000000   0.0000000  [Cart ]
        The  Wannier density at  q =    0.5000000   0.0000000   0.5000000  [Cryst]
        ==============================================================================


        ==============================================================================
        iq =     7
        The  Wannier density at  q =    0.0000000   0.0000000   1.0000000  [Cart ]
        The  Wannier density at  q =    0.5000000   0.5000000   0.0000000  [Cryst]
        ==============================================================================


        ==============================================================================
        iq =     8
        The  Wannier density at  q =   -0.5000000   0.5000000   0.5000000  [Cart ]
        The  Wannier density at  q =    0.5000000   0.5000000   0.5000000  [Cryst]
        ==============================================================================

     INFO: total number of wannier to compute   16 from     1 to    16

     INFO: PREPARING THE KCW CALCULATION ... DONE




     INFO: LR CALCULATION ...

        INFO: nbnd REDIFINED   40 -->    11


     ==============================================================================
     Calculation of q =    0.0000000   0.0000000   0.0000000  [Cart ]
     Calculation of q =    0.0000000   0.0000000   0.0000000  [Cryst]
     ==============================================================================

        INFO: prepare_q DONE

        INFO: rhowan_q(r) RETRIEVED

     Subspace diagonalization in iterative solution of the eigenvalue problem:
     a serial algorithm will be used


     Parallelization info
     --------------------
     sticks:   dense  smooth     PW     G-vecs:    dense   smooth      PW
     Min          73      73     22                  821      821     152
     Max          74      74     23                  823      823     153
     Sum         295     295     91                 3287     3287     609

     Using Slab Decomposition


     Title: 
     KCW Silicon screen                                                         


     bravais-lattice index     =            2
     lattice parameter (alat)  =      10.2631  a.u.
     unit-cell volume          =     270.2564 (a.u.)^3
     number of atoms/cell      =            2
     number of atomic types    =            1
     number of electrons       =         8.00
     number of Kohn-Sham states=           11
     kinetic-energy cutoff     =      20.0000  Ry
     charge density cutoff     =      80.0000  Ry
     Exchange-correlation= PW
                           (   1   4   0   0   0   0   0)
     Noncollinear calculation with spin-orbit


     celldm(1)=  10.263102  celldm(2)=   0.000000  celldm(3)=   0.000000
     celldm(4)=   0.000000  celldm(5)=   0.000000  celldm(6)=   0.000000

     crystal axes: (cart. coord. in units of alat)
               a(1) = (  -0.500000   0.000000   0.500000 )  
               a(2) = (   0.000000   0.500000   0.500000 )  
               a(3) = (  -0.500000   0.500000   0.000000 )  

     reciprocal axes: (cart. coord. in units 2 pi/alat)
               b(1) = ( -1.000000 -1.000000  1.000000 )  
               b(2) = (  1.000000  1.000000  1.000000 )  
               b(3) = ( -1.000000  1.000000 -1.000000 )  


     PseudoPot. # 1 for Si read from file:
     /home/nicola/CODES/q-e-kcw/pseudo/Si_Dojo_LDA_FR.UPF
     MD5 check sum: fa6905a911cf8388f5aa69a93393adea
     Pseudo is Norm-conserving + core correction, Zval =  4.0
     Generated using ONCVPSP code by D. R. Hamann
     Using radial grid of 1510 points, 10 beta functions with: 
                l(1) =   0
                l(2) =   0
                l(3) =   1
                l(4) =   1
                l(5) =   1
                l(6) =   1
                l(7) =   2
                l(8) =   2
                l(9) =   2
               l(10) =   2

     atomic species   valence    mass     pseudopotential
     Si                4.00    28.08500     Si( 1.00)

     No symmetry found



   Cartesian axes

     site n.     atom                  positions (alat units)
         1        Si     tau(   1) = (   0.0000000   0.0000000   0.0000000  )
         2        Si     tau(   2) = (  -0.2500000   0.2500000   0.2500000  )

     number of k points=    16
                       cart. coord. in units 2pi/alat
        k(    1) = (   0.0000000   0.0000000   0.0000000), wk =   0.1250000
        k(    2) = (  -0.0000000  -0.0000000  -0.0000000), wk =   0.0000000
        k(    3) = (  -0.5000000   0.5000000  -0.5000000), wk =   0.1250000
        k(    4) = (   0.5000000  -0.5000000   0.5000000), wk =   0.0000000
        k(    5) = (   0.5000000   0.5000000   0.5000000), wk =   0.1250000
        k(    6) = (  -0.5000000  -0.5000000  -0.5000000), wk =   0.0000000
        k(    7) = (   0.0000000   1.0000000   0.0000000), wk =   0.1250000
        k(    8) = (  -0.0000000  -1.0000000  -0.0000000), wk =   0.0000000
        k(    9) = (  -0.5000000  -0.5000000   0.5000000), wk =   0.1250000
        k(   10) = (   0.5000000   0.5000000  -0.5000000), wk =   0.0000000
        k(   11) = (  -1.0000000   0.0000000   0.0000000), wk =   0.1250000
        k(   12) = (   1.0000000  -0.0000000  -0.0000000), wk =   0.0000000
        k(   13) = (   0.0000000   0.0000000   1.0000000), wk =   0.1250000
        k(   14) = (  -0.0000000  -0.0000000  -1.0000000), wk =   0.0000000
        k(   15) = (  -0.5000000   0.5000000   0.5000000), wk =   0.1250000
        k(   16) = (   0.5000000  -0.5000000  -0.5000000), wk =   0.0000000

     Dense  grid:     3287 G-vectors     FFT dimensions: (  24,  24,  24)

     Estimated max dynamical RAM per process >       3.18 MB

     Estimated total dynamical RAM >      12.72 MB

     The potential is recalculated from file :
     /home/nicola/CODES/q-e-kcw/tempdir/kcw/q1/Si.save/charge-density

     Starting wfcs are   16 atomic wfcs

     Band Structure Calculation
     Davidson diagonalization with overlap

     ethr =  1.25E-10,  avg # of iterations = 10.6

     total cpu time spent up to now is       -1.0 secs

     End of band structure calculation

          k = 0.0000 0.0000 0.0000 (   411 PWs)   bands (ev):

    -5.7047  -5.7047   6.3115   6.3115   6.3611   6.3611   6.3611   6.3611
     8.7146   8.7146   8.7504

          k =-0.0000-0.0000-0.0000 (   411 PWs)   bands (ev):

    -5.7047  -5.7047   6.3115   6.3115   6.3611   6.3611   6.3611   6.3611
     8.7146   8.7146   8.7504

          k =-0.5000 0.5000-0.5000 (   410 PWs)   bands (ev):

    -3.3363  -3.3363  -0.7601  -0.7601   5.0942   5.0942   5.1269   5.1269
     7.6784   7.6784   9.4869

          k = 0.5000-0.5000 0.5000 (   410 PWs)   bands (ev):

    -3.3363  -3.3363  -0.7601  -0.7601   5.0942   5.0942   5.1269   5.1269
     7.6784   7.6784   9.4869

          k = 0.5000 0.5000 0.5000 (   410 PWs)   bands (ev):

    -3.3363  -3.3363  -0.7601  -0.7601   5.0942   5.0942   5.1269   5.1269
     7.6784   7.6784   9.4869

          k =-0.5000-0.5000-0.5000 (   410 PWs)   bands (ev):

    -3.3363  -3.3363  -0.7601  -0.7601   5.0942   5.0942   5.1269   5.1269
     7.6784   7.6784   9.4869

          k = 0.0000 1.0000 0.0000 (   412 PWs)   bands (ev):

    -1.5308  -1.5308  -1.5308  -1.5308   3.4058   3.4058   3.4058   3.4058
     6.7665   6.7665   6.7665

          k =-0.0000-1.0000-0.0000 (   412 PWs)   bands (ev):

    -1.5308  -1.5308  -1.5308  -1.5308   3.4058   3.4058   3.4058   3.4058
     6.7665   6.7665   6.7665

          k =-0.5000-0.5000 0.5000 (   410 PWs)   bands (ev):

    -3.3363  -3.3363  -0.7601  -0.7601   5.0942   5.0942   5.1269   5.1269
     7.6784   7.6784   9.4869

          k = 0.5000 0.5000-0.5000 (   410 PWs)   bands (ev):

    -3.3363  -3.3363  -0.7601  -0.7601   5.0942   5.0942   5.1269   5.1269
     7.6784   7.6784   9.4869

          k =-1.0000 0.0000 0.0000 (   412 PWs)   bands (ev):

    -1.5308  -1.5308  -1.5308  -1.5308   3.4058   3.4058   3.4058   3.4058
     6.7665   6.7665   6.7665

          k = 1.0000-0.0000-0.0000 (   412 PWs)   bands (ev):

    -1.5308  -1.5308  -1.5308  -1.5308   3.4058   3.4058   3.4058   3.4058
     6.7665   6.7665   6.7665

          k = 0.0000 0.0000 1.0000 (   412 PWs)   bands (ev):

    -1.5308  -1.5308  -1.5308  -1.5308   3.4058   3.4058   3.4058   3.4058
     6.7665   6.7665   6.7665

          k =-0.0000-0.0000-1.0000 (   412 PWs)   bands (ev):

    -1.5308  -1.5308  -1.5308  -1.5308   3.4058   3.4058   3.4058   3.4058
     6.7665   6.7665   6.7665

          k =-0.5000 0.5000 0.5000 (   410 PWs)   bands (ev):

    -3.3363  -3.3363  -0.7601  -0.7601   5.0942   5.0942   5.1269   5.1269
     7.6784   7.6784   9.4869

          k = 0.5000-0.5000-0.5000 (   410 PWs)   bands (ev):

    -3.3363  -3.3363  -0.7601  -0.7601   5.0942   5.0942   5.1269   5.1269
     7.6784   7.6784   9.4869

     highest occupied, lowest unoccupied level (ev):     6.3611    6.7665

     Writing all to output data dir /home/nicola/CODES/q-e-kcw/tempdir/kcw/q1/Si.save/ :
     XML data file, pseudopotentials, collected wavefunctions

        INFO: NSCF calculation DONE

        INFO: kcw_q initialization DONE

        DEBUG: check 1 =       0.296015E-01

        DEBUG: check 2 =      -0.324865E-13

        DEBUG: check 3 =      -0.105381E-12

        DEBUG: check 4 =      -0.129240E-13

        DEBUG: rho component (range 1-4)= 1

        DEBUG: \int dr [rho - rho_PWSCF] =      -0.939599E-13

        DEBUG: rho component (range 1-4)= 2

        DEBUG: \int dr [rho - rho_PWSCF] =      -0.504636E-14

        DEBUG: rho component (range 1-4)= 3

        DEBUG: \int dr [rho - rho_PWSCF] =      -0.921190E-13

        DEBUG: rho component (range 1-4)= 4

        DEBUG: \int dr [rho - rho_PWSCF] =      -0.255274E-13


        Start LR calculation for the wannier #  1   iq =  1   spin =  1

        SYM : iwann=     1 iq =     1 weight =   0.12500000

      iter #   1 total cpu time :     1.4 secs   av.it.:  10.8
      thresh= 1.000E-06 alpha_mix =  0.700 |ddv_scf|^2 =  3.088E-09

      iter #   2 total cpu time :     1.9 secs   av.it.:  10.2
      thresh= 5.557E-07 alpha_mix =  0.700 |ddv_scf|^2 =  2.629E-11

      iter #   3 total cpu time :     2.4 secs   av.it.:  10.8
      thresh= 5.128E-08 alpha_mix =  0.700 |ddv_scf|^2 =  2.771E-13

      iter #   4 total cpu time :     3.0 secs   av.it.:  11.5
      thresh= 5.264E-09 alpha_mix =  0.700 |ddv_scf|^2 =  2.939E-14

      iter #   5 total cpu time :     3.5 secs   av.it.:  12.0
      thresh= 1.714E-09 alpha_mix =  0.700 |ddv_scf|^2 =  1.721E-16

      iter #   6 total cpu time :     4.1 secs   av.it.:  12.0
      thresh= 1.312E-10 alpha_mix =  0.700 |ddv_scf|^2 =  6.665E-18

      iter #   7 total cpu time :     4.6 secs   av.it.:  12.1
      thresh= 2.582E-11 alpha_mix =  0.700 |ddv_scf|^2 =  1.841E-19

        iq =   1   iwann =   1   rPi_q =     0.00414143    -0.00000000   uPi_q =     0.01276363    -0.00000000   SH_q =     0.01448026     0.00000000

        Start LR calculation for the wannier #  2   iq =  1   spin =  1

        SYM : iwann=     2 iq =     1 weight =   0.12500000

      iter #   1 total cpu time :     5.1 secs   av.it.:  10.8
      thresh= 1.000E-06 alpha_mix =  0.700 |ddv_scf|^2 =  3.088E-09

      iter #   2 total cpu time :     5.6 secs   av.it.:  10.2
      thresh= 5.557E-07 alpha_mix =  0.700 |ddv_scf|^2 =  2.629E-11

      iter #   3 total cpu time :     6.1 secs   av.it.:  10.8
      thresh= 5.128E-08 alpha_mix =  0.700 |ddv_scf|^2 =  2.771E-13

      iter #   4 total cpu time :     6.7 secs   av.it.:  11.5
      thresh= 5.264E-09 alpha_mix =  0.700 |ddv_scf|^2 =  2.939E-14

      iter #   5 total cpu time :     7.3 secs   av.it.:  12.0
      thresh= 1.714E-09 alpha_mix =  0.700 |ddv_scf|^2 =  1.721E-16

      iter #   6 total cpu time :     7.9 secs   av.it.:  12.0
      thresh= 1.312E-10 alpha_mix =  0.700 |ddv_scf|^2 =  6.665E-18

      iter #   7 total cpu time :     8.4 secs   av.it.:  12.1
      thresh= 2.582E-11 alpha_mix =  0.700 |ddv_scf|^2 =  1.841E-19

        iq =   1   iwann =   2   rPi_q =     0.00414144    -0.00000000   uPi_q =     0.01276363    -0.00000000   SH_q =     0.01448026    -0.00000000

        Start LR calculation for the wannier #  3   iq =  1   spin =  1

        SYM : iwann=     3 iq =     1 weight =   0.12500000

      iter #   1 total cpu time :     8.9 secs   av.it.:  10.4
      thresh= 1.000E-06 alpha_mix =  0.700 |ddv_scf|^2 =  3.088E-09

      iter #   2 total cpu time :     9.4 secs   av.it.:  10.2
      thresh= 5.557E-07 alpha_mix =  0.700 |ddv_scf|^2 =  2.629E-11

      iter #   3 total cpu time :     9.9 secs   av.it.:  10.6
      thresh= 5.128E-08 alpha_mix =  0.700 |ddv_scf|^2 =  2.769E-13

      iter #   4 total cpu time :    10.4 secs   av.it.:  11.5
      thresh= 5.262E-09 alpha_mix =  0.700 |ddv_scf|^2 =  2.933E-14

      iter #   5 total cpu time :    10.9 secs   av.it.:  11.6
      thresh= 1.713E-09 alpha_mix =  0.700 |ddv_scf|^2 =  1.673E-16

      iter #   6 total cpu time :    11.5 secs   av.it.:  12.1
      thresh= 1.293E-10 alpha_mix =  0.700 |ddv_scf|^2 =  6.454E-18

      iter #   7 total cpu time :    12.0 secs   av.it.:  12.0
      thresh= 2.540E-11 alpha_mix =  0.700 |ddv_scf|^2 =  1.811E-19

        iq =   1   iwann =   3   rPi_q =     0.00413980    -0.00000000   uPi_q =     0.01276143    -0.00000000   SH_q =     0.01448026     0.00000000

        Start LR calculation for the wannier #  4   iq =  1   spin =  1

        SYM : iwann=     4 iq =     1 weight =   0.12500000

      iter #   1 total cpu time :    12.5 secs   av.it.:  10.4
      thresh= 1.000E-06 alpha_mix =  0.700 |ddv_scf|^2 =  3.088E-09

      iter #   2 total cpu time :    13.0 secs   av.it.:  10.2
      thresh= 5.557E-07 alpha_mix =  0.700 |ddv_scf|^2 =  2.629E-11

      iter #   3 total cpu time :    13.4 secs   av.it.:  10.6
      thresh= 5.128E-08 alpha_mix =  0.700 |ddv_scf|^2 =  2.769E-13

      iter #   4 total cpu time :    14.0 secs   av.it.:  11.5
      thresh= 5.262E-09 alpha_mix =  0.700 |ddv_scf|^2 =  2.933E-14

      iter #   5 total cpu time :    14.5 secs   av.it.:  11.6
      thresh= 1.713E-09 alpha_mix =  0.700 |ddv_scf|^2 =  1.673E-16

      iter #   6 total cpu time :    15.0 secs   av.it.:  12.0
      thresh= 1.293E-10 alpha_mix =  0.700 |ddv_scf|^2 =  6.454E-18

      iter #   7 total cpu time :    15.6 secs   av.it.:  12.0
      thresh= 2.540E-11 alpha_mix =  0.700 |ddv_scf|^2 =  1.811E-19

        iq =   1   iwann =   4   rPi_q =     0.00413980    -0.00000000   uPi_q =     0.01276143     0.00000000   SH_q =     0.01448026    -0.00000000

        Start LR calculation for the wannier #  5   iq =  1   spin =  1

        SYM : iwann=     5 iq =     1 weight =   0.12500000

      iter #   1 total cpu time :    16.1 secs   av.it.:  11.1
      thresh= 1.000E-06 alpha_mix =  0.700 |ddv_scf|^2 =  3.088E-09

      iter #   2 total cpu time :    16.6 secs   av.it.:  10.2
      thresh= 5.557E-07 alpha_mix =  0.700 |ddv_scf|^2 =  2.629E-11

      iter #   3 total cpu time :    17.1 secs   av.it.:  11.0
      thresh= 5.128E-08 alpha_mix =  0.700 |ddv_scf|^2 =  2.775E-13

      iter #   4 total cpu time :    17.6 secs   av.it.:  11.5
      thresh= 5.268E-09 alpha_mix =  0.700 |ddv_scf|^2 =  2.944E-14

      iter #   5 total cpu time :    18.1 secs   av.it.:  11.9
      thresh= 1.716E-09 alpha_mix =  0.700 |ddv_scf|^2 =  1.686E-16

      iter #   6 total cpu time :    18.7 secs   av.it.:  12.1
      thresh= 1.299E-10 alpha_mix =  0.700 |ddv_scf|^2 =  6.500E-18

      iter #   7 total cpu time :    19.2 secs   av.it.:  12.1
      thresh= 2.549E-11 alpha_mix =  0.700 |ddv_scf|^2 =  1.815E-19

        iq =   1   iwann =   5   rPi_q =     0.00414033     0.00000000   uPi_q =     0.01276178    -0.00000000   SH_q =     0.01448026    -0.00000000

        Start LR calculation for the wannier #  6   iq =  1   spin =  1

        SYM : iwann=     6 iq =     1 weight =   0.12500000

      iter #   1 total cpu time :    19.7 secs   av.it.:  11.1
      thresh= 1.000E-06 alpha_mix =  0.700 |ddv_scf|^2 =  3.088E-09

      iter #   2 total cpu time :    20.2 secs   av.it.:  10.2
      thresh= 5.557E-07 alpha_mix =  0.700 |ddv_scf|^2 =  2.629E-11

      iter #   3 total cpu time :    20.6 secs   av.it.:  11.0
      thresh= 5.128E-08 alpha_mix =  0.700 |ddv_scf|^2 =  2.775E-13

      iter #   4 total cpu time :    21.2 secs   av.it.:  11.5
      thresh= 5.268E-09 alpha_mix =  0.700 |ddv_scf|^2 =  2.944E-14

      iter #   5 total cpu time :    21.7 secs   av.it.:  11.9
      thresh= 1.716E-09 alpha_mix =  0.700 |ddv_scf|^2 =  1.686E-16

      iter #   6 total cpu time :    22.2 secs   av.it.:  12.1
      thresh= 1.299E-10 alpha_mix =  0.700 |ddv_scf|^2 =  6.500E-18

      iter #   7 total cpu time :    22.8 secs   av.it.:  12.1
      thresh= 2.549E-11 alpha_mix =  0.700 |ddv_scf|^2 =  1.815E-19

        iq =   1   iwann =   6   rPi_q =     0.00414034     0.00000000   uPi_q =     0.01276178    -0.00000000   SH_q =     0.01448026    -0.00000000

        Start LR calculation for the wannier #  7   iq =  1   spin =  1

        SYM : iwann=     7 iq =     1 weight =   0.12500000

      iter #   1 total cpu time :    23.3 secs   av.it.:  11.2
      thresh= 1.000E-06 alpha_mix =  0.700 |ddv_scf|^2 =  3.088E-09

      iter #   2 total cpu time :    23.8 secs   av.it.:  10.2
      thresh= 5.557E-07 alpha_mix =  0.700 |ddv_scf|^2 =  2.629E-11

      iter #   3 total cpu time :    24.2 secs   av.it.:  11.5
      thresh= 5.128E-08 alpha_mix =  0.700 |ddv_scf|^2 =  2.773E-13

      iter #   4 total cpu time :    24.8 secs   av.it.:  12.1
      thresh= 5.266E-09 alpha_mix =  0.700 |ddv_scf|^2 =  2.942E-14

      iter #   5 total cpu time :    25.3 secs   av.it.:  12.2
      thresh= 1.715E-09 alpha_mix =  0.700 |ddv_scf|^2 =  1.730E-16

      iter #   6 total cpu time :    25.8 secs   av.it.:  12.1
      thresh= 1.315E-10 alpha_mix =  0.700 |ddv_scf|^2 =  6.707E-18

      iter #   7 total cpu time :    26.4 secs   av.it.:  12.1
      thresh= 2.590E-11 alpha_mix =  0.700 |ddv_scf|^2 =  1.848E-19

        iq =   1   iwann =   7   rPi_q =     0.00415049     0.00000000   uPi_q =     0.01277218    -0.00000000   SH_q =     0.01448026    -0.00000000

        Start LR calculation for the wannier #  8   iq =  1   spin =  1

        SYM : iwann=     8 iq =     1 weight =   0.12500000

      iter #   1 total cpu time :    26.9 secs   av.it.:  11.2
      thresh= 1.000E-06 alpha_mix =  0.700 |ddv_scf|^2 =  3.088E-09

      iter #   2 total cpu time :    27.3 secs   av.it.:  10.2
      thresh= 5.557E-07 alpha_mix =  0.700 |ddv_scf|^2 =  2.629E-11

      iter #   3 total cpu time :    27.8 secs   av.it.:  11.5
      thresh= 5.128E-08 alpha_mix =  0.700 |ddv_scf|^2 =  2.773E-13

      iter #   4 total cpu time :    28.3 secs   av.it.:  12.1
      thresh= 5.266E-09 alpha_mix =  0.700 |ddv_scf|^2 =  2.942E-14

      iter #   5 total cpu time :    28.9 secs   av.it.:  12.2
      thresh= 1.715E-09 alpha_mix =  0.700 |ddv_scf|^2 =  1.730E-16

      iter #   6 total cpu time :    29.4 secs   av.it.:  12.1
      thresh= 1.315E-10 alpha_mix =  0.700 |ddv_scf|^2 =  6.707E-18

      iter #   7 total cpu time :    29.9 secs   av.it.:  12.1
      thresh= 2.590E-11 alpha_mix =  0.700 |ddv_scf|^2 =  1.848E-19

        iq =   1   iwann =   8   rPi_q =     0.00415049     0.00000000   uPi_q =     0.01277218    -0.00000000   SH_q =     0.01448026     0.00000000

        Start LR calculation for the wannier #  9   iq =  1   spin =  1

        SYM : iwann=     9 iq =     1 weight =   0.12500000

      iter #   1 total cpu time :    30.4 secs   av.it.:  10.5
      thresh= 1.000E-06 alpha_mix =  0.700 |ddv_scf|^2 =  2.064E-10

      iter #   2 total cpu time :    30.9 secs   av.it.:  10.8
      thresh= 1.437E-07 alpha_mix =  0.700 |ddv_scf|^2 =  1.370E-12

      iter #   3 total cpu time :    31.4 secs   av.it.:  11.8
      thresh= 1.170E-08 alpha_mix =  0.700 |ddv_scf|^2 =  1.078E-13

      iter #   4 total cpu time :    31.9 secs   av.it.:  12.1
      thresh= 3.283E-09 alpha_mix =  0.700 |ddv_scf|^2 =  1.326E-15

      iter #   5 total cpu time :    32.4 secs   av.it.:  12.4
      thresh= 3.642E-10 alpha_mix =  0.700 |ddv_scf|^2 =  5.584E-17

      iter #   6 total cpu time :    33.0 secs   av.it.:  12.4
      thresh= 7.472E-11 alpha_mix =  0.700 |ddv_scf|^2 =  2.501E-18

      iter #   7 total cpu time :    33.5 secs   av.it.:  12.5
      thresh= 1.582E-11 alpha_mix =  0.700 |ddv_scf|^2 =  4.418E-19

        iq =   1   iwann =   9   rPi_q =    -0.00622727    -0.00000000   uPi_q =    -0.00503987    -0.00000000   SH_q =     0.00203995     0.00000000

        Start LR calculation for the wannier # 10   iq =  1   spin =  1

        SYM : iwann=    10 iq =     1 weight =   0.12500000

      iter #   1 total cpu time :    34.0 secs   av.it.:  10.5
      thresh= 1.000E-06 alpha_mix =  0.700 |ddv_scf|^2 =  2.064E-10

      iter #   2 total cpu time :    34.5 secs   av.it.:  11.0
      thresh= 1.437E-07 alpha_mix =  0.700 |ddv_scf|^2 =  1.370E-12

      iter #   3 total cpu time :    35.0 secs   av.it.:  11.8
      thresh= 1.170E-08 alpha_mix =  0.700 |ddv_scf|^2 =  1.078E-13

      iter #   4 total cpu time :    35.5 secs   av.it.:  12.1
      thresh= 3.283E-09 alpha_mix =  0.700 |ddv_scf|^2 =  1.326E-15

      iter #   5 total cpu time :    36.1 secs   av.it.:  12.4
      thresh= 3.642E-10 alpha_mix =  0.700 |ddv_scf|^2 =  5.586E-17

      iter #   6 total cpu time :    36.6 secs   av.it.:  12.4
      thresh= 7.474E-11 alpha_mix =  0.700 |ddv_scf|^2 =  2.521E-18

      iter #   7 total cpu time :    37.1 secs   av.it.:  12.5
      thresh= 1.588E-11 alpha_mix =  0.700 |ddv_scf|^2 =  4.524E-19

        iq =   1   iwann =  10   rPi_q =    -0.00622727     0.00000000   uPi_q =    -0.00503987    -0.00000000   SH_q =     0.00203995    -0.00000000

        Start LR calculation for the wannier # 11   iq =  1   spin =  1

        SYM : iwann=    11 iq =     1 weight =   0.12500000

      iter #   1 total cpu time :    37.6 secs   av.it.:  10.5
      thresh= 1.000E-06 alpha_mix =  0.700 |ddv_scf|^2 =  2.066E-10

      iter #   2 total cpu time :    38.1 secs   av.it.:  10.8
      thresh= 1.437E-07 alpha_mix =  0.700 |ddv_scf|^2 =  1.403E-12

      iter #   3 total cpu time :    38.6 secs   av.it.:  11.6
      thresh= 1.185E-08 alpha_mix =  0.700 |ddv_scf|^2 =  1.131E-13

      iter #   4 total cpu time :    39.1 secs   av.it.:  12.1
      thresh= 3.363E-09 alpha_mix =  0.700 |ddv_scf|^2 =  1.332E-15

      iter #   5 total cpu time :    39.7 secs   av.it.:  12.4
      thresh= 3.649E-10 alpha_mix =  0.700 |ddv_scf|^2 =  5.643E-17

      iter #   6 total cpu time :    40.2 secs   av.it.:  12.4
      thresh= 7.512E-11 alpha_mix =  0.700 |ddv_scf|^2 =  2.522E-18

      iter #   7 total cpu time :    40.8 secs   av.it.:  12.5
      thresh= 1.588E-11 alpha_mix =  0.700 |ddv_scf|^2 =  4.438E-19

        iq =   1   iwann =  11   rPi_q =    -0.00625803    -0.00000000   uPi_q =    -0.00506611    -0.00000000   SH_q =     0.00203995    -0.00000000

        Start LR calculation for the wannier # 12   iq =  1   spin =  1

        SYM : iwann=    12 iq =     1 weight =   0.12500000

      iter #   1 total cpu time :    41.2 secs   av.it.:  10.5
      thresh= 1.000E-06 alpha_mix =  0.700 |ddv_scf|^2 =  2.066E-10

      iter #   2 total cpu time :    41.7 secs   av.it.:  11.0
      thresh= 1.437E-07 alpha_mix =  0.700 |ddv_scf|^2 =  1.403E-12

      iter #   3 total cpu time :    42.2 secs   av.it.:  11.6
      thresh= 1.185E-08 alpha_mix =  0.700 |ddv_scf|^2 =  1.131E-13

      iter #   4 total cpu time :    42.7 secs   av.it.:  12.1
      thresh= 3.363E-09 alpha_mix =  0.700 |ddv_scf|^2 =  1.332E-15

      iter #   5 total cpu time :    43.3 secs   av.it.:  12.4
      thresh= 3.649E-10 alpha_mix =  0.700 |ddv_scf|^2 =  5.647E-17

      iter #   6 total cpu time :    43.8 secs   av.it.:  12.4
      thresh= 7.515E-11 alpha_mix =  0.700 |ddv_scf|^2 =  2.554E-18

      iter #   7 total cpu time :    44.4 secs   av.it.:  12.5
      thresh= 1.598E-11 alpha_mix =  0.700 |ddv_scf|^2 =  4.608E-19

        iq =   1   iwann =  12   rPi_q =    -0.00625803    -0.00000000   uPi_q =    -0.00506611     0.00000000   SH_q =     0.00203995     0.00000000

        Start LR calculation for the wannier # 13   iq =  1   spin =  1

        SYM : iwann=    13 iq =     1 weight =   0.12500000

      iter #   1 total cpu time :    44.8 secs   av.it.:  10.8
      thresh= 1.000E-06 alpha_mix =  0.700 |ddv_scf|^2 =  2.065E-10

      iter #   2 total cpu time :    45.3 secs   av.it.:  10.8
      thresh= 1.437E-07 alpha_mix =  0.700 |ddv_scf|^2 =  1.384E-12

      iter #   3 total cpu time :    45.8 secs   av.it.:  11.8
      thresh= 1.176E-08 alpha_mix =  0.700 |ddv_scf|^2 =  1.103E-13

      iter #   4 total cpu time :    46.4 secs   av.it.:  12.1
      thresh= 3.320E-09 alpha_mix =  0.700 |ddv_scf|^2 =  1.345E-15

      iter #   5 total cpu time :    46.9 secs   av.it.:  12.2
      thresh= 3.667E-10 alpha_mix =  0.700 |ddv_scf|^2 =  5.739E-17

      iter #   6 total cpu time :    47.4 secs   av.it.:  12.4
      thresh= 7.576E-11 alpha_mix =  0.700 |ddv_scf|^2 =  2.612E-18

      iter #   7 total cpu time :    48.0 secs   av.it.:  12.6
      thresh= 1.616E-11 alpha_mix =  0.700 |ddv_scf|^2 =  4.740E-19

        iq =   1   iwann =  13   rPi_q =    -0.00624027    -0.00000000   uPi_q =    -0.00505179     0.00000000   SH_q =     0.00203995     0.00000000

        Start LR calculation for the wannier # 14   iq =  1   spin =  1

        SYM : iwann=    14 iq =     1 weight =   0.12500000

      iter #   1 total cpu time :    48.5 secs   av.it.:  10.8
      thresh= 1.000E-06 alpha_mix =  0.700 |ddv_scf|^2 =  2.065E-10

      iter #   2 total cpu time :    48.9 secs   av.it.:  11.0
      thresh= 1.437E-07 alpha_mix =  0.700 |ddv_scf|^2 =  1.384E-12

      iter #   3 total cpu time :    49.5 secs   av.it.:  11.8
      thresh= 1.176E-08 alpha_mix =  0.700 |ddv_scf|^2 =  1.103E-13

      iter #   4 total cpu time :    50.0 secs   av.it.:  12.1
      thresh= 3.320E-09 alpha_mix =  0.700 |ddv_scf|^2 =  1.345E-15

      iter #   5 total cpu time :    50.5 secs   av.it.:  12.2
      thresh= 3.667E-10 alpha_mix =  0.700 |ddv_scf|^2 =  5.739E-17

      iter #   6 total cpu time :    51.0 secs   av.it.:  12.4
      thresh= 7.576E-11 alpha_mix =  0.700 |ddv_scf|^2 =  2.609E-18

      iter #   7 total cpu time :    51.6 secs   av.it.:  12.6
      thresh= 1.615E-11 alpha_mix =  0.700 |ddv_scf|^2 =  4.722E-19

        iq =   1   iwann =  14   rPi_q =    -0.00624027     0.00000000   uPi_q =    -0.00505179    -0.00000000   SH_q =     0.00203995    -0.00000000

        Start LR calculation for the wannier # 15   iq =  1   spin =  1

        SYM : iwann=    15 iq =     1 weight =   0.12500000

      iter #   1 total cpu time :    52.1 secs   av.it.:  10.2
      thresh= 1.000E-06 alpha_mix =  0.700 |ddv_scf|^2 =  2.066E-10

      iter #   2 total cpu time :    52.5 secs   av.it.:  10.8
      thresh= 1.437E-07 alpha_mix =  0.700 |ddv_scf|^2 =  1.397E-12

      iter #   3 total cpu time :    53.0 secs   av.it.:  11.6
      thresh= 1.182E-08 alpha_mix =  0.700 |ddv_scf|^2 =  1.125E-13

      iter #   4 total cpu time :    53.6 secs   av.it.:  12.1
      thresh= 3.354E-09 alpha_mix =  0.700 |ddv_scf|^2 =  1.350E-15

      iter #   5 total cpu time :    54.1 secs   av.it.:  12.4
      thresh= 3.674E-10 alpha_mix =  0.700 |ddv_scf|^2 =  5.767E-17

      iter #   6 total cpu time :    54.6 secs   av.it.:  12.4
      thresh= 7.594E-11 alpha_mix =  0.700 |ddv_scf|^2 =  2.592E-18

      iter #   7 total cpu time :    55.2 secs   av.it.:  12.5
      thresh= 1.610E-11 alpha_mix =  0.700 |ddv_scf|^2 =  4.592E-19

        iq =   1   iwann =  15   rPi_q =    -0.00625239    -0.00000000   uPi_q =    -0.00506199    -0.00000000   SH_q =     0.00203995    -0.00000000

        Start LR calculation for the wannier # 16   iq =  1   spin =  1

        SYM : iwann=    16 iq =     1 weight =   0.12500000

      iter #   1 total cpu time :    55.6 secs   av.it.:  10.2
      thresh= 1.000E-06 alpha_mix =  0.700 |ddv_scf|^2 =  2.066E-10

      iter #   2 total cpu time :    56.1 secs   av.it.:  11.0
      thresh= 1.437E-07 alpha_mix =  0.700 |ddv_scf|^2 =  1.397E-12

      iter #   3 total cpu time :    56.6 secs   av.it.:  11.6
      thresh= 1.182E-08 alpha_mix =  0.700 |ddv_scf|^2 =  1.125E-13

      iter #   4 total cpu time :    57.2 secs   av.it.:  12.1
      thresh= 3.354E-09 alpha_mix =  0.700 |ddv_scf|^2 =  1.350E-15

      iter #   5 total cpu time :    57.8 secs   av.it.:  12.4
      thresh= 3.674E-10 alpha_mix =  0.700 |ddv_scf|^2 =  5.765E-17

      iter #   6 total cpu time :    58.4 secs   av.it.:  12.4
      thresh= 7.593E-11 alpha_mix =  0.700 |ddv_scf|^2 =  2.576E-18

      iter #   7 total cpu time :    59.0 secs   av.it.:  12.5
      thresh= 1.605E-11 alpha_mix =  0.700 |ddv_scf|^2 =  4.507E-19

        iq =   1   iwann =  16   rPi_q =    -0.00625239    -0.00000000   uPi_q =    -0.00506199    -0.00000000   SH_q =     0.00203995     0.00000000


     ==============================================================================
     Calculation of q =   -0.5000000   0.5000000  -0.5000000  [Cart ]
     Calculation of q =    0.0000000   0.0000000   0.5000000  [Cryst]
     ==============================================================================

        INFO: prepare_q DONE

        INFO: rhowan_q(r) RETRIEVED


     Parallelization info
     --------------------
     sticks:   dense  smooth     PW     G-vecs:    dense   smooth      PW
     Min          73      73     27                  821      821     186
     Max          74      74     28                  823      823     189
     Sum         295     295    109                 3287     3287     749

     Using Slab Decomposition


     Title: 
     KCW Silicon screen                                                         


     bravais-lattice index     =            2
     lattice parameter (alat)  =      10.2631  a.u.
     unit-cell volume          =     270.2564 (a.u.)^3
     number of atoms/cell      =            2
     number of atomic types    =            1
     number of electrons       =         8.00
     number of Kohn-Sham states=           11
     kinetic-energy cutoff     =      20.0000  Ry
     charge density cutoff     =      80.0000  Ry
     Exchange-correlation= PW
                           (   1   4   0   0   0   0   0)
     Noncollinear calculation with spin-orbit


     celldm(1)=  10.263102  celldm(2)=   0.000000  celldm(3)=   0.000000
     celldm(4)=   0.000000  celldm(5)=   0.000000  celldm(6)=   0.000000

     crystal axes: (cart. coord. in units of alat)
               a(1) = (  -0.500000   0.000000   0.500000 )  
               a(2) = (   0.000000   0.500000   0.500000 )  
               a(3) = (  -0.500000   0.500000   0.000000 )  

     reciprocal axes: (cart. coord. in units 2 pi/alat)
               b(1) = ( -1.000000 -1.000000  1.000000 )  
               b(2) = (  1.000000  1.000000  1.000000 )  
               b(3) = ( -1.000000  1.000000 -1.000000 )  


     PseudoPot. # 1 for Si read from file:
     /home/nicola/CODES/q-e-kcw/pseudo/Si_Dojo_LDA_FR.UPF
     MD5 check sum: fa6905a911cf8388f5aa69a93393adea
     Pseudo is Norm-conserving + core correction, Zval =  4.0
     Generated using ONCVPSP code by D. R. Hamann
     Using radial grid of 1510 points, 10 beta functions with: 
                l(1) =   0
                l(2) =   0
                l(3) =   1
                l(4) =   1
                l(5) =   1
                l(6) =   1
                l(7) =   2
                l(8) =   2
                l(9) =   2
               l(10) =   2

     atomic species   valence    mass     pseudopotential
     Si                4.00    28.08500     Si( 1.00)

     No symmetry found



   Cartesian axes

     site n.     atom                  positions (alat units)
         1        Si     tau(   1) = (   0.0000000   0.0000000   0.0000000  )
         2        Si     tau(   2) = (  -0.2500000   0.2500000   0.2500000  )

     number of k points=    32
                       cart. coord. in units 2pi/alat
        k(    1) = (   0.0000000   0.0000000   0.0000000), wk =   0.1250000
        k(    2) = (  -0.5000000   0.5000000  -0.5000000), wk =   0.0000000
        k(    3) = (  -0.0000000  -0.0000000  -0.0000000), wk =   0.0000000
        k(    4) = (   0.5000000  -0.5000000   0.5000000), wk =   0.0000000
        k(    5) = (  -0.5000000   0.5000000  -0.5000000), wk =   0.1250000
        k(    6) = (  -1.0000000   1.0000000  -1.0000000), wk =   0.0000000
        k(    7) = (   0.5000000  -0.5000000   0.5000000), wk =   0.0000000
        k(    8) = (   1.0000000  -1.0000000   1.0000000), wk =   0.0000000
        k(    9) = (   0.5000000   0.5000000   0.5000000), wk =   0.1250000
        k(   10) = (   0.0000000   1.0000000   0.0000000), wk =   0.0000000
        k(   11) = (  -0.5000000  -0.5000000  -0.5000000), wk =   0.0000000
        k(   12) = (   0.0000000  -1.0000000   0.0000000), wk =   0.0000000
        k(   13) = (   0.0000000   1.0000000   0.0000000), wk =   0.1250000
        k(   14) = (  -0.5000000   1.5000000  -0.5000000), wk =   0.0000000
        k(   15) = (  -0.0000000  -1.0000000  -0.0000000), wk =   0.0000000
        k(   16) = (   0.5000000  -1.5000000   0.5000000), wk =   0.0000000
        k(   17) = (  -0.5000000  -0.5000000   0.5000000), wk =   0.1250000
        k(   18) = (  -1.0000000   0.0000000   0.0000000), wk =   0.0000000
        k(   19) = (   0.5000000   0.5000000  -0.5000000), wk =   0.0000000
        k(   20) = (   1.0000000   0.0000000   0.0000000), wk =   0.0000000
        k(   21) = (  -1.0000000   0.0000000   0.0000000), wk =   0.1250000
        k(   22) = (  -1.5000000   0.5000000  -0.5000000), wk =   0.0000000
        k(   23) = (   1.0000000  -0.0000000  -0.0000000), wk =   0.0000000
        k(   24) = (   1.5000000  -0.5000000   0.5000000), wk =   0.0000000
        k(   25) = (   0.0000000   0.0000000   1.0000000), wk =   0.1250000
        k(   26) = (  -0.5000000   0.5000000   0.5000000), wk =   0.0000000
        k(   27) = (  -0.0000000  -0.0000000  -1.0000000), wk =   0.0000000
        k(   28) = (   0.5000000  -0.5000000  -0.5000000), wk =   0.0000000
        k(   29) = (  -0.5000000   0.5000000   0.5000000), wk =   0.1250000
        k(   30) = (  -1.0000000   1.0000000   0.0000000), wk =   0.0000000
        k(   31) = (   0.5000000  -0.5000000  -0.5000000), wk =   0.0000000
        k(   32) = (   1.0000000  -1.0000000   0.0000000), wk =   0.0000000

     Dense  grid:     3287 G-vectors     FFT dimensions: (  24,  24,  24)

     Estimated max dynamical RAM per process >       3.29 MB

     Estimated total dynamical RAM >      13.16 MB

     The potential is recalculated from file :
     /home/nicola/CODES/q-e-kcw/tempdir/kcw/q2/Si.save/charge-density

     Starting wfcs are   16 atomic wfcs

     Band Structure Calculation
     Davidson diagonalization with overlap

     ethr =  1.25E-10,  avg # of iterations = 10.6

     total cpu time spent up to now is       -1.0 secs

     End of band structure calculation

          k = 0.0000 0.0000 0.0000 (   411 PWs)   bands (ev):

    -5.7047  -5.7047   6.3115   6.3115   6.3611   6.3611   6.3611   6.3611
     8.7146   8.7146   8.7504

          k =-0.5000 0.5000-0.5000 (   410 PWs)   bands (ev):

    -3.3363  -3.3363  -0.7601  -0.7601   5.0942   5.0942   5.1269   5.1269
     7.6784   7.6784   9.4869

          k =-0.0000-0.0000-0.0000 (   411 PWs)   bands (ev):

    -5.7047  -5.7047   6.3115   6.3115   6.3611   6.3611   6.3611   6.3611
     8.7146   8.7146   8.7504

          k = 0.5000-0.5000 0.5000 (   410 PWs)   bands (ev):

    -3.3363  -3.3363  -0.7601  -0.7601   5.0942   5.0942   5.1269   5.1269
     7.6784   7.6784   9.4869

          k =-0.5000 0.5000-0.5000 (   410 PWs)   bands (ev):

    -3.3363  -3.3363  -0.7601  -0.7601   5.0942   5.0942   5.1269   5.1269
     7.6784   7.6784   9.4869

          k =-1.0000 1.0000-1.0000 (   411 PWs)   bands (ev):

    -5.7047  -5.7047   6.3115   6.3115   6.3611   6.3611   6.3611   6.3611
     8.7146   8.7146   8.7504

          k = 0.5000-0.5000 0.5000 (   410 PWs)   bands (ev):

    -3.3363  -3.3363  -0.7601  -0.7601   5.0942   5.0942   5.1269   5.1269
     7.6784   7.6784   9.4869

          k = 1.0000-1.0000 1.0000 (   411 PWs)   bands (ev):

    -5.7047  -5.7047   6.3115   6.3115   6.3611   6.3611   6.3611   6.3611
     8.7146   8.7146   8.7504

          k = 0.5000 0.5000 0.5000 (   410 PWs)   bands (ev):

    -3.3363  -3.3363  -0.7601  -0.7601   5.0942   5.0942   5.1269   5.1269
     7.6784   7.6784   9.4869

          k = 0.0000 1.0000 0.0000 (   412 PWs)   bands (ev):

    -1.5308  -1.5308  -1.5308  -1.5308   3.4058   3.4058   3.4058   3.4058
     6.7665   6.7665   6.7665

          k =-0.5000-0.5000-0.5000 (   410 PWs)   bands (ev):

    -3.3363  -3.3363  -0.7601  -0.7601   5.0942   5.0942   5.1269   5.1269
     7.6784   7.6784   9.4869

          k = 0.0000-1.0000 0.0000 (   412 PWs)   bands (ev):

    -1.5308  -1.5308  -1.5308  -1.5308   3.4058   3.4058   3.4058   3.4058
     6.7665   6.7665   6.7665

          k = 0.0000 1.0000 0.0000 (   412 PWs)   bands (ev):

    -1.5308  -1.5308  -1.5308  -1.5308   3.4058   3.4058   3.4058   3.4058
     6.7665   6.7665   6.7665

          k =-0.5000 1.5000-0.5000 (   410 PWs)   bands (ev):

    -3.3363  -3.3363  -0.7601  -0.7601   5.0942   5.0942   5.1269   5.1269
     7.6784   7.6784   9.4869

          k =-0.0000-1.0000-0.0000 (   412 PWs)   bands (ev):

    -1.5308  -1.5308  -1.5308  -1.5308   3.4058   3.4058   3.4058   3.4058
     6.7665   6.7665   6.7665

          k = 0.5000-1.5000 0.5000 (   410 PWs)   bands (ev):

    -3.3363  -3.3363  -0.7601  -0.7601   5.0942   5.0942   5.1269   5.1269
     7.6784   7.6784   9.4869

          k =-0.5000-0.5000 0.5000 (   410 PWs)   bands (ev):

    -3.3363  -3.3363  -0.7601  -0.7601   5.0942   5.0942   5.1269   5.1269
     7.6784   7.6784   9.4869

          k =-1.0000 0.0000 0.0000 (   412 PWs)   bands (ev):

    -1.5308  -1.5308  -1.5308  -1.5308   3.4058   3.4058   3.4058   3.4058
     6.7665   6.7665   6.7665

          k = 0.5000 0.5000-0.5000 (   410 PWs)   bands (ev):

    -3.3363  -3.3363  -0.7601  -0.7601   5.0942   5.0942   5.1269   5.1269
     7.6784   7.6784   9.4869

          k = 1.0000 0.0000 0.0000 (   412 PWs)   bands (ev):

    -1.5308  -1.5308  -1.5308  -1.5308   3.4058   3.4058   3.4058   3.4058
     6.7665   6.7665   6.7665

          k =-1.0000 0.0000 0.0000 (   412 PWs)   bands (ev):

    -1.5308  -1.5308  -1.5308  -1.5308   3.4058   3.4058   3.4058   3.4058
     6.7665   6.7665   6.7665

          k =-1.5000 0.5000-0.5000 (   410 PWs)   bands (ev):

    -3.3363  -3.3363  -0.7601  -0.7601   5.0942   5.0942   5.1269   5.1269
     7.6784   7.6784   9.4869

          k = 1.0000-0.0000-0.0000 (   412 PWs)   bands (ev):

    -1.5308  -1.5308  -1.5308  -1.5308   3.4058   3.4058   3.4058   3.4058
     6.7665   6.7665   6.7665

          k = 1.5000-0.5000 0.5000 (   410 PWs)   bands (ev):

    -3.3363  -3.3363  -0.7601  -0.7601   5.0942   5.0942   5.1269   5.1269
     7.6784   7.6784   9.4869

          k = 0.0000 0.0000 1.0000 (   412 PWs)   bands (ev):

    -1.5308  -1.5308  -1.5308  -1.5308   3.4058   3.4058   3.4058   3.4058
     6.7665   6.7665   6.7665

          k =-0.5000 0.5000 0.5000 (   410 PWs)   bands (ev):

    -3.3363  -3.3363  -0.7601  -0.7601   5.0942   5.0942   5.1269   5.1269
     7.6784   7.6784   9.4869

          k =-0.0000-0.0000-1.0000 (   412 PWs)   bands (ev):

    -1.5308  -1.5308  -1.5308  -1.5308   3.4058   3.4058   3.4058   3.4058
     6.7665   6.7665   6.7665

          k = 0.5000-0.5000-0.5000 (   410 PWs)   bands (ev):

    -3.3363  -3.3363  -0.7601  -0.7601   5.0942   5.0942   5.1269   5.1269
     7.6784   7.6784   9.4869

          k =-0.5000 0.5000 0.5000 (   410 PWs)   bands (ev):

    -3.3363  -3.3363  -0.7601  -0.7601   5.0942   5.0942   5.1269   5.1269
     7.6784   7.6784   9.4869

          k =-1.0000 1.0000 0.0000 (   412 PWs)   bands (ev):

    -1.5308  -1.5308  -1.5308  -1.5308   3.4058   3.4058   3.4058   3.4058
     6.7665   6.7665   6.7665

          k = 0.5000-0.5000-0.5000 (   410 PWs)   bands (ev):

    -3.3363  -3.3363  -0.7601  -0.7601   5.0942   5.0942   5.1269   5.1269
     7.6784   7.6784   9.4869

          k = 1.0000-1.0000 0.0000 (   412 PWs)   bands (ev):

    -1.5308  -1.5308  -1.5308  -1.5308   3.4058   3.4058   3.4058   3.4058
     6.7665   6.7665   6.7665

     highest occupied, lowest unoccupied level (ev):     6.3611    6.7665

     Writing all to output data dir /home/nicola/CODES/q-e-kcw/tempdir/kcw/q2/Si.save/ :
     XML data file, pseudopotentials, collected wavefunctions

        INFO: NSCF calculation DONE

        INFO: kcw_q initialization DONE


        Start LR calculation for the wannier #  1   iq =  2   spin =  1

        SYM : iwann=     1 iq =     2 weight =   0.12500000

      iter #   1 total cpu time :    61.6 secs   av.it.:  13.0
      thresh= 1.000E-06 alpha_mix =  0.700 |ddv_scf|^2 =  1.975E-06

      iter #   2 total cpu time :    62.3 secs   av.it.:  13.9
      thresh= 1.000E-06 alpha_mix =  0.700 |ddv_scf|^2 =  1.065E-05

      iter #   3 total cpu time :    62.9 secs   av.it.:  13.8
      thresh= 1.000E-06 alpha_mix =  0.700 |ddv_scf|^2 =  2.764E-10

      iter #   4 total cpu time :    63.5 secs   av.it.:  12.1
      thresh= 1.663E-07 alpha_mix =  0.700 |ddv_scf|^2 =  2.572E-11

      iter #   5 total cpu time :    64.0 secs   av.it.:  12.0
      thresh= 5.072E-08 alpha_mix =  0.700 |ddv_scf|^2 =  6.511E-13

      iter #   6 total cpu time :    64.6 secs   av.it.:  12.6
      thresh= 8.069E-09 alpha_mix =  0.700 |ddv_scf|^2 =  1.372E-14

      iter #   7 total cpu time :    65.2 secs   av.it.:  12.4
      thresh= 1.172E-09 alpha_mix =  0.700 |ddv_scf|^2 =  1.401E-15

      iter #   8 total cpu time :    65.8 secs   av.it.:  12.8
      thresh= 3.743E-10 alpha_mix =  0.700 |ddv_scf|^2 =  2.797E-17

      iter #   9 total cpu time :    66.5 secs   av.it.:  12.4
      thresh= 5.289E-11 alpha_mix =  0.700 |ddv_scf|^2 =  2.741E-18

      iter #  10 total cpu time :    67.2 secs   av.it.:  12.9
      thresh= 1.656E-11 alpha_mix =  0.700 |ddv_scf|^2 =  1.192E-19

        iq =   2   iwann =   1   rPi_q =     0.00999066    -0.00000000   uPi_q =     0.05953082    -0.00000000   SH_q =     0.03746746     0.00000000

        Start LR calculation for the wannier #  2   iq =  2   spin =  1

        SYM : iwann=     2 iq =     2 weight =   0.12500000

      iter #   1 total cpu time :    67.8 secs   av.it.:  12.9
      thresh= 1.000E-06 alpha_mix =  0.700 |ddv_scf|^2 =  1.975E-06

      iter #   2 total cpu time :    68.4 secs   av.it.:  13.9
      thresh= 1.000E-06 alpha_mix =  0.700 |ddv_scf|^2 =  1.065E-05

      iter #   3 total cpu time :    69.0 secs   av.it.:  13.8
      thresh= 1.000E-06 alpha_mix =  0.700 |ddv_scf|^2 =  2.764E-10

      iter #   4 total cpu time :    69.5 secs   av.it.:  12.1
      thresh= 1.663E-07 alpha_mix =  0.700 |ddv_scf|^2 =  2.572E-11

      iter #   5 total cpu time :    70.0 secs   av.it.:  11.9
      thresh= 5.072E-08 alpha_mix =  0.700 |ddv_scf|^2 =  6.511E-13

      iter #   6 total cpu time :    70.6 secs   av.it.:  12.6
      thresh= 8.069E-09 alpha_mix =  0.700 |ddv_scf|^2 =  1.372E-14

      iter #   7 total cpu time :    71.1 secs   av.it.:  12.5
      thresh= 1.172E-09 alpha_mix =  0.700 |ddv_scf|^2 =  1.401E-15

      iter #   8 total cpu time :    71.7 secs   av.it.:  12.8
      thresh= 3.743E-10 alpha_mix =  0.700 |ddv_scf|^2 =  2.797E-17

      iter #   9 total cpu time :    72.3 secs   av.it.:  11.9
      thresh= 5.288E-11 alpha_mix =  0.700 |ddv_scf|^2 =  2.740E-18

      iter #  10 total cpu time :    72.8 secs   av.it.:  12.8
      thresh= 1.655E-11 alpha_mix =  0.700 |ddv_scf|^2 =  1.135E-19

        iq =   2   iwann =   2   rPi_q =     0.00999067    -0.00000000   uPi_q =     0.05953082    -0.00000000   SH_q =     0.03746746    -0.00000000

        Start LR calculation for the wannier #  3   iq =  2   spin =  1

        SYM : iwann=     3 iq =     2 weight =   0.12500000

      iter #   1 total cpu time :    73.4 secs   av.it.:  12.9
      thresh= 1.000E-06 alpha_mix =  0.700 |ddv_scf|^2 =  3.634E-07

      iter #   2 total cpu time :    74.0 secs   av.it.:  12.9
      thresh= 1.000E-06 alpha_mix =  0.700 |ddv_scf|^2 =  2.627E-07

      iter #   3 total cpu time :    74.5 secs   av.it.:  12.0
      thresh= 1.000E-06 alpha_mix =  0.700 |ddv_scf|^2 =  1.307E-10

      iter #   4 total cpu time :    75.0 secs   av.it.:  11.1
      thresh= 1.143E-07 alpha_mix =  0.700 |ddv_scf|^2 =  3.353E-12

      iter #   5 total cpu time :    75.5 secs   av.it.:  11.6
      thresh= 1.831E-08 alpha_mix =  0.700 |ddv_scf|^2 =  1.026E-13

      iter #   6 total cpu time :    76.1 secs   av.it.:  12.8
      thresh= 3.203E-09 alpha_mix =  0.700 |ddv_scf|^2 =  6.281E-15

      iter #   7 total cpu time :    76.6 secs   av.it.:  12.8
      thresh= 7.925E-10 alpha_mix =  0.700 |ddv_scf|^2 =  8.112E-16

      iter #   8 total cpu time :    77.2 secs   av.it.:  11.8
      thresh= 2.848E-10 alpha_mix =  0.700 |ddv_scf|^2 =  3.085E-16

      iter #   9 total cpu time :    77.7 secs   av.it.:  12.2
      thresh= 1.756E-10 alpha_mix =  0.700 |ddv_scf|^2 =  8.435E-18

      iter #  10 total cpu time :    78.3 secs   av.it.:  12.8
      thresh= 2.904E-11 alpha_mix =  0.700 |ddv_scf|^2 =  7.580E-19

      iter #  11 total cpu time :    78.8 secs   av.it.:  11.9
      thresh= 8.706E-12 alpha_mix =  0.700 |ddv_scf|^2 =  3.165E-20

        iq =   2   iwann =   3   rPi_q =     0.02426588    -0.00000000   uPi_q =     0.06482449    -0.00000000   SH_q =     0.04036068    -0.00000000

        Start LR calculation for the wannier #  4   iq =  2   spin =  1

        SYM : iwann=     4 iq =     2 weight =   0.12500000

      iter #   1 total cpu time :    79.4 secs   av.it.:  12.9
      thresh= 1.000E-06 alpha_mix =  0.700 |ddv_scf|^2 =  3.634E-07

      iter #   2 total cpu time :    79.9 secs   av.it.:  12.9
      thresh= 1.000E-06 alpha_mix =  0.700 |ddv_scf|^2 =  2.627E-07

      iter #   3 total cpu time :    80.4 secs   av.it.:  12.0
      thresh= 1.000E-06 alpha_mix =  0.700 |ddv_scf|^2 =  1.307E-10

      iter #   4 total cpu time :    80.9 secs   av.it.:  11.1
      thresh= 1.143E-07 alpha_mix =  0.700 |ddv_scf|^2 =  3.353E-12

      iter #   5 total cpu time :    81.5 secs   av.it.:  11.6
      thresh= 1.831E-08 alpha_mix =  0.700 |ddv_scf|^2 =  1.026E-13

      iter #   6 total cpu time :    82.0 secs   av.it.:  12.8
      thresh= 3.203E-09 alpha_mix =  0.700 |ddv_scf|^2 =  6.291E-15

      iter #   7 total cpu time :    82.6 secs   av.it.:  12.8
      thresh= 7.931E-10 alpha_mix =  0.700 |ddv_scf|^2 =  8.974E-16

      iter #   8 total cpu time :    83.1 secs   av.it.:  11.8
      thresh= 2.996E-10 alpha_mix =  0.700 |ddv_scf|^2 =  2.900E-16

      iter #   9 total cpu time :    83.6 secs   av.it.:  12.2
      thresh= 1.703E-10 alpha_mix =  0.700 |ddv_scf|^2 =  8.308E-18

      iter #  10 total cpu time :    84.2 secs   av.it.:  12.8
      thresh= 2.882E-11 alpha_mix =  0.700 |ddv_scf|^2 =  7.567E-19

      iter #  11 total cpu time :    84.7 secs   av.it.:  11.9
      thresh= 8.699E-12 alpha_mix =  0.700 |ddv_scf|^2 =  3.032E-20

        iq =   2   iwann =   4   rPi_q =     0.02426588    -0.00000000   uPi_q =     0.06482449    -0.00000000   SH_q =     0.04036068     0.00000000

        Start LR calculation for the wannier #  5   iq =  2   spin =  1

        SYM : iwann=     5 iq =     2 weight =   0.12500000

      iter #   1 total cpu time :    85.3 secs   av.it.:  13.0
      thresh= 1.000E-06 alpha_mix =  0.700 |ddv_scf|^2 =  3.634E-07

      iter #   2 total cpu time :    85.8 secs   av.it.:  13.0
      thresh= 1.000E-06 alpha_mix =  0.700 |ddv_scf|^2 =  2.627E-07

      iter #   3 total cpu time :    86.4 secs   av.it.:  12.0
      thresh= 1.000E-06 alpha_mix =  0.700 |ddv_scf|^2 =  1.307E-10

      iter #   4 total cpu time :    86.9 secs   av.it.:  11.2
      thresh= 1.143E-07 alpha_mix =  0.700 |ddv_scf|^2 =  3.354E-12

      iter #   5 total cpu time :    87.4 secs   av.it.:  11.6
      thresh= 1.831E-08 alpha_mix =  0.700 |ddv_scf|^2 =  1.029E-13

      iter #   6 total cpu time :    87.9 secs   av.it.:  12.8
      thresh= 3.208E-09 alpha_mix =  0.700 |ddv_scf|^2 =  6.259E-15

      iter #   7 total cpu time :    88.5 secs   av.it.:  12.6
      thresh= 7.912E-10 alpha_mix =  0.700 |ddv_scf|^2 =  4.656E-16

      iter #   8 total cpu time :    89.0 secs   av.it.:  12.0
      thresh= 2.158E-10 alpha_mix =  0.700 |ddv_scf|^2 =  4.244E-16

      iter #   9 total cpu time :    89.6 secs   av.it.:  12.0
      thresh= 2.060E-10 alpha_mix =  0.700 |ddv_scf|^2 =  9.380E-18

      iter #  10 total cpu time :    90.2 secs   av.it.:  12.8
      thresh= 3.063E-11 alpha_mix =  0.700 |ddv_scf|^2 =  7.636E-19

      iter #  11 total cpu time :    90.7 secs   av.it.:  12.0
      thresh= 8.739E-12 alpha_mix =  0.700 |ddv_scf|^2 =  3.872E-20

        iq =   2   iwann =   5   rPi_q =     0.02426686     0.00000000   uPi_q =     0.06482543    -0.00000000   SH_q =     0.04036068     0.00000000

        Start LR calculation for the wannier #  6   iq =  2   spin =  1

        SYM : iwann=     6 iq =     2 weight =   0.12500000

      iter #   1 total cpu time :    91.3 secs   av.it.:  13.0
      thresh= 1.000E-06 alpha_mix =  0.700 |ddv_scf|^2 =  3.634E-07

      iter #   2 total cpu time :    91.8 secs   av.it.:  13.0
      thresh= 1.000E-06 alpha_mix =  0.700 |ddv_scf|^2 =  2.627E-07

      iter #   3 total cpu time :    92.4 secs   av.it.:  12.0
      thresh= 1.000E-06 alpha_mix =  0.700 |ddv_scf|^2 =  1.307E-10

      iter #   4 total cpu time :    92.9 secs   av.it.:  11.2
      thresh= 1.143E-07 alpha_mix =  0.700 |ddv_scf|^2 =  3.354E-12

      iter #   5 total cpu time :    93.4 secs   av.it.:  11.6
      thresh= 1.831E-08 alpha_mix =  0.700 |ddv_scf|^2 =  1.029E-13

      iter #   6 total cpu time :    94.0 secs   av.it.:  12.8
      thresh= 3.208E-09 alpha_mix =  0.700 |ddv_scf|^2 =  6.249E-15

      iter #   7 total cpu time :    94.5 secs   av.it.:  12.6
      thresh= 7.905E-10 alpha_mix =  0.700 |ddv_scf|^2 =  3.640E-16

      iter #   8 total cpu time :    95.1 secs   av.it.:  12.0
      thresh= 1.908E-10 alpha_mix =  0.700 |ddv_scf|^2 =  4.735E-16

      iter #   9 total cpu time :    95.6 secs   av.it.:  11.9
      thresh= 2.176E-10 alpha_mix =  0.700 |ddv_scf|^2 =  9.967E-18

      iter #  10 total cpu time :    96.2 secs   av.it.:  12.8
      thresh= 3.157E-11 alpha_mix =  0.700 |ddv_scf|^2 =  7.605E-19

      iter #  11 total cpu time :    96.7 secs   av.it.:  11.8
      thresh= 8.721E-12 alpha_mix =  0.700 |ddv_scf|^2 =  4.101E-20

        iq =   2   iwann =   6   rPi_q =     0.02426686     0.00000000   uPi_q =     0.06482543    -0.00000000   SH_q =     0.04036068    -0.00000000

        Start LR calculation for the wannier #  7   iq =  2   spin =  1

        SYM : iwann=     7 iq =     2 weight =   0.12500000

      iter #   1 total cpu time :    97.3 secs   av.it.:  13.2
      thresh= 1.000E-06 alpha_mix =  0.700 |ddv_scf|^2 =  3.634E-07

      iter #   2 total cpu time :    97.8 secs   av.it.:  12.9
      thresh= 1.000E-06 alpha_mix =  0.700 |ddv_scf|^2 =  2.627E-07

      iter #   3 total cpu time :    98.4 secs   av.it.:  12.0
      thresh= 1.000E-06 alpha_mix =  0.700 |ddv_scf|^2 =  1.307E-10

      iter #   4 total cpu time :    98.9 secs   av.it.:  11.5
      thresh= 1.143E-07 alpha_mix =  0.700 |ddv_scf|^2 =  3.350E-12

      iter #   5 total cpu time :    99.4 secs   av.it.:  11.8
      thresh= 1.830E-08 alpha_mix =  0.700 |ddv_scf|^2 =  1.021E-13

      iter #   6 total cpu time :   100.0 secs   av.it.:  12.8
      thresh= 3.195E-09 alpha_mix =  0.700 |ddv_scf|^2 =  6.311E-15

      iter #   7 total cpu time :   100.5 secs   av.it.:  12.8
      thresh= 7.944E-10 alpha_mix =  0.700 |ddv_scf|^2 =  1.228E-15

      iter #   8 total cpu time :   101.0 secs   av.it.:  11.8
      thresh= 3.504E-10 alpha_mix =  0.700 |ddv_scf|^2 =  2.377E-16

      iter #   9 total cpu time :   101.6 secs   av.it.:  12.2
      thresh= 1.542E-10 alpha_mix =  0.700 |ddv_scf|^2 =  7.912E-18

      iter #  10 total cpu time :   102.1 secs   av.it.:  12.8
      thresh= 2.813E-11 alpha_mix =  0.700 |ddv_scf|^2 =  7.471E-19

      iter #  11 total cpu time :   102.6 secs   av.it.:  12.0
      thresh= 8.643E-12 alpha_mix =  0.700 |ddv_scf|^2 =  2.608E-20

        iq =   2   iwann =   7   rPi_q =     0.02427825     0.00000000   uPi_q =     0.06483440    -0.00000000   SH_q =     0.04036068     0.00000000

        Start LR calculation for the wannier #  8   iq =  2   spin =  1

        SYM : iwann=     8 iq =     2 weight =   0.12500000

      iter #   1 total cpu time :   103.2 secs   av.it.:  13.2
      thresh= 1.000E-06 alpha_mix =  0.700 |ddv_scf|^2 =  3.634E-07

      iter #   2 total cpu time :   103.8 secs   av.it.:  12.9
      thresh= 1.000E-06 alpha_mix =  0.700 |ddv_scf|^2 =  2.627E-07

      iter #   3 total cpu time :   104.3 secs   av.it.:  12.0
      thresh= 1.000E-06 alpha_mix =  0.700 |ddv_scf|^2 =  1.307E-10

      iter #   4 total cpu time :   104.8 secs   av.it.:  11.5
      thresh= 1.143E-07 alpha_mix =  0.700 |ddv_scf|^2 =  3.350E-12

      iter #   5 total cpu time :   105.3 secs   av.it.:  11.8
      thresh= 1.830E-08 alpha_mix =  0.700 |ddv_scf|^2 =  1.021E-13

      iter #   6 total cpu time :   105.9 secs   av.it.:  12.8
      thresh= 3.195E-09 alpha_mix =  0.700 |ddv_scf|^2 =  6.270E-15

      iter #   7 total cpu time :   106.4 secs   av.it.:  12.8
      thresh= 7.919E-10 alpha_mix =  0.700 |ddv_scf|^2 =  8.554E-16

      iter #   8 total cpu time :   106.9 secs   av.it.:  11.8
      thresh= 2.925E-10 alpha_mix =  0.700 |ddv_scf|^2 =  2.972E-16

      iter #   9 total cpu time :   107.5 secs   av.it.:  12.2
      thresh= 1.724E-10 alpha_mix =  0.700 |ddv_scf|^2 =  8.309E-18

      iter #  10 total cpu time :   108.1 secs   av.it.:  12.8
      thresh= 2.882E-11 alpha_mix =  0.700 |ddv_scf|^2 =  7.522E-19

      iter #  11 total cpu time :   108.6 secs   av.it.:  12.0
      thresh= 8.673E-12 alpha_mix =  0.700 |ddv_scf|^2 =  3.066E-20

        iq =   2   iwann =   8   rPi_q =     0.02427824     0.00000000   uPi_q =     0.06483440    -0.00000000   SH_q =     0.04036068     0.00000000

        Start LR calculation for the wannier #  9   iq =  2   spin =  1

        SYM : iwann=     9 iq =     2 weight =   0.12500000

      iter #   1 total cpu time :   109.1 secs   av.it.:  12.9
      thresh= 1.000E-06 alpha_mix =  0.700 |ddv_scf|^2 =  2.281E-07

      iter #   2 total cpu time :   109.7 secs   av.it.:  12.8
      thresh= 1.000E-06 alpha_mix =  0.700 |ddv_scf|^2 =  1.693E-07

      iter #   3 total cpu time :   110.2 secs   av.it.:  12.2
      thresh= 1.000E-06 alpha_mix =  0.700 |ddv_scf|^2 =  9.347E-12

      iter #   4 total cpu time :   110.8 secs   av.it.:  11.8
      thresh= 3.057E-08 alpha_mix =  0.700 |ddv_scf|^2 =  3.602E-13

      iter #   5 total cpu time :   111.3 secs   av.it.:  12.8
      thresh= 6.002E-09 alpha_mix =  0.700 |ddv_scf|^2 =  5.047E-13

      iter #   6 total cpu time :   111.8 secs   av.it.:  11.9
      thresh= 7.104E-09 alpha_mix =  0.700 |ddv_scf|^2 =  5.751E-14

      iter #   7 total cpu time :   112.4 secs   av.it.:  12.0
      thresh= 2.398E-09 alpha_mix =  0.700 |ddv_scf|^2 =  3.163E-15

      iter #   8 total cpu time :   112.9 secs   av.it.:  12.0
      thresh= 5.624E-10 alpha_mix =  0.700 |ddv_scf|^2 =  2.521E-17

      iter #   9 total cpu time :   113.5 secs   av.it.:  12.5
      thresh= 5.021E-11 alpha_mix =  0.700 |ddv_scf|^2 =  3.374E-18

      iter #  10 total cpu time :   114.0 secs   av.it.:  12.8
      thresh= 1.837E-11 alpha_mix =  0.700 |ddv_scf|^2 =  2.449E-20

        iq =   2   iwann =   9   rPi_q =     0.01020466     0.00000000   uPi_q =     0.03117161    -0.00000000   SH_q =     0.01954973    -0.00000000

        Start LR calculation for the wannier # 10   iq =  2   spin =  1

        SYM : iwann=    10 iq =     2 weight =   0.12500000

      iter #   1 total cpu time :   114.6 secs   av.it.:  12.8
      thresh= 1.000E-06 alpha_mix =  0.700 |ddv_scf|^2 =  2.281E-07

      iter #   2 total cpu time :   115.1 secs   av.it.:  12.8
      thresh= 1.000E-06 alpha_mix =  0.700 |ddv_scf|^2 =  1.693E-07

      iter #   3 total cpu time :   115.7 secs   av.it.:  12.2
      thresh= 1.000E-06 alpha_mix =  0.700 |ddv_scf|^2 =  9.347E-12

      iter #   4 total cpu time :   116.2 secs   av.it.:  11.8
      thresh= 3.057E-08 alpha_mix =  0.700 |ddv_scf|^2 =  3.610E-13

      iter #   5 total cpu time :   116.7 secs   av.it.:  12.8
      thresh= 6.008E-09 alpha_mix =  0.700 |ddv_scf|^2 =  5.070E-13

      iter #   6 total cpu time :   117.3 secs   av.it.:  11.9
      thresh= 7.121E-09 alpha_mix =  0.700 |ddv_scf|^2 =  5.727E-14

      iter #   7 total cpu time :   117.9 secs   av.it.:  12.0
      thresh= 2.393E-09 alpha_mix =  0.700 |ddv_scf|^2 =  3.163E-15

      iter #   8 total cpu time :   118.4 secs   av.it.:  12.0
      thresh= 5.624E-10 alpha_mix =  0.700 |ddv_scf|^2 =  2.521E-17

      iter #   9 total cpu time :   119.0 secs   av.it.:  12.5
      thresh= 5.021E-11 alpha_mix =  0.700 |ddv_scf|^2 =  3.374E-18

      iter #  10 total cpu time :   119.6 secs   av.it.:  12.8
      thresh= 1.837E-11 alpha_mix =  0.700 |ddv_scf|^2 =  2.449E-20

        iq =   2   iwann =  10   rPi_q =     0.01020466     0.00000000   uPi_q =     0.03117161    -0.00000000   SH_q =     0.01954974    -0.00000000

        Start LR calculation for the wannier # 11   iq =  2   spin =  1

        SYM : iwann=    11 iq =     2 weight =   0.12500000

      iter #   1 total cpu time :   120.3 secs   av.it.:  12.9
      thresh= 1.000E-06 alpha_mix =  0.700 |ddv_scf|^2 =  2.281E-07

      iter #   2 total cpu time :   120.9 secs   av.it.:  12.8
      thresh= 1.000E-06 alpha_mix =  0.700 |ddv_scf|^2 =  1.693E-07

      iter #   3 total cpu time :   121.4 secs   av.it.:  12.2
      thresh= 1.000E-06 alpha_mix =  0.700 |ddv_scf|^2 =  9.366E-12

      iter #   4 total cpu time :   122.0 secs   av.it.:  11.8
      thresh= 3.060E-08 alpha_mix =  0.700 |ddv_scf|^2 =  3.644E-13

      iter #   5 total cpu time :   122.7 secs   av.it.:  12.8
      thresh= 6.036E-09 alpha_mix =  0.700 |ddv_scf|^2 =  5.162E-13

      iter #   6 total cpu time :   123.3 secs   av.it.:  11.9
      thresh= 7.185E-09 alpha_mix =  0.700 |ddv_scf|^2 =  5.750E-14

      iter #   7 total cpu time :   123.8 secs   av.it.:  12.0
      thresh= 2.398E-09 alpha_mix =  0.700 |ddv_scf|^2 =  3.165E-15

      iter #   8 total cpu time :   124.4 secs   av.it.:  12.0
      thresh= 5.626E-10 alpha_mix =  0.700 |ddv_scf|^2 =  2.603E-17

      iter #   9 total cpu time :   125.0 secs   av.it.:  12.5
      thresh= 5.102E-11 alpha_mix =  0.700 |ddv_scf|^2 =  3.506E-18

      iter #  10 total cpu time :   125.5 secs   av.it.:  12.8
      thresh= 1.872E-11 alpha_mix =  0.700 |ddv_scf|^2 =  2.621E-20

        iq =   2   iwann =  11   rPi_q =     0.01017551     0.00000000   uPi_q =     0.03114715    -0.00000000   SH_q =     0.01954975     0.00000000

        Start LR calculation for the wannier # 12   iq =  2   spin =  1

        SYM : iwann=    12 iq =     2 weight =   0.12500000

      iter #   1 total cpu time :   126.1 secs   av.it.:  12.8
      thresh= 1.000E-06 alpha_mix =  0.700 |ddv_scf|^2 =  2.281E-07

      iter #   2 total cpu time :   126.7 secs   av.it.:  12.8
      thresh= 1.000E-06 alpha_mix =  0.700 |ddv_scf|^2 =  1.693E-07

      iter #   3 total cpu time :   127.3 secs   av.it.:  12.2
      thresh= 1.000E-06 alpha_mix =  0.700 |ddv_scf|^2 =  9.366E-12

      iter #   4 total cpu time :   127.8 secs   av.it.:  11.8
      thresh= 3.060E-08 alpha_mix =  0.700 |ddv_scf|^2 =  3.650E-13

      iter #   5 total cpu time :   128.3 secs   av.it.:  12.6
      thresh= 6.042E-09 alpha_mix =  0.700 |ddv_scf|^2 =  5.182E-13

      iter #   6 total cpu time :   128.9 secs   av.it.:  11.9
      thresh= 7.198E-09 alpha_mix =  0.700 |ddv_scf|^2 =  5.731E-14

      iter #   7 total cpu time :   129.4 secs   av.it.:  12.0
      thresh= 2.394E-09 alpha_mix =  0.700 |ddv_scf|^2 =  3.165E-15

      iter #   8 total cpu time :   129.9 secs   av.it.:  12.1
      thresh= 5.626E-10 alpha_mix =  0.700 |ddv_scf|^2 =  2.603E-17

      iter #   9 total cpu time :   130.5 secs   av.it.:  12.5
      thresh= 5.102E-11 alpha_mix =  0.700 |ddv_scf|^2 =  3.506E-18

      iter #  10 total cpu time :   131.0 secs   av.it.:  12.8
      thresh= 1.872E-11 alpha_mix =  0.700 |ddv_scf|^2 =  2.621E-20

        iq =   2   iwann =  12   rPi_q =     0.01017550     0.00000000   uPi_q =     0.03114715    -0.00000000   SH_q =     0.01954975    -0.00000000

        Start LR calculation for the wannier # 13   iq =  2   spin =  1

        SYM : iwann=    13 iq =     2 weight =   0.12500000

      iter #   1 total cpu time :   131.6 secs   av.it.:  12.5
      thresh= 1.000E-06 alpha_mix =  0.700 |ddv_scf|^2 =  9.441E-08

      iter #   2 total cpu time :   132.1 secs   av.it.:  12.5
      thresh= 1.000E-06 alpha_mix =  0.700 |ddv_scf|^2 =  4.919E-07

      iter #   3 total cpu time :   132.7 secs   av.it.:  12.2
      thresh= 1.000E-06 alpha_mix =  0.700 |ddv_scf|^2 =  4.027E-10

      iter #   4 total cpu time :   133.2 secs   av.it.:  11.8
      thresh= 2.007E-07 alpha_mix =  0.700 |ddv_scf|^2 =  2.492E-12

      iter #   5 total cpu time :   133.7 secs   av.it.:  12.0
      thresh= 1.579E-08 alpha_mix =  0.700 |ddv_scf|^2 =  2.624E-13

      iter #   6 total cpu time :   134.3 secs   av.it.:  12.8
      thresh= 5.123E-09 alpha_mix =  0.700 |ddv_scf|^2 =  5.002E-15

      iter #   7 total cpu time :   134.8 secs   av.it.:  12.9
      thresh= 7.073E-10 alpha_mix =  0.700 |ddv_scf|^2 =  4.852E-16

      iter #   8 total cpu time :   135.4 secs   av.it.:  12.5
      thresh= 2.203E-10 alpha_mix =  0.700 |ddv_scf|^2 =  1.793E-16

      iter #   9 total cpu time :   135.9 secs   av.it.:  12.4
      thresh= 1.339E-10 alpha_mix =  0.700 |ddv_scf|^2 =  3.225E-17

      iter #  10 total cpu time :   136.4 secs   av.it.:  12.2
      thresh= 5.679E-11 alpha_mix =  0.700 |ddv_scf|^2 =  6.801E-18

      iter #  11 total cpu time :   137.0 secs   av.it.:  12.1
      thresh= 2.608E-11 alpha_mix =  0.700 |ddv_scf|^2 =  4.560E-19

        iq =   2   iwann =  13   rPi_q =     0.00001305     0.00000000   uPi_q =     0.00569482    -0.00000000   SH_q =     0.00612169     0.00000000

        Start LR calculation for the wannier # 14   iq =  2   spin =  1

        SYM : iwann=    14 iq =     2 weight =   0.12500000

      iter #   1 total cpu time :   137.5 secs   av.it.:  12.5
      thresh= 1.000E-06 alpha_mix =  0.700 |ddv_scf|^2 =  9.441E-08

      iter #   2 total cpu time :   138.1 secs   av.it.:  12.5
      thresh= 1.000E-06 alpha_mix =  0.700 |ddv_scf|^2 =  4.919E-07

      iter #   3 total cpu time :   138.6 secs   av.it.:  12.2
      thresh= 1.000E-06 alpha_mix =  0.700 |ddv_scf|^2 =  4.027E-10

      iter #   4 total cpu time :   139.1 secs   av.it.:  11.8
      thresh= 2.007E-07 alpha_mix =  0.700 |ddv_scf|^2 =  2.492E-12

      iter #   5 total cpu time :   139.6 secs   av.it.:  12.0
      thresh= 1.579E-08 alpha_mix =  0.700 |ddv_scf|^2 =  2.624E-13

      iter #   6 total cpu time :   140.2 secs   av.it.:  12.8
      thresh= 5.123E-09 alpha_mix =  0.700 |ddv_scf|^2 =  5.002E-15

      iter #   7 total cpu time :   140.7 secs   av.it.:  12.8
      thresh= 7.073E-10 alpha_mix =  0.700 |ddv_scf|^2 =  4.851E-16

      iter #   8 total cpu time :   141.3 secs   av.it.:  12.4
      thresh= 2.202E-10 alpha_mix =  0.700 |ddv_scf|^2 =  1.792E-16

      iter #   9 total cpu time :   141.9 secs   av.it.:  12.4
      thresh= 1.339E-10 alpha_mix =  0.700 |ddv_scf|^2 =  3.226E-17

      iter #  10 total cpu time :   142.5 secs   av.it.:  12.4
      thresh= 5.679E-11 alpha_mix =  0.700 |ddv_scf|^2 =  6.801E-18

      iter #  11 total cpu time :   143.0 secs   av.it.:  12.0
      thresh= 2.608E-11 alpha_mix =  0.700 |ddv_scf|^2 =  4.560E-19

        iq =   2   iwann =  14   rPi_q =     0.00001305     0.00000000   uPi_q =     0.00569482    -0.00000000   SH_q =     0.00612169    -0.00000000

        Start LR calculation for the wannier # 15   iq =  2   spin =  1

        SYM : iwann=    15 iq =     2 weight =   0.12500000

      iter #   1 total cpu time :   143.6 secs   av.it.:  12.8
      thresh= 1.000E-06 alpha_mix =  0.700 |ddv_scf|^2 =  2.281E-07

      iter #   2 total cpu time :   144.1 secs   av.it.:  12.8
      thresh= 1.000E-06 alpha_mix =  0.700 |ddv_scf|^2 =  1.693E-07

      iter #   3 total cpu time :   144.7 secs   av.it.:  12.2
      thresh= 1.000E-06 alpha_mix =  0.700 |ddv_scf|^2 =  9.371E-12

      iter #   4 total cpu time :   145.2 secs   av.it.:  11.8
      thresh= 3.061E-08 alpha_mix =  0.700 |ddv_scf|^2 =  3.671E-13

      iter #   5 total cpu time :   145.7 secs   av.it.:  12.8
      thresh= 6.059E-09 alpha_mix =  0.700 |ddv_scf|^2 =  5.228E-13

      iter #   6 total cpu time :   146.3 secs   av.it.:  11.9
      thresh= 7.230E-09 alpha_mix =  0.700 |ddv_scf|^2 =  5.743E-14

      iter #   7 total cpu time :   146.8 secs   av.it.:  12.0
      thresh= 2.397E-09 alpha_mix =  0.700 |ddv_scf|^2 =  3.178E-15

      iter #   8 total cpu time :   147.4 secs   av.it.:  12.1
      thresh= 5.638E-10 alpha_mix =  0.700 |ddv_scf|^2 =  2.589E-17

      iter #   9 total cpu time :   147.9 secs   av.it.:  12.5
      thresh= 5.088E-11 alpha_mix =  0.700 |ddv_scf|^2 =  3.497E-18

      iter #  10 total cpu time :   148.4 secs   av.it.:  12.6
      thresh= 1.870E-11 alpha_mix =  0.700 |ddv_scf|^2 =  2.634E-20

        iq =   2   iwann =  15   rPi_q =     0.01017790     0.00000000   uPi_q =     0.03114997    -0.00000000   SH_q =     0.01954974    -0.00000000

        Start LR calculation for the wannier # 16   iq =  2   spin =  1

        SYM : iwann=    16 iq =     2 weight =   0.12500000

      iter #   1 total cpu time :   149.0 secs   av.it.:  12.6
      thresh= 1.000E-06 alpha_mix =  0.700 |ddv_scf|^2 =  2.281E-07

      iter #   2 total cpu time :   149.5 secs   av.it.:  12.8
      thresh= 1.000E-06 alpha_mix =  0.700 |ddv_scf|^2 =  1.693E-07

      iter #   3 total cpu time :   150.1 secs   av.it.:  12.2
      thresh= 1.000E-06 alpha_mix =  0.700 |ddv_scf|^2 =  9.371E-12

      iter #   4 total cpu time :   150.6 secs   av.it.:  11.8
      thresh= 3.061E-08 alpha_mix =  0.700 |ddv_scf|^2 =  3.659E-13

      iter #   5 total cpu time :   151.1 secs   av.it.:  12.8
      thresh= 6.049E-09 alpha_mix =  0.700 |ddv_scf|^2 =  5.191E-13

      iter #   6 total cpu time :   151.7 secs   av.it.:  11.9
      thresh= 7.205E-09 alpha_mix =  0.700 |ddv_scf|^2 =  5.780E-14

      iter #   7 total cpu time :   152.2 secs   av.it.:  12.0
      thresh= 2.404E-09 alpha_mix =  0.700 |ddv_scf|^2 =  3.179E-15

      iter #   8 total cpu time :   152.8 secs   av.it.:  12.1
      thresh= 5.638E-10 alpha_mix =  0.700 |ddv_scf|^2 =  2.589E-17

      iter #   9 total cpu time :   153.3 secs   av.it.:  12.5
      thresh= 5.088E-11 alpha_mix =  0.700 |ddv_scf|^2 =  3.497E-18

      iter #  10 total cpu time :   153.9 secs   av.it.:  12.6
      thresh= 1.870E-11 alpha_mix =  0.700 |ddv_scf|^2 =  2.634E-20

        iq =   2   iwann =  16   rPi_q =     0.01017790     0.00000000   uPi_q =     0.03114995    -0.00000000   SH_q =     0.01954973     0.00000000


     ==============================================================================
     Calculation of q =    0.5000000   0.5000000   0.5000000  [Cart ]
     Calculation of q =    0.0000000   0.5000000   0.0000000  [Cryst]
     ==============================================================================

        INFO: prepare_q DONE

        INFO: rhowan_q(r) RETRIEVED


     Parallelization info
     --------------------
     sticks:   dense  smooth     PW     G-vecs:    dense   smooth      PW
     Min          73      73     27                  821      821     186
     Max          74      74     28                  823      823     189
     Sum         295     295    109                 3287     3287     749

     Using Slab Decomposition


     Title: 
     KCW Silicon screen                                                         


     bravais-lattice index     =            2
     lattice parameter (alat)  =      10.2631  a.u.
     unit-cell volume          =     270.2564 (a.u.)^3
     number of atoms/cell      =            2
     number of atomic types    =            1
     number of electrons       =         8.00
     number of Kohn-Sham states=           11
     kinetic-energy cutoff     =      20.0000  Ry
     charge density cutoff     =      80.0000  Ry
     Exchange-correlation= PW
                           (   1   4   0   0   0   0   0)
     Noncollinear calculation with spin-orbit


     celldm(1)=  10.263102  celldm(2)=   0.000000  celldm(3)=   0.000000
     celldm(4)=   0.000000  celldm(5)=   0.000000  celldm(6)=   0.000000

     crystal axes: (cart. coord. in units of alat)
               a(1) = (  -0.500000   0.000000   0.500000 )  
               a(2) = (   0.000000   0.500000   0.500000 )  
               a(3) = (  -0.500000   0.500000   0.000000 )  

     reciprocal axes: (cart. coord. in units 2 pi/alat)
               b(1) = ( -1.000000 -1.000000  1.000000 )  
               b(2) = (  1.000000  1.000000  1.000000 )  
               b(3) = ( -1.000000  1.000000 -1.000000 )  


     PseudoPot. # 1 for Si read from file:
     /home/nicola/CODES/q-e-kcw/pseudo/Si_Dojo_LDA_FR.UPF
     MD5 check sum: fa6905a911cf8388f5aa69a93393adea
     Pseudo is Norm-conserving + core correction, Zval =  4.0
     Generated using ONCVPSP code by D. R. Hamann
     Using radial grid of 1510 points, 10 beta functions with: 
                l(1) =   0
                l(2) =   0
                l(3) =   1
                l(4) =   1
                l(5) =   1
                l(6) =   1
                l(7) =   2
                l(8) =   2
                l(9) =   2
               l(10) =   2

     atomic species   valence    mass     pseudopotential
     Si                4.00    28.08500     Si( 1.00)

     No symmetry found



   Cartesian axes

     site n.     atom                  positions (alat units)
         1        Si     tau(   1) = (   0.0000000   0.0000000   0.0000000  )
         2        Si     tau(   2) = (  -0.2500000   0.2500000   0.2500000  )

     number of k points=    32
                       cart. coord. in units 2pi/alat
        k(    1) = (   0.0000000   0.0000000   0.0000000), wk =   0.1250000
        k(    2) = (   0.5000000   0.5000000   0.5000000), wk =   0.0000000
        k(    3) = (  -0.0000000  -0.0000000  -0.0000000), wk =   0.0000000
        k(    4) = (  -0.5000000  -0.5000000  -0.5000000), wk =   0.0000000
        k(    5) = (  -0.5000000   0.5000000  -0.5000000), wk =   0.1250000
        k(    6) = (   0.0000000   1.0000000   0.0000000), wk =   0.0000000
        k(    7) = (   0.5000000  -0.5000000   0.5000000), wk =   0.0000000
        k(    8) = (   0.0000000  -1.0000000   0.0000000), wk =   0.0000000
        k(    9) = (   0.5000000   0.5000000   0.5000000), wk =   0.1250000
        k(   10) = (   1.0000000   1.0000000   1.0000000), wk =   0.0000000
        k(   11) = (  -0.5000000  -0.5000000  -0.5000000), wk =   0.0000000
        k(   12) = (  -1.0000000  -1.0000000  -1.0000000), wk =   0.0000000
        k(   13) = (   0.0000000   1.0000000   0.0000000), wk =   0.1250000
        k(   14) = (   0.5000000   1.5000000   0.5000000), wk =   0.0000000
        k(   15) = (  -0.0000000  -1.0000000  -0.0000000), wk =   0.0000000
        k(   16) = (  -0.5000000  -1.5000000  -0.5000000), wk =   0.0000000
        k(   17) = (  -0.5000000  -0.5000000   0.5000000), wk =   0.1250000
        k(   18) = (   0.0000000   0.0000000   1.0000000), wk =   0.0000000
        k(   19) = (   0.5000000   0.5000000  -0.5000000), wk =   0.0000000
        k(   20) = (   0.0000000   0.0000000  -1.0000000), wk =   0.0000000
        k(   21) = (  -1.0000000   0.0000000   0.0000000), wk =   0.1250000
        k(   22) = (  -0.5000000   0.5000000   0.5000000), wk =   0.0000000
        k(   23) = (   1.0000000  -0.0000000  -0.0000000), wk =   0.0000000
        k(   24) = (   0.5000000  -0.5000000  -0.5000000), wk =   0.0000000
        k(   25) = (   0.0000000   0.0000000   1.0000000), wk =   0.1250000
        k(   26) = (   0.5000000   0.5000000   1.5000000), wk =   0.0000000
        k(   27) = (  -0.0000000  -0.0000000  -1.0000000), wk =   0.0000000
        k(   28) = (  -0.5000000  -0.5000000  -1.5000000), wk =   0.0000000
        k(   29) = (  -0.5000000   0.5000000   0.5000000), wk =   0.1250000
        k(   30) = (   0.0000000   1.0000000   1.0000000), wk =   0.0000000
        k(   31) = (   0.5000000  -0.5000000  -0.5000000), wk =   0.0000000
        k(   32) = (   0.0000000  -1.0000000  -1.0000000), wk =   0.0000000

     Dense  grid:     3287 G-vectors     FFT dimensions: (  24,  24,  24)

     Estimated max dynamical RAM per process >       3.29 MB

     Estimated total dynamical RAM >      13.16 MB

     The potential is recalculated from file :
     /home/nicola/CODES/q-e-kcw/tempdir/kcw/q3/Si.save/charge-density

     Starting wfcs are   16 atomic wfcs

     Band Structure Calculation
     Davidson diagonalization with overlap

     ethr =  1.25E-10,  avg # of iterations = 10.6

     total cpu time spent up to now is       -1.0 secs

     End of band structure calculation

          k = 0.0000 0.0000 0.0000 (   411 PWs)   bands (ev):

    -5.7047  -5.7047   6.3115   6.3115   6.3611   6.3611   6.3611   6.3611
     8.7146   8.7146   8.7504

          k = 0.5000 0.5000 0.5000 (   410 PWs)   bands (ev):

    -3.3363  -3.3363  -0.7601  -0.7601   5.0942   5.0942   5.1269   5.1269
     7.6784   7.6784   9.4869

          k =-0.0000-0.0000-0.0000 (   411 PWs)   bands (ev):

    -5.7047  -5.7047   6.3115   6.3115   6.3611   6.3611   6.3611   6.3611
     8.7146   8.7146   8.7504

          k =-0.5000-0.5000-0.5000 (   410 PWs)   bands (ev):

    -3.3363  -3.3363  -0.7601  -0.7601   5.0942   5.0942   5.1269   5.1269
     7.6784   7.6784   9.4869

          k =-0.5000 0.5000-0.5000 (   410 PWs)   bands (ev):

    -3.3363  -3.3363  -0.7601  -0.7601   5.0942   5.0942   5.1269   5.1269
     7.6784   7.6784   9.4869

          k = 0.0000 1.0000 0.0000 (   412 PWs)   bands (ev):

    -1.5308  -1.5308  -1.5308  -1.5308   3.4058   3.4058   3.4058   3.4058
     6.7665   6.7665   6.7665

          k = 0.5000-0.5000 0.5000 (   410 PWs)   bands (ev):

    -3.3363  -3.3363  -0.7601  -0.7601   5.0942   5.0942   5.1269   5.1269
     7.6784   7.6784   9.4869

          k = 0.0000-1.0000 0.0000 (   412 PWs)   bands (ev):

    -1.5308  -1.5308  -1.5308  -1.5308   3.4058   3.4058   3.4058   3.4058
     6.7665   6.7665   6.7665

          k = 0.5000 0.5000 0.5000 (   410 PWs)   bands (ev):

    -3.3363  -3.3363  -0.7601  -0.7601   5.0942   5.0942   5.1269   5.1269
     7.6784   7.6784   9.4869

          k = 1.0000 1.0000 1.0000 (   411 PWs)   bands (ev):

    -5.7047  -5.7047   6.3115   6.3115   6.3611   6.3611   6.3611   6.3611
     8.7146   8.7146   8.7504

          k =-0.5000-0.5000-0.5000 (   410 PWs)   bands (ev):

    -3.3363  -3.3363  -0.7601  -0.7601   5.0942   5.0942   5.1269   5.1269
     7.6784   7.6784   9.4869

          k =-1.0000-1.0000-1.0000 (   411 PWs)   bands (ev):

    -5.7047  -5.7047   6.3115   6.3115   6.3611   6.3611   6.3611   6.3611
     8.7146   8.7146   8.7504

          k = 0.0000 1.0000 0.0000 (   412 PWs)   bands (ev):

    -1.5308  -1.5308  -1.5308  -1.5308   3.4058   3.4058   3.4058   3.4058
     6.7665   6.7665   6.7665

          k = 0.5000 1.5000 0.5000 (   410 PWs)   bands (ev):

    -3.3363  -3.3363  -0.7601  -0.7601   5.0942   5.0942   5.1269   5.1269
     7.6784   7.6784   9.4869

          k =-0.0000-1.0000-0.0000 (   412 PWs)   bands (ev):

    -1.5308  -1.5308  -1.5308  -1.5308   3.4058   3.4058   3.4058   3.4058
     6.7665   6.7665   6.7665

          k =-0.5000-1.5000-0.5000 (   410 PWs)   bands (ev):

    -3.3363  -3.3363  -0.7601  -0.7601   5.0942   5.0942   5.1269   5.1269
     7.6784   7.6784   9.4869

          k =-0.5000-0.5000 0.5000 (   410 PWs)   bands (ev):

    -3.3363  -3.3363  -0.7601  -0.7601   5.0942   5.0942   5.1269   5.1269
     7.6784   7.6784   9.4869

          k = 0.0000 0.0000 1.0000 (   412 PWs)   bands (ev):

    -1.5308  -1.5308  -1.5308  -1.5308   3.4058   3.4058   3.4058   3.4058
     6.7665   6.7665   6.7665

          k = 0.5000 0.5000-0.5000 (   410 PWs)   bands (ev):

    -3.3363  -3.3363  -0.7601  -0.7601   5.0942   5.0942   5.1269   5.1269
     7.6784   7.6784   9.4869

          k = 0.0000 0.0000-1.0000 (   412 PWs)   bands (ev):

    -1.5308  -1.5308  -1.5308  -1.5308   3.4058   3.4058   3.4058   3.4058
     6.7665   6.7665   6.7665

          k =-1.0000 0.0000 0.0000 (   412 PWs)   bands (ev):

    -1.5308  -1.5308  -1.5308  -1.5308   3.4058   3.4058   3.4058   3.4058
     6.7665   6.7665   6.7665

          k =-0.5000 0.5000 0.5000 (   410 PWs)   bands (ev):

    -3.3363  -3.3363  -0.7601  -0.7601   5.0942   5.0942   5.1269   5.1269
     7.6784   7.6784   9.4869

          k = 1.0000-0.0000-0.0000 (   412 PWs)   bands (ev):

    -1.5308  -1.5308  -1.5308  -1.5308   3.4058   3.4058   3.4058   3.4058
     6.7665   6.7665   6.7665

          k = 0.5000-0.5000-0.5000 (   410 PWs)   bands (ev):

    -3.3363  -3.3363  -0.7601  -0.7601   5.0942   5.0942   5.1269   5.1269
     7.6784   7.6784   9.4869

          k = 0.0000 0.0000 1.0000 (   412 PWs)   bands (ev):

    -1.5308  -1.5308  -1.5308  -1.5308   3.4058   3.4058   3.4058   3.4058
     6.7665   6.7665   6.7665

          k = 0.5000 0.5000 1.5000 (   410 PWs)   bands (ev):

    -3.3363  -3.3363  -0.7601  -0.7601   5.0942   5.0942   5.1269   5.1269
     7.6784   7.6784   9.4869

          k =-0.0000-0.0000-1.0000 (   412 PWs)   bands (ev):

    -1.5308  -1.5308  -1.5308  -1.5308   3.4058   3.4058   3.4058   3.4058
     6.7665   6.7665   6.7665

          k =-0.5000-0.5000-1.5000 (   410 PWs)   bands (ev):

    -3.3363  -3.3363  -0.7601  -0.7601   5.0942   5.0942   5.1269   5.1269
     7.6784   7.6784   9.4869

          k =-0.5000 0.5000 0.5000 (   410 PWs)   bands (ev):

    -3.3363  -3.3363  -0.7601  -0.7601   5.0942   5.0942   5.1269   5.1269
     7.6784   7.6784   9.4869

          k = 0.0000 1.0000 1.0000 (   412 PWs)   bands (ev):

    -1.5308  -1.5308  -1.5308  -1.5308   3.4058   3.4058   3.4058   3.4058
     6.7665   6.7665   6.7665

          k = 0.5000-0.5000-0.5000 (   410 PWs)   bands (ev):

    -3.3363  -3.3363  -0.7601  -0.7601   5.0942   5.0942   5.1269   5.1269
     7.6784   7.6784   9.4869

          k = 0.0000-1.0000-1.0000 (   412 PWs)   bands (ev):

    -1.5308  -1.5308  -1.5308  -1.5308   3.4058   3.4058   3.4058   3.4058
     6.7665   6.7665   6.7665

     highest occupied, lowest unoccupied level (ev):     6.3611    6.7665

     Writing all to output data dir /home/nicola/CODES/q-e-kcw/tempdir/kcw/q3/Si.save/ :
     XML data file, pseudopotentials, collected wavefunctions

        INFO: NSCF calculation DONE

        INFO: kcw_q initialization DONE


        Start LR calculation for the wannier #  1   iq =  3   spin =  1

        SYM : iwann=     1 iq =     3 weight =   0.12500000

      iter #   1 total cpu time :   156.0 secs   av.it.:  13.0
      thresh= 1.000E-06 alpha_mix =  0.700 |ddv_scf|^2 =  3.634E-07

      iter #   2 total cpu time :   156.6 secs   av.it.:  12.9
      thresh= 1.000E-06 alpha_mix =  0.700 |ddv_scf|^2 =  2.627E-07

      iter #   3 total cpu time :   157.1 secs   av.it.:  12.0
      thresh= 1.000E-06 alpha_mix =  0.700 |ddv_scf|^2 =  1.307E-10

      iter #   4 total cpu time :   157.6 secs   av.it.:  11.1
      thresh= 1.143E-07 alpha_mix =  0.700 |ddv_scf|^2 =  3.354E-12

      iter #   5 total cpu time :   158.1 secs   av.it.:  11.6
      thresh= 1.831E-08 alpha_mix =  0.700 |ddv_scf|^2 =  1.029E-13

      iter #   6 total cpu time :   158.7 secs   av.it.:  12.8
      thresh= 3.207E-09 alpha_mix =  0.700 |ddv_scf|^2 =  6.258E-15

      iter #   7 total cpu time :   159.2 secs   av.it.:  12.6
      thresh= 7.911E-10 alpha_mix =  0.700 |ddv_scf|^2 =  4.458E-16

      iter #   8 total cpu time :   159.8 secs   av.it.:  11.9
      thresh= 2.111E-10 alpha_mix =  0.700 |ddv_scf|^2 =  4.353E-16

      iter #   9 total cpu time :   160.3 secs   av.it.:  11.9
      thresh= 2.086E-10 alpha_mix =  0.700 |ddv_scf|^2 =  9.499E-18

      iter #  10 total cpu time :   160.8 secs   av.it.:  12.8
      thresh= 3.082E-11 alpha_mix =  0.700 |ddv_scf|^2 =  7.652E-19

      iter #  11 total cpu time :   161.4 secs   av.it.:  11.9
      thresh= 8.748E-12 alpha_mix =  0.700 |ddv_scf|^2 =  3.917E-20

        iq =   3   iwann =   1   rPi_q =     0.02426792     0.00000000   uPi_q =     0.06482688    -0.00000000   SH_q =     0.04036068    -0.00000000

        Start LR calculation for the wannier #  2   iq =  3   spin =  1

        SYM : iwann=     2 iq =     3 weight =   0.12500000

      iter #   1 total cpu time :   161.9 secs   av.it.:  13.1
      thresh= 1.000E-06 alpha_mix =  0.700 |ddv_scf|^2 =  3.634E-07

      iter #   2 total cpu time :   162.5 secs   av.it.:  12.9
      thresh= 1.000E-06 alpha_mix =  0.700 |ddv_scf|^2 =  2.627E-07

      iter #   3 total cpu time :   163.0 secs   av.it.:  12.0
      thresh= 1.000E-06 alpha_mix =  0.700 |ddv_scf|^2 =  1.307E-10

      iter #   4 total cpu time :   163.5 secs   av.it.:  11.1
      thresh= 1.143E-07 alpha_mix =  0.700 |ddv_scf|^2 =  3.354E-12

      iter #   5 total cpu time :   164.1 secs   av.it.:  11.6
      thresh= 1.831E-08 alpha_mix =  0.700 |ddv_scf|^2 =  1.029E-13

      iter #   6 total cpu time :   164.6 secs   av.it.:  12.8
      thresh= 3.207E-09 alpha_mix =  0.700 |ddv_scf|^2 =  6.325E-15

      iter #   7 total cpu time :   165.2 secs   av.it.:  12.6
      thresh= 7.953E-10 alpha_mix =  0.700 |ddv_scf|^2 =  1.057E-15

      iter #   8 total cpu time :   165.7 secs   av.it.:  11.8
      thresh= 3.251E-10 alpha_mix =  0.700 |ddv_scf|^2 =  2.653E-16

      iter #   9 total cpu time :   166.2 secs   av.it.:  12.2
      thresh= 1.629E-10 alpha_mix =  0.700 |ddv_scf|^2 =  8.163E-18

      iter #  10 total cpu time :   166.8 secs   av.it.:  12.8
      thresh= 2.857E-11 alpha_mix =  0.700 |ddv_scf|^2 =  7.592E-19

      iter #  11 total cpu time :   167.3 secs   av.it.:  11.9
      thresh= 8.713E-12 alpha_mix =  0.700 |ddv_scf|^2 =  2.836E-20

        iq =   3   iwann =   2   rPi_q =     0.02426791     0.00000000   uPi_q =     0.06482688    -0.00000000   SH_q =     0.04036068    -0.00000000

        Start LR calculation for the wannier #  3   iq =  3   spin =  1

        SYM : iwann=     3 iq =     3 weight =   0.12500000

      iter #   1 total cpu time :   167.9 secs   av.it.:  13.0
      thresh= 1.000E-06 alpha_mix =  0.700 |ddv_scf|^2 =  1.975E-06

      iter #   2 total cpu time :   168.5 secs   av.it.:  13.9
      thresh= 1.000E-06 alpha_mix =  0.700 |ddv_scf|^2 =  1.065E-05

      iter #   3 total cpu time :   169.1 secs   av.it.:  13.8
      thresh= 1.000E-06 alpha_mix =  0.700 |ddv_scf|^2 =  2.764E-10

      iter #   4 total cpu time :   169.6 secs   av.it.:  12.0
      thresh= 1.663E-07 alpha_mix =  0.700 |ddv_scf|^2 =  2.572E-11

      iter #   5 total cpu time :   170.1 secs   av.it.:  11.9
      thresh= 5.072E-08 alpha_mix =  0.700 |ddv_scf|^2 =  6.510E-13

      iter #   6 total cpu time :   170.7 secs   av.it.:  12.6
      thresh= 8.069E-09 alpha_mix =  0.700 |ddv_scf|^2 =  1.371E-14

      iter #   7 total cpu time :   171.2 secs   av.it.:  12.6
      thresh= 1.171E-09 alpha_mix =  0.700 |ddv_scf|^2 =  1.399E-15

      iter #   8 total cpu time :   171.8 secs   av.it.:  12.6
      thresh= 3.740E-10 alpha_mix =  0.700 |ddv_scf|^2 =  2.794E-17

      iter #   9 total cpu time :   172.3 secs   av.it.:  12.1
      thresh= 5.286E-11 alpha_mix =  0.700 |ddv_scf|^2 =  2.739E-18

      iter #  10 total cpu time :   172.9 secs   av.it.:  12.8
      thresh= 1.655E-11 alpha_mix =  0.700 |ddv_scf|^2 =  1.139E-19

        iq =   3   iwann =   3   rPi_q =     0.00998861     0.00000000   uPi_q =     0.05952905    -0.00000000   SH_q =     0.03746746    -0.00000000

        Start LR calculation for the wannier #  4   iq =  3   spin =  1

        SYM : iwann=     4 iq =     3 weight =   0.12500000

      iter #   1 total cpu time :   173.5 secs   av.it.:  13.0
      thresh= 1.000E-06 alpha_mix =  0.700 |ddv_scf|^2 =  1.975E-06

      iter #   2 total cpu time :   174.1 secs   av.it.:  13.9
      thresh= 1.000E-06 alpha_mix =  0.700 |ddv_scf|^2 =  1.065E-05

      iter #   3 total cpu time :   174.7 secs   av.it.:  13.8
      thresh= 1.000E-06 alpha_mix =  0.700 |ddv_scf|^2 =  2.764E-10

      iter #   4 total cpu time :   175.2 secs   av.it.:  12.0
      thresh= 1.663E-07 alpha_mix =  0.700 |ddv_scf|^2 =  2.572E-11

      iter #   5 total cpu time :   175.7 secs   av.it.:  11.9
      thresh= 5.072E-08 alpha_mix =  0.700 |ddv_scf|^2 =  6.510E-13

      iter #   6 total cpu time :   176.3 secs   av.it.:  12.6
      thresh= 8.069E-09 alpha_mix =  0.700 |ddv_scf|^2 =  1.371E-14

      iter #   7 total cpu time :   176.8 secs   av.it.:  12.4
      thresh= 1.171E-09 alpha_mix =  0.700 |ddv_scf|^2 =  1.399E-15

      iter #   8 total cpu time :   177.4 secs   av.it.:  12.6
      thresh= 3.740E-10 alpha_mix =  0.700 |ddv_scf|^2 =  2.794E-17

      iter #   9 total cpu time :   177.9 secs   av.it.:  11.9
      thresh= 5.286E-11 alpha_mix =  0.700 |ddv_scf|^2 =  2.739E-18

      iter #  10 total cpu time :   178.5 secs   av.it.:  12.8
      thresh= 1.655E-11 alpha_mix =  0.700 |ddv_scf|^2 =  1.133E-19

        iq =   3   iwann =   4   rPi_q =     0.00998861     0.00000000   uPi_q =     0.05952905    -0.00000000   SH_q =     0.03746746     0.00000000

        Start LR calculation for the wannier #  5   iq =  3   spin =  1

        SYM : iwann=     5 iq =     3 weight =   0.12500000

      iter #   1 total cpu time :   179.0 secs   av.it.:  13.1
      thresh= 1.000E-06 alpha_mix =  0.700 |ddv_scf|^2 =  3.634E-07

      iter #   2 total cpu time :   179.6 secs   av.it.:  12.9
      thresh= 1.000E-06 alpha_mix =  0.700 |ddv_scf|^2 =  2.627E-07

      iter #   3 total cpu time :   180.1 secs   av.it.:  12.0
      thresh= 1.000E-06 alpha_mix =  0.700 |ddv_scf|^2 =  1.307E-10

      iter #   4 total cpu time :   180.6 secs   av.it.:  11.2
      thresh= 1.143E-07 alpha_mix =  0.700 |ddv_scf|^2 =  3.354E-12

      iter #   5 total cpu time :   181.1 secs   av.it.:  11.6
      thresh= 1.831E-08 alpha_mix =  0.700 |ddv_scf|^2 =  1.029E-13

      iter #   6 total cpu time :   181.7 secs   av.it.:  12.8
      thresh= 3.208E-09 alpha_mix =  0.700 |ddv_scf|^2 =  6.302E-15

      iter #   7 total cpu time :   182.2 secs   av.it.:  12.6
      thresh= 7.938E-10 alpha_mix =  0.700 |ddv_scf|^2 =  8.405E-16

      iter #   8 total cpu time :   182.8 secs   av.it.:  11.8
      thresh= 2.899E-10 alpha_mix =  0.700 |ddv_scf|^2 =  3.050E-16

      iter #   9 total cpu time :   183.3 secs   av.it.:  12.2
      thresh= 1.746E-10 alpha_mix =  0.700 |ddv_scf|^2 =  8.423E-18

      iter #  10 total cpu time :   183.9 secs   av.it.:  12.8
      thresh= 2.902E-11 alpha_mix =  0.700 |ddv_scf|^2 =  7.614E-19

      iter #  11 total cpu time :   184.4 secs   av.it.:  11.9
      thresh= 8.726E-12 alpha_mix =  0.700 |ddv_scf|^2 =  3.138E-20

        iq =   3   iwann =   5   rPi_q =     0.02426740     0.00000000   uPi_q =     0.06482607    -0.00000000   SH_q =     0.04036068    -0.00000000

        Start LR calculation for the wannier #  6   iq =  3   spin =  1

        SYM : iwann=     6 iq =     3 weight =   0.12500000

      iter #   1 total cpu time :   185.0 secs   av.it.:  13.1
      thresh= 1.000E-06 alpha_mix =  0.700 |ddv_scf|^2 =  3.634E-07

      iter #   2 total cpu time :   185.5 secs   av.it.:  12.9
      thresh= 1.000E-06 alpha_mix =  0.700 |ddv_scf|^2 =  2.627E-07

      iter #   3 total cpu time :   186.1 secs   av.it.:  12.0
      thresh= 1.000E-06 alpha_mix =  0.700 |ddv_scf|^2 =  1.307E-10

      iter #   4 total cpu time :   186.6 secs   av.it.:  11.4
      thresh= 1.143E-07 alpha_mix =  0.700 |ddv_scf|^2 =  3.354E-12

      iter #   5 total cpu time :   187.1 secs   av.it.:  11.6
      thresh= 1.831E-08 alpha_mix =  0.700 |ddv_scf|^2 =  1.029E-13

      iter #   6 total cpu time :   187.7 secs   av.it.:  12.8
      thresh= 3.208E-09 alpha_mix =  0.700 |ddv_scf|^2 =  6.407E-15

      iter #   7 total cpu time :   188.3 secs   av.it.:  12.8
      thresh= 8.004E-10 alpha_mix =  0.700 |ddv_scf|^2 =  1.782E-15

      iter #   8 total cpu time :   188.8 secs   av.it.:  11.4
      thresh= 4.221E-10 alpha_mix =  0.700 |ddv_scf|^2 =  1.926E-16

      iter #   9 total cpu time :   189.3 secs   av.it.:  12.4
      thresh= 1.388E-10 alpha_mix =  0.700 |ddv_scf|^2 =  7.679E-18

      iter #  10 total cpu time :   189.9 secs   av.it.:  12.8
      thresh= 2.771E-11 alpha_mix =  0.700 |ddv_scf|^2 =  7.501E-19

      iter #  11 total cpu time :   190.4 secs   av.it.:  12.0
      thresh= 8.661E-12 alpha_mix =  0.700 |ddv_scf|^2 =  2.247E-20

        iq =   3   iwann =   6   rPi_q =     0.02426742     0.00000000   uPi_q =     0.06482607    -0.00000000   SH_q =     0.04036068     0.00000000

        Start LR calculation for the wannier #  7   iq =  3   spin =  1

        SYM : iwann=     7 iq =     3 weight =   0.12500000

      iter #   1 total cpu time :   191.0 secs   av.it.:  13.1
      thresh= 1.000E-06 alpha_mix =  0.700 |ddv_scf|^2 =  3.634E-07

      iter #   2 total cpu time :   191.6 secs   av.it.:  12.9
      thresh= 1.000E-06 alpha_mix =  0.700 |ddv_scf|^2 =  2.627E-07

      iter #   3 total cpu time :   192.1 secs   av.it.:  12.0
      thresh= 1.000E-06 alpha_mix =  0.700 |ddv_scf|^2 =  1.307E-10

      iter #   4 total cpu time :   192.6 secs   av.it.:  11.4
      thresh= 1.143E-07 alpha_mix =  0.700 |ddv_scf|^2 =  3.353E-12

      iter #   5 total cpu time :   193.1 secs   av.it.:  11.8
      thresh= 1.831E-08 alpha_mix =  0.700 |ddv_scf|^2 =  1.029E-13

      iter #   6 total cpu time :   193.7 secs   av.it.:  12.8
      thresh= 3.207E-09 alpha_mix =  0.700 |ddv_scf|^2 =  6.296E-15

      iter #   7 total cpu time :   194.3 secs   av.it.:  12.8
      thresh= 7.935E-10 alpha_mix =  0.700 |ddv_scf|^2 =  7.807E-16

      iter #   8 total cpu time :   194.8 secs   av.it.:  11.8
      thresh= 2.794E-10 alpha_mix =  0.700 |ddv_scf|^2 =  3.194E-16

      iter #   9 total cpu time :   195.3 secs   av.it.:  12.2
      thresh= 1.787E-10 alpha_mix =  0.700 |ddv_scf|^2 =  8.531E-18

      iter #  10 total cpu time :   195.9 secs   av.it.:  12.8
      thresh= 2.921E-11 alpha_mix =  0.700 |ddv_scf|^2 =  7.628E-19

      iter #  11 total cpu time :   196.4 secs   av.it.:  11.9
      thresh= 8.734E-12 alpha_mix =  0.700 |ddv_scf|^2 =  3.229E-20

        iq =   3   iwann =   7   rPi_q =     0.02427751    -0.00000000   uPi_q =     0.06483539    -0.00000000   SH_q =     0.04036068    -0.00000000

        Start LR calculation for the wannier #  8   iq =  3   spin =  1

        SYM : iwann=     8 iq =     3 weight =   0.12500000

      iter #   1 total cpu time :   197.0 secs   av.it.:  13.1
      thresh= 1.000E-06 alpha_mix =  0.700 |ddv_scf|^2 =  3.634E-07

      iter #   2 total cpu time :   197.6 secs   av.it.:  12.9
      thresh= 1.000E-06 alpha_mix =  0.700 |ddv_scf|^2 =  2.627E-07

      iter #   3 total cpu time :   198.1 secs   av.it.:  12.0
      thresh= 1.000E-06 alpha_mix =  0.700 |ddv_scf|^2 =  1.307E-10

      iter #   4 total cpu time :   198.6 secs   av.it.:  11.4
      thresh= 1.143E-07 alpha_mix =  0.700 |ddv_scf|^2 =  3.353E-12

      iter #   5 total cpu time :   199.1 secs   av.it.:  11.8
      thresh= 1.831E-08 alpha_mix =  0.700 |ddv_scf|^2 =  1.029E-13

      iter #   6 total cpu time :   199.7 secs   av.it.:  12.8
      thresh= 3.207E-09 alpha_mix =  0.700 |ddv_scf|^2 =  6.246E-15

      iter #   7 total cpu time :   200.3 secs   av.it.:  12.6
      thresh= 7.903E-10 alpha_mix =  0.700 |ddv_scf|^2 =  3.204E-16

      iter #   8 total cpu time :   200.8 secs   av.it.:  12.0
      thresh= 1.790E-10 alpha_mix =  0.700 |ddv_scf|^2 =  4.971E-16

      iter #   9 total cpu time :   201.3 secs   av.it.:  11.9
      thresh= 2.230E-10 alpha_mix =  0.700 |ddv_scf|^2 =  1.037E-17

      iter #  10 total cpu time :   201.9 secs   av.it.:  12.8
      thresh= 3.220E-11 alpha_mix =  0.700 |ddv_scf|^2 =  7.585E-19

      iter #  11 total cpu time :   202.5 secs   av.it.:  11.9
      thresh= 8.709E-12 alpha_mix =  0.700 |ddv_scf|^2 =  4.182E-20

        iq =   3   iwann =   8   rPi_q =     0.02427751    -0.00000000   uPi_q =     0.06483539    -0.00000000   SH_q =     0.04036068     0.00000000

        Start LR calculation for the wannier #  9   iq =  3   spin =  1

        SYM : iwann=     9 iq =     3 weight =   0.12500000

      iter #   1 total cpu time :   203.0 secs   av.it.:  12.5
      thresh= 1.000E-06 alpha_mix =  0.700 |ddv_scf|^2 =  9.441E-08

      iter #   2 total cpu time :   203.6 secs   av.it.:  12.6
      thresh= 1.000E-06 alpha_mix =  0.700 |ddv_scf|^2 =  4.919E-07

      iter #   3 total cpu time :   204.1 secs   av.it.:  12.2
      thresh= 1.000E-06 alpha_mix =  0.700 |ddv_scf|^2 =  4.027E-10

      iter #   4 total cpu time :   204.7 secs   av.it.:  11.8
      thresh= 2.007E-07 alpha_mix =  0.700 |ddv_scf|^2 =  2.483E-12

      iter #   5 total cpu time :   205.2 secs   av.it.:  11.9
      thresh= 1.576E-08 alpha_mix =  0.700 |ddv_scf|^2 =  2.608E-13

      iter #   6 total cpu time :   205.8 secs   av.it.:  12.8
      thresh= 5.107E-09 alpha_mix =  0.700 |ddv_scf|^2 =  4.987E-15

      iter #   7 total cpu time :   206.3 secs   av.it.:  12.9
      thresh= 7.062E-10 alpha_mix =  0.700 |ddv_scf|^2 =  4.829E-16

      iter #   8 total cpu time :   206.9 secs   av.it.:  12.5
      thresh= 2.197E-10 alpha_mix =  0.700 |ddv_scf|^2 =  1.788E-16

      iter #   9 total cpu time :   207.4 secs   av.it.:  12.2
      thresh= 1.337E-10 alpha_mix =  0.700 |ddv_scf|^2 =  3.220E-17

      iter #  10 total cpu time :   208.0 secs   av.it.:  12.2
      thresh= 5.675E-11 alpha_mix =  0.700 |ddv_scf|^2 =  6.772E-18

      iter #  11 total cpu time :   208.5 secs   av.it.:  12.1
      thresh= 2.602E-11 alpha_mix =  0.700 |ddv_scf|^2 =  4.531E-19

        iq =   3   iwann =   9   rPi_q =     0.00002697    -0.00000000   uPi_q =     0.00570606    -0.00000000   SH_q =     0.00612169    -0.00000000

        Start LR calculation for the wannier # 10   iq =  3   spin =  1

        SYM : iwann=    10 iq =     3 weight =   0.12500000

      iter #   1 total cpu time :   209.1 secs   av.it.:  12.5
      thresh= 1.000E-06 alpha_mix =  0.700 |ddv_scf|^2 =  9.441E-08

      iter #   2 total cpu time :   209.6 secs   av.it.:  12.6
      thresh= 1.000E-06 alpha_mix =  0.700 |ddv_scf|^2 =  4.919E-07

      iter #   3 total cpu time :   210.2 secs   av.it.:  12.2
      thresh= 1.000E-06 alpha_mix =  0.700 |ddv_scf|^2 =  4.027E-10

      iter #   4 total cpu time :   210.7 secs   av.it.:  11.8
      thresh= 2.007E-07 alpha_mix =  0.700 |ddv_scf|^2 =  2.483E-12

      iter #   5 total cpu time :   211.2 secs   av.it.:  12.0
      thresh= 1.576E-08 alpha_mix =  0.700 |ddv_scf|^2 =  2.608E-13

      iter #   6 total cpu time :   211.8 secs   av.it.:  12.8
      thresh= 5.107E-09 alpha_mix =  0.700 |ddv_scf|^2 =  4.987E-15

      iter #   7 total cpu time :   212.3 secs   av.it.:  12.9
      thresh= 7.062E-10 alpha_mix =  0.700 |ddv_scf|^2 =  4.835E-16

      iter #   8 total cpu time :   212.9 secs   av.it.:  12.6
      thresh= 2.199E-10 alpha_mix =  0.700 |ddv_scf|^2 =  1.792E-16

      iter #   9 total cpu time :   213.4 secs   av.it.:  12.2
      thresh= 1.339E-10 alpha_mix =  0.700 |ddv_scf|^2 =  3.216E-17

      iter #  10 total cpu time :   214.0 secs   av.it.:  12.2
      thresh= 5.671E-11 alpha_mix =  0.700 |ddv_scf|^2 =  6.777E-18

      iter #  11 total cpu time :   214.5 secs   av.it.:  12.1
      thresh= 2.603E-11 alpha_mix =  0.700 |ddv_scf|^2 =  4.530E-19

        iq =   3   iwann =  10   rPi_q =     0.00002698    -0.00000000   uPi_q =     0.00570607    -0.00000000   SH_q =     0.00612170    -0.00000000

        Start LR calculation for the wannier # 11   iq =  3   spin =  1

        SYM : iwann=    11 iq =     3 weight =   0.12500000

      iter #   1 total cpu time :   215.1 secs   av.it.:  12.9
      thresh= 1.000E-06 alpha_mix =  0.700 |ddv_scf|^2 =  2.281E-07

      iter #   2 total cpu time :   215.6 secs   av.it.:  12.8
      thresh= 1.000E-06 alpha_mix =  0.700 |ddv_scf|^2 =  1.693E-07

      iter #   3 total cpu time :   216.2 secs   av.it.:  12.2
      thresh= 1.000E-06 alpha_mix =  0.700 |ddv_scf|^2 =  9.370E-12

      iter #   4 total cpu time :   216.7 secs   av.it.:  11.8
      thresh= 3.061E-08 alpha_mix =  0.700 |ddv_scf|^2 =  3.641E-13

      iter #   5 total cpu time :   217.3 secs   av.it.:  12.8
      thresh= 6.034E-09 alpha_mix =  0.700 |ddv_scf|^2 =  5.144E-13

      iter #   6 total cpu time :   217.8 secs   av.it.:  11.9
      thresh= 7.172E-09 alpha_mix =  0.700 |ddv_scf|^2 =  5.812E-14

      iter #   7 total cpu time :   218.4 secs   av.it.:  12.1
      thresh= 2.411E-09 alpha_mix =  0.700 |ddv_scf|^2 =  3.173E-15

      iter #   8 total cpu time :   218.9 secs   av.it.:  12.1
      thresh= 5.633E-10 alpha_mix =  0.700 |ddv_scf|^2 =  2.585E-17

      iter #   9 total cpu time :   219.5 secs   av.it.:  12.5
      thresh= 5.084E-11 alpha_mix =  0.700 |ddv_scf|^2 =  3.469E-18

      iter #  10 total cpu time :   220.0 secs   av.it.:  12.6
      thresh= 1.862E-11 alpha_mix =  0.700 |ddv_scf|^2 =  2.583E-20

        iq =   3   iwann =  11   rPi_q =     0.01017487    -0.00000000   uPi_q =     0.03114726    -0.00000000   SH_q =     0.01954974    -0.00000000

        Start LR calculation for the wannier # 12   iq =  3   spin =  1

        SYM : iwann=    12 iq =     3 weight =   0.12500000

      iter #   1 total cpu time :   220.6 secs   av.it.:  12.9
      thresh= 1.000E-06 alpha_mix =  0.700 |ddv_scf|^2 =  2.281E-07

      iter #   2 total cpu time :   221.1 secs   av.it.:  12.8
      thresh= 1.000E-06 alpha_mix =  0.700 |ddv_scf|^2 =  1.693E-07

      iter #   3 total cpu time :   221.7 secs   av.it.:  12.2
      thresh= 1.000E-06 alpha_mix =  0.700 |ddv_scf|^2 =  9.370E-12

      iter #   4 total cpu time :   222.2 secs   av.it.:  11.8
      thresh= 3.061E-08 alpha_mix =  0.700 |ddv_scf|^2 =  3.643E-13

      iter #   5 total cpu time :   222.8 secs   av.it.:  12.8
      thresh= 6.036E-09 alpha_mix =  0.700 |ddv_scf|^2 =  5.150E-13

      iter #   6 total cpu time :   223.3 secs   av.it.:  11.9
      thresh= 7.176E-09 alpha_mix =  0.700 |ddv_scf|^2 =  5.807E-14

      iter #   7 total cpu time :   223.8 secs   av.it.:  12.1
      thresh= 2.410E-09 alpha_mix =  0.700 |ddv_scf|^2 =  3.173E-15

      iter #   8 total cpu time :   224.4 secs   av.it.:  12.1
      thresh= 5.633E-10 alpha_mix =  0.700 |ddv_scf|^2 =  2.585E-17

      iter #   9 total cpu time :   224.9 secs   av.it.:  12.5
      thresh= 5.084E-11 alpha_mix =  0.700 |ddv_scf|^2 =  3.469E-18

      iter #  10 total cpu time :   225.5 secs   av.it.:  12.6
      thresh= 1.862E-11 alpha_mix =  0.700 |ddv_scf|^2 =  2.583E-20

        iq =   3   iwann =  12   rPi_q =     0.01017487    -0.00000000   uPi_q =     0.03114725    -0.00000000   SH_q =     0.01954974    -0.00000000

        Start LR calculation for the wannier # 13   iq =  3   spin =  1

        SYM : iwann=    13 iq =     3 weight =   0.12500000

      iter #   1 total cpu time :   226.0 secs   av.it.:  12.9
      thresh= 1.000E-06 alpha_mix =  0.700 |ddv_scf|^2 =  2.281E-07

      iter #   2 total cpu time :   226.6 secs   av.it.:  12.8
      thresh= 1.000E-06 alpha_mix =  0.700 |ddv_scf|^2 =  1.693E-07

      iter #   3 total cpu time :   227.1 secs   av.it.:  12.2
      thresh= 1.000E-06 alpha_mix =  0.700 |ddv_scf|^2 =  9.360E-12

      iter #   4 total cpu time :   227.6 secs   av.it.:  11.8
      thresh= 3.059E-08 alpha_mix =  0.700 |ddv_scf|^2 =  3.637E-13

      iter #   5 total cpu time :   228.2 secs   av.it.:  12.6
      thresh= 6.031E-09 alpha_mix =  0.700 |ddv_scf|^2 =  5.142E-13

      iter #   6 total cpu time :   228.7 secs   av.it.:  11.9
      thresh= 7.171E-09 alpha_mix =  0.700 |ddv_scf|^2 =  5.743E-14

      iter #   7 total cpu time :   229.3 secs   av.it.:  12.1
      thresh= 2.396E-09 alpha_mix =  0.700 |ddv_scf|^2 =  3.168E-15

      iter #   8 total cpu time :   229.8 secs   av.it.:  12.2
      thresh= 5.629E-10 alpha_mix =  0.700 |ddv_scf|^2 =  2.554E-17

      iter #   9 total cpu time :   230.4 secs   av.it.:  12.5
      thresh= 5.054E-11 alpha_mix =  0.700 |ddv_scf|^2 =  3.423E-18

      iter #  10 total cpu time :   230.9 secs   av.it.:  12.8
      thresh= 1.850E-11 alpha_mix =  0.700 |ddv_scf|^2 =  2.538E-20

        iq =   3   iwann =  13   rPi_q =     0.01018797     0.00000000   uPi_q =     0.03115788    -0.00000000   SH_q =     0.01954973    -0.00000000

        Start LR calculation for the wannier # 14   iq =  3   spin =  1

        SYM : iwann=    14 iq =     3 weight =   0.12500000

      iter #   1 total cpu time :   231.5 secs   av.it.:  12.9
      thresh= 1.000E-06 alpha_mix =  0.700 |ddv_scf|^2 =  2.281E-07

      iter #   2 total cpu time :   232.0 secs   av.it.:  12.8
      thresh= 1.000E-06 alpha_mix =  0.700 |ddv_scf|^2 =  1.693E-07

      iter #   3 total cpu time :   232.6 secs   av.it.:  12.2
      thresh= 1.000E-06 alpha_mix =  0.700 |ddv_scf|^2 =  9.360E-12

      iter #   4 total cpu time :   233.1 secs   av.it.:  11.8
      thresh= 3.059E-08 alpha_mix =  0.700 |ddv_scf|^2 =  3.639E-13

      iter #   5 total cpu time :   233.6 secs   av.it.:  12.6
      thresh= 6.032E-09 alpha_mix =  0.700 |ddv_scf|^2 =  5.146E-13

      iter #   6 total cpu time :   234.2 secs   av.it.:  11.9
      thresh= 7.173E-09 alpha_mix =  0.700 |ddv_scf|^2 =  5.739E-14

      iter #   7 total cpu time :   234.7 secs   av.it.:  12.1
      thresh= 2.396E-09 alpha_mix =  0.700 |ddv_scf|^2 =  3.168E-15

      iter #   8 total cpu time :   235.3 secs   av.it.:  12.2
      thresh= 5.629E-10 alpha_mix =  0.700 |ddv_scf|^2 =  2.554E-17

      iter #   9 total cpu time :   235.8 secs   av.it.:  12.5
      thresh= 5.054E-11 alpha_mix =  0.700 |ddv_scf|^2 =  3.423E-18

      iter #  10 total cpu time :   236.4 secs   av.it.:  12.8
      thresh= 1.850E-11 alpha_mix =  0.700 |ddv_scf|^2 =  2.538E-20

        iq =   3   iwann =  14   rPi_q =     0.01018797     0.00000000   uPi_q =     0.03115788    -0.00000000   SH_q =     0.01954973     0.00000000

        Start LR calculation for the wannier # 15   iq =  3   spin =  1

        SYM : iwann=    15 iq =     3 weight =   0.12500000

      iter #   1 total cpu time :   236.9 secs   av.it.:  12.9
      thresh= 1.000E-06 alpha_mix =  0.700 |ddv_scf|^2 =  2.281E-07

      iter #   2 total cpu time :   237.5 secs   av.it.:  12.8
      thresh= 1.000E-06 alpha_mix =  0.700 |ddv_scf|^2 =  1.693E-07

      iter #   3 total cpu time :   238.0 secs   av.it.:  12.2
      thresh= 1.000E-06 alpha_mix =  0.700 |ddv_scf|^2 =  9.368E-12

      iter #   4 total cpu time :   238.5 secs   av.it.:  11.8
      thresh= 3.061E-08 alpha_mix =  0.700 |ddv_scf|^2 =  3.636E-13

      iter #   5 total cpu time :   239.1 secs   av.it.:  12.6
      thresh= 6.030E-09 alpha_mix =  0.700 |ddv_scf|^2 =  5.131E-13

      iter #   6 total cpu time :   239.6 secs   av.it.:  11.9
      thresh= 7.163E-09 alpha_mix =  0.700 |ddv_scf|^2 =  5.808E-14

      iter #   7 total cpu time :   240.2 secs   av.it.:  12.1
      thresh= 2.410E-09 alpha_mix =  0.700 |ddv_scf|^2 =  3.171E-15

      iter #   8 total cpu time :   240.7 secs   av.it.:  12.1
      thresh= 5.631E-10 alpha_mix =  0.700 |ddv_scf|^2 =  2.580E-17

      iter #   9 total cpu time :   241.3 secs   av.it.:  12.5
      thresh= 5.079E-11 alpha_mix =  0.700 |ddv_scf|^2 =  3.469E-18

      iter #  10 total cpu time :   241.8 secs   av.it.:  12.6
      thresh= 1.863E-11 alpha_mix =  0.700 |ddv_scf|^2 =  2.595E-20

        iq =   3   iwann =  15   rPi_q =     0.01017690    -0.00000000   uPi_q =     0.03114896     0.00000000   SH_q =     0.01954975     0.00000000

        Start LR calculation for the wannier # 16   iq =  3   spin =  1

        SYM : iwann=    16 iq =     3 weight =   0.12500000

      iter #   1 total cpu time :   242.4 secs   av.it.:  12.9
      thresh= 1.000E-06 alpha_mix =  0.700 |ddv_scf|^2 =  2.281E-07

      iter #   2 total cpu time :   242.9 secs   av.it.:  12.8
      thresh= 1.000E-06 alpha_mix =  0.700 |ddv_scf|^2 =  1.693E-07

      iter #   3 total cpu time :   243.5 secs   av.it.:  12.2
      thresh= 1.000E-06 alpha_mix =  0.700 |ddv_scf|^2 =  9.368E-12

      iter #   4 total cpu time :   244.0 secs   av.it.:  11.8
      thresh= 3.061E-08 alpha_mix =  0.700 |ddv_scf|^2 =  3.640E-13

      iter #   5 total cpu time :   244.6 secs   av.it.:  12.6
      thresh= 6.033E-09 alpha_mix =  0.700 |ddv_scf|^2 =  5.144E-13

      iter #   6 total cpu time :   245.1 secs   av.it.:  11.9
      thresh= 7.172E-09 alpha_mix =  0.700 |ddv_scf|^2 =  5.795E-14

      iter #   7 total cpu time :   245.6 secs   av.it.:  12.1
      thresh= 2.407E-09 alpha_mix =  0.700 |ddv_scf|^2 =  3.171E-15

      iter #   8 total cpu time :   246.2 secs   av.it.:  12.0
      thresh= 5.631E-10 alpha_mix =  0.700 |ddv_scf|^2 =  2.580E-17

      iter #   9 total cpu time :   246.8 secs   av.it.:  12.5
      thresh= 5.079E-11 alpha_mix =  0.700 |ddv_scf|^2 =  3.469E-18

      iter #  10 total cpu time :   247.3 secs   av.it.:  12.6
      thresh= 1.863E-11 alpha_mix =  0.700 |ddv_scf|^2 =  2.595E-20

        iq =   3   iwann =  16   rPi_q =     0.01017690    -0.00000000   uPi_q =     0.03114895    -0.00000000   SH_q =     0.01954975    -0.00000000


     ==============================================================================
     Calculation of q =    0.0000000   1.0000000   0.0000000  [Cart ]
     Calculation of q =    0.0000000   0.5000000   0.5000000  [Cryst]
     ==============================================================================

        INFO: prepare_q DONE

        INFO: rhowan_q(r) RETRIEVED


     Parallelization info
     --------------------
     sticks:   dense  smooth     PW     G-vecs:    dense   smooth      PW
     Min          73      73     30                  821      821     216
     Max          74      74     31                  823      823     218
     Sum         295     295    121                 3287     3287     869

     Using Slab Decomposition


     Title: 
     KCW Silicon screen                                                         


     bravais-lattice index     =            2
     lattice parameter (alat)  =      10.2631  a.u.
     unit-cell volume          =     270.2564 (a.u.)^3
     number of atoms/cell      =            2
     number of atomic types    =            1
     number of electrons       =         8.00
     number of Kohn-Sham states=           11
     kinetic-energy cutoff     =      20.0000  Ry
     charge density cutoff     =      80.0000  Ry
     Exchange-correlation= PW
                           (   1   4   0   0   0   0   0)
     Noncollinear calculation with spin-orbit


     celldm(1)=  10.263102  celldm(2)=   0.000000  celldm(3)=   0.000000
     celldm(4)=   0.000000  celldm(5)=   0.000000  celldm(6)=   0.000000

     crystal axes: (cart. coord. in units of alat)
               a(1) = (  -0.500000   0.000000   0.500000 )  
               a(2) = (   0.000000   0.500000   0.500000 )  
               a(3) = (  -0.500000   0.500000   0.000000 )  

     reciprocal axes: (cart. coord. in units 2 pi/alat)
               b(1) = ( -1.000000 -1.000000  1.000000 )  
               b(2) = (  1.000000  1.000000  1.000000 )  
               b(3) = ( -1.000000  1.000000 -1.000000 )  


     PseudoPot. # 1 for Si read from file:
     /home/nicola/CODES/q-e-kcw/pseudo/Si_Dojo_LDA_FR.UPF
     MD5 check sum: fa6905a911cf8388f5aa69a93393adea
     Pseudo is Norm-conserving + core correction, Zval =  4.0
     Generated using ONCVPSP code by D. R. Hamann
     Using radial grid of 1510 points, 10 beta functions with: 
                l(1) =   0
                l(2) =   0
                l(3) =   1
                l(4) =   1
                l(5) =   1
                l(6) =   1
                l(7) =   2
                l(8) =   2
                l(9) =   2
               l(10) =   2

     atomic species   valence    mass     pseudopotential
     Si                4.00    28.08500     Si( 1.00)

     No symmetry found



   Cartesian axes

     site n.     atom                  positions (alat units)
         1        Si     tau(   1) = (   0.0000000   0.0000000   0.0000000  )
         2        Si     tau(   2) = (  -0.2500000   0.2500000   0.2500000  )

     number of k points=    32
                       cart. coord. in units 2pi/alat
        k(    1) = (   0.0000000   0.0000000   0.0000000), wk =   0.1250000
        k(    2) = (   0.0000000   1.0000000   0.0000000), wk =   0.0000000
        k(    3) = (  -0.0000000  -0.0000000  -0.0000000), wk =   0.0000000
        k(    4) = (  -0.0000000  -1.0000000  -0.0000000), wk =   0.0000000
        k(    5) = (  -0.5000000   0.5000000  -0.5000000), wk =   0.1250000
        k(    6) = (  -0.5000000   1.5000000  -0.5000000), wk =   0.0000000
        k(    7) = (   0.5000000  -0.5000000   0.5000000), wk =   0.0000000
        k(    8) = (   0.5000000  -1.5000000   0.5000000), wk =   0.0000000
        k(    9) = (   0.5000000   0.5000000   0.5000000), wk =   0.1250000
        k(   10) = (   0.5000000   1.5000000   0.5000000), wk =   0.0000000
        k(   11) = (  -0.5000000  -0.5000000  -0.5000000), wk =   0.0000000
        k(   12) = (  -0.5000000  -1.5000000  -0.5000000), wk =   0.0000000
        k(   13) = (   0.0000000   1.0000000   0.0000000), wk =   0.1250000
        k(   14) = (   0.0000000   2.0000000   0.0000000), wk =   0.0000000
        k(   15) = (  -0.0000000  -1.0000000  -0.0000000), wk =   0.0000000
        k(   16) = (  -0.0000000  -2.0000000  -0.0000000), wk =   0.0000000
        k(   17) = (  -0.5000000  -0.5000000   0.5000000), wk =   0.1250000
        k(   18) = (  -0.5000000   0.5000000   0.5000000), wk =   0.0000000
        k(   19) = (   0.5000000   0.5000000  -0.5000000), wk =   0.0000000
        k(   20) = (   0.5000000  -0.5000000  -0.5000000), wk =   0.0000000
        k(   21) = (  -1.0000000   0.0000000   0.0000000), wk =   0.1250000
        k(   22) = (  -1.0000000   1.0000000   0.0000000), wk =   0.0000000
        k(   23) = (   1.0000000  -0.0000000  -0.0000000), wk =   0.0000000
        k(   24) = (   1.0000000  -1.0000000  -0.0000000), wk =   0.0000000
        k(   25) = (   0.0000000   0.0000000   1.0000000), wk =   0.1250000
        k(   26) = (   0.0000000   1.0000000   1.0000000), wk =   0.0000000
        k(   27) = (  -0.0000000  -0.0000000  -1.0000000), wk =   0.0000000
        k(   28) = (  -0.0000000  -1.0000000  -1.0000000), wk =   0.0000000
        k(   29) = (  -0.5000000   0.5000000   0.5000000), wk =   0.1250000
        k(   30) = (  -0.5000000   1.5000000   0.5000000), wk =   0.0000000
        k(   31) = (   0.5000000  -0.5000000  -0.5000000), wk =   0.0000000
        k(   32) = (   0.5000000  -1.5000000  -0.5000000), wk =   0.0000000

     Dense  grid:     3287 G-vectors     FFT dimensions: (  24,  24,  24)

     Estimated max dynamical RAM per process >       3.31 MB

     Estimated total dynamical RAM >      13.23 MB

     The potential is recalculated from file :
     /home/nicola/CODES/q-e-kcw/tempdir/kcw/q4/Si.save/charge-density

     Starting wfcs are   16 atomic wfcs

     Band Structure Calculation
     Davidson diagonalization with overlap

     ethr =  1.25E-10,  avg # of iterations = 10.6

     total cpu time spent up to now is       -1.0 secs

     End of band structure calculation

          k = 0.0000 0.0000 0.0000 (   411 PWs)   bands (ev):

    -5.7047  -5.7047   6.3115   6.3115   6.3611   6.3611   6.3611   6.3611
     8.7146   8.7146   8.7504

          k = 0.0000 1.0000 0.0000 (   412 PWs)   bands (ev):

    -1.5308  -1.5308  -1.5308  -1.5308   3.4058   3.4058   3.4058   3.4058
     6.7665   6.7665   6.7665

          k =-0.0000-0.0000-0.0000 (   411 PWs)   bands (ev):

    -5.7047  -5.7047   6.3115   6.3115   6.3611   6.3611   6.3611   6.3611
     8.7146   8.7146   8.7504

          k =-0.0000-1.0000-0.0000 (   412 PWs)   bands (ev):

    -1.5308  -1.5308  -1.5308  -1.5308   3.4058   3.4058   3.4058   3.4058
     6.7665   6.7665   6.7665

          k =-0.5000 0.5000-0.5000 (   410 PWs)   bands (ev):

    -3.3363  -3.3363  -0.7601  -0.7601   5.0942   5.0942   5.1269   5.1269
     7.6784   7.6784   9.4869

          k =-0.5000 1.5000-0.5000 (   410 PWs)   bands (ev):

    -3.3363  -3.3363  -0.7601  -0.7601   5.0942   5.0942   5.1269   5.1269
     7.6784   7.6784   9.4869

          k = 0.5000-0.5000 0.5000 (   410 PWs)   bands (ev):

    -3.3363  -3.3363  -0.7601  -0.7601   5.0942   5.0942   5.1269   5.1269
     7.6784   7.6784   9.4869

          k = 0.5000-1.5000 0.5000 (   410 PWs)   bands (ev):

    -3.3363  -3.3363  -0.7601  -0.7601   5.0942   5.0942   5.1269   5.1269
     7.6784   7.6784   9.4869

          k = 0.5000 0.5000 0.5000 (   410 PWs)   bands (ev):

    -3.3363  -3.3363  -0.7601  -0.7601   5.0942   5.0942   5.1269   5.1269
     7.6784   7.6784   9.4869

          k = 0.5000 1.5000 0.5000 (   410 PWs)   bands (ev):

    -3.3363  -3.3363  -0.7601  -0.7601   5.0942   5.0942   5.1269   5.1269
     7.6784   7.6784   9.4869

          k =-0.5000-0.5000-0.5000 (   410 PWs)   bands (ev):

    -3.3363  -3.3363  -0.7601  -0.7601   5.0942   5.0942   5.1269   5.1269
     7.6784   7.6784   9.4869

          k =-0.5000-1.5000-0.5000 (   410 PWs)   bands (ev):

    -3.3363  -3.3363  -0.7601  -0.7601   5.0942   5.0942   5.1269   5.1269
     7.6784   7.6784   9.4869

          k = 0.0000 1.0000 0.0000 (   412 PWs)   bands (ev):

    -1.5308  -1.5308  -1.5308  -1.5308   3.4058   3.4058   3.4058   3.4058
     6.7665   6.7665   6.7665

          k = 0.0000 2.0000 0.0000 (   411 PWs)   bands (ev):

    -5.7047  -5.7047   6.3115   6.3115   6.3611   6.3611   6.3611   6.3611
     8.7146   8.7146   8.7504

          k =-0.0000-1.0000-0.0000 (   412 PWs)   bands (ev):

    -1.5308  -1.5308  -1.5308  -1.5308   3.4058   3.4058   3.4058   3.4058
     6.7665   6.7665   6.7665

          k =-0.0000-2.0000-0.0000 (   411 PWs)   bands (ev):

    -5.7047  -5.7047   6.3115   6.3115   6.3611   6.3611   6.3611   6.3611
     8.7146   8.7146   8.7504

          k =-0.5000-0.5000 0.5000 (   410 PWs)   bands (ev):

    -3.3363  -3.3363  -0.7601  -0.7601   5.0942   5.0942   5.1269   5.1269
     7.6784   7.6784   9.4869

          k =-0.5000 0.5000 0.5000 (   410 PWs)   bands (ev):

    -3.3363  -3.3363  -0.7601  -0.7601   5.0942   5.0942   5.1269   5.1269
     7.6784   7.6784   9.4869

          k = 0.5000 0.5000-0.5000 (   410 PWs)   bands (ev):

    -3.3363  -3.3363  -0.7601  -0.7601   5.0942   5.0942   5.1269   5.1269
     7.6784   7.6784   9.4869

          k = 0.5000-0.5000-0.5000 (   410 PWs)   bands (ev):

    -3.3363  -3.3363  -0.7601  -0.7601   5.0942   5.0942   5.1269   5.1269
     7.6784   7.6784   9.4869

          k =-1.0000 0.0000 0.0000 (   412 PWs)   bands (ev):

    -1.5308  -1.5308  -1.5308  -1.5308   3.4058   3.4058   3.4058   3.4058
     6.7665   6.7665   6.7665

          k =-1.0000 1.0000 0.0000 (   412 PWs)   bands (ev):

    -1.5308  -1.5308  -1.5308  -1.5308   3.4058   3.4058   3.4058   3.4058
     6.7665   6.7665   6.7665

          k = 1.0000-0.0000-0.0000 (   412 PWs)   bands (ev):

    -1.5308  -1.5308  -1.5308  -1.5308   3.4058   3.4058   3.4058   3.4058
     6.7665   6.7665   6.7665

          k = 1.0000-1.0000-0.0000 (   412 PWs)   bands (ev):

    -1.5308  -1.5308  -1.5308  -1.5308   3.4058   3.4058   3.4058   3.4058
     6.7665   6.7665   6.7665

          k = 0.0000 0.0000 1.0000 (   412 PWs)   bands (ev):

    -1.5308  -1.5308  -1.5308  -1.5308   3.4058   3.4058   3.4058   3.4058
     6.7665   6.7665   6.7665

          k = 0.0000 1.0000 1.0000 (   412 PWs)   bands (ev):

    -1.5308  -1.5308  -1.5308  -1.5308   3.4058   3.4058   3.4058   3.4058
     6.7665   6.7665   6.7665

          k =-0.0000-0.0000-1.0000 (   412 PWs)   bands (ev):

    -1.5308  -1.5308  -1.5308  -1.5308   3.4058   3.4058   3.4058   3.4058
     6.7665   6.7665   6.7665

          k =-0.0000-1.0000-1.0000 (   412 PWs)   bands (ev):

    -1.5308  -1.5308  -1.5308  -1.5308   3.4058   3.4058   3.4058   3.4058
     6.7665   6.7665   6.7665

          k =-0.5000 0.5000 0.5000 (   410 PWs)   bands (ev):

    -3.3363  -3.3363  -0.7601  -0.7601   5.0942   5.0942   5.1269   5.1269
     7.6784   7.6784   9.4869

          k =-0.5000 1.5000 0.5000 (   410 PWs)   bands (ev):

    -3.3363  -3.3363  -0.7601  -0.7601   5.0942   5.0942   5.1269   5.1269
     7.6784   7.6784   9.4869

          k = 0.5000-0.5000-0.5000 (   410 PWs)   bands (ev):

    -3.3363  -3.3363  -0.7601  -0.7601   5.0942   5.0942   5.1269   5.1269
     7.6784   7.6784   9.4869

          k = 0.5000-1.5000-0.5000 (   410 PWs)   bands (ev):

    -3.3363  -3.3363  -0.7601  -0.7601   5.0942   5.0942   5.1269   5.1269
     7.6784   7.6784   9.4869

     highest occupied, lowest unoccupied level (ev):     6.3611    6.7665

     Writing all to output data dir /home/nicola/CODES/q-e-kcw/tempdir/kcw/q4/Si.save/ :
     XML data file, pseudopotentials, collected wavefunctions

        INFO: NSCF calculation DONE

        INFO: kcw_q initialization DONE


        Start LR calculation for the wannier #  1   iq =  4   spin =  1

        SYM : iwann=     1 iq =     4 weight =   0.12500000

      iter #   1 total cpu time :   249.5 secs   av.it.:  12.6
      thresh= 1.000E-06 alpha_mix =  0.700 |ddv_scf|^2 =  4.676E-07

      iter #   2 total cpu time :   250.1 secs   av.it.:  12.9
      thresh= 1.000E-06 alpha_mix =  0.700 |ddv_scf|^2 =  1.036E-06

      iter #   3 total cpu time :   250.7 secs   av.it.:  12.9
      thresh= 1.000E-06 alpha_mix =  0.700 |ddv_scf|^2 =  2.685E-09

      iter #   4 total cpu time :   251.2 secs   av.it.:  11.1
      thresh= 5.182E-07 alpha_mix =  0.700 |ddv_scf|^2 =  1.091E-11

      iter #   5 total cpu time :   251.7 secs   av.it.:  11.8
      thresh= 3.302E-08 alpha_mix =  0.700 |ddv_scf|^2 =  2.302E-12

      iter #   6 total cpu time :   252.2 secs   av.it.:  12.0
      thresh= 1.517E-08 alpha_mix =  0.700 |ddv_scf|^2 =  3.204E-13

      iter #   7 total cpu time :   252.8 secs   av.it.:  12.9
      thresh= 5.661E-09 alpha_mix =  0.700 |ddv_scf|^2 =  1.582E-14

      iter #   8 total cpu time :   253.3 secs   av.it.:  12.8
      thresh= 1.258E-09 alpha_mix =  0.700 |ddv_scf|^2 =  3.241E-15

      iter #   9 total cpu time :   253.9 secs   av.it.:  13.1
      thresh= 5.693E-10 alpha_mix =  0.700 |ddv_scf|^2 =  2.282E-15

      iter #  10 total cpu time :   254.4 secs   av.it.:  11.9
      thresh= 4.777E-10 alpha_mix =  0.700 |ddv_scf|^2 =  1.256E-16

      iter #  11 total cpu time :   255.0 secs   av.it.:  12.6
      thresh= 1.121E-10 alpha_mix =  0.700 |ddv_scf|^2 =  4.509E-17

      iter #  12 total cpu time :   255.5 secs   av.it.:  12.4
      thresh= 6.715E-11 alpha_mix =  0.700 |ddv_scf|^2 =  4.298E-18

      iter #  13 total cpu time :   256.1 secs   av.it.:  12.9
      thresh= 2.073E-11 alpha_mix =  0.700 |ddv_scf|^2 =  2.574E-18

      iter #  14 total cpu time :   256.7 secs   av.it.:  12.4
      thresh= 1.604E-11 alpha_mix =  0.700 |ddv_scf|^2 =  2.961E-19

        iq =   4   iwann =   1   rPi_q =     0.01376541     0.00000000   uPi_q =     0.05092969    -0.00000000   SH_q =     0.03328113    -0.00000000

        Start LR calculation for the wannier #  2   iq =  4   spin =  1

        SYM : iwann=     2 iq =     4 weight =   0.12500000

      iter #   1 total cpu time :   257.2 secs   av.it.:  12.6
      thresh= 1.000E-06 alpha_mix =  0.700 |ddv_scf|^2 =  4.676E-07

      iter #   2 total cpu time :   257.8 secs   av.it.:  12.9
      thresh= 1.000E-06 alpha_mix =  0.700 |ddv_scf|^2 =  1.036E-06

      iter #   3 total cpu time :   258.4 secs   av.it.:  12.9
      thresh= 1.000E-06 alpha_mix =  0.700 |ddv_scf|^2 =  2.685E-09

      iter #   4 total cpu time :   258.9 secs   av.it.:  11.1
      thresh= 5.182E-07 alpha_mix =  0.700 |ddv_scf|^2 =  1.091E-11

      iter #   5 total cpu time :   259.4 secs   av.it.:  11.8
      thresh= 3.302E-08 alpha_mix =  0.700 |ddv_scf|^2 =  2.302E-12

      iter #   6 total cpu time :   259.9 secs   av.it.:  12.0
      thresh= 1.517E-08 alpha_mix =  0.700 |ddv_scf|^2 =  3.204E-13

      iter #   7 total cpu time :   260.5 secs   av.it.:  12.9
      thresh= 5.661E-09 alpha_mix =  0.700 |ddv_scf|^2 =  1.582E-14

      iter #   8 total cpu time :   261.0 secs   av.it.:  12.8
      thresh= 1.258E-09 alpha_mix =  0.700 |ddv_scf|^2 =  3.241E-15

      iter #   9 total cpu time :   261.6 secs   av.it.:  13.1
      thresh= 5.693E-10 alpha_mix =  0.700 |ddv_scf|^2 =  2.282E-15

      iter #  10 total cpu time :   262.2 secs   av.it.:  11.9
      thresh= 4.777E-10 alpha_mix =  0.700 |ddv_scf|^2 =  1.256E-16

      iter #  11 total cpu time :   262.8 secs   av.it.:  12.6
      thresh= 1.121E-10 alpha_mix =  0.700 |ddv_scf|^2 =  4.517E-17

      iter #  12 total cpu time :   263.3 secs   av.it.:  12.4
      thresh= 6.721E-11 alpha_mix =  0.700 |ddv_scf|^2 =  4.322E-18

      iter #  13 total cpu time :   263.9 secs   av.it.:  12.8
      thresh= 2.079E-11 alpha_mix =  0.700 |ddv_scf|^2 =  2.612E-18

      iter #  14 total cpu time :   264.4 secs   av.it.:  12.4
      thresh= 1.616E-11 alpha_mix =  0.700 |ddv_scf|^2 =  2.971E-19

        iq =   4   iwann =   2   rPi_q =     0.01376543     0.00000000   uPi_q =     0.05092969    -0.00000000   SH_q =     0.03328113     0.00000000

        Start LR calculation for the wannier #  3   iq =  4   spin =  1

        SYM : iwann=     3 iq =     4 weight =   0.12500000

      iter #   1 total cpu time :   265.0 secs   av.it.:  12.6
      thresh= 1.000E-06 alpha_mix =  0.700 |ddv_scf|^2 =  4.676E-07

      iter #   2 total cpu time :   265.5 secs   av.it.:  12.9
      thresh= 1.000E-06 alpha_mix =  0.700 |ddv_scf|^2 =  1.036E-06

      iter #   3 total cpu time :   266.1 secs   av.it.:  12.9
      thresh= 1.000E-06 alpha_mix =  0.700 |ddv_scf|^2 =  2.685E-09

      iter #   4 total cpu time :   266.6 secs   av.it.:  11.1
      thresh= 5.182E-07 alpha_mix =  0.700 |ddv_scf|^2 =  1.090E-11

      iter #   5 total cpu time :   267.1 secs   av.it.:  11.8
      thresh= 3.302E-08 alpha_mix =  0.700 |ddv_scf|^2 =  2.300E-12

      iter #   6 total cpu time :   267.6 secs   av.it.:  11.9
      thresh= 1.517E-08 alpha_mix =  0.700 |ddv_scf|^2 =  3.196E-13

      iter #   7 total cpu time :   268.2 secs   av.it.:  12.9
      thresh= 5.653E-09 alpha_mix =  0.700 |ddv_scf|^2 =  1.582E-14

      iter #   8 total cpu time :   268.8 secs   av.it.:  12.8
      thresh= 1.258E-09 alpha_mix =  0.700 |ddv_scf|^2 =  3.245E-15

      iter #   9 total cpu time :   269.3 secs   av.it.:  13.1
      thresh= 5.697E-10 alpha_mix =  0.700 |ddv_scf|^2 =  2.290E-15

      iter #  10 total cpu time :   269.9 secs   av.it.:  12.0
      thresh= 4.786E-10 alpha_mix =  0.700 |ddv_scf|^2 =  1.265E-16

      iter #  11 total cpu time :   270.4 secs   av.it.:  12.5
      thresh= 1.125E-10 alpha_mix =  0.700 |ddv_scf|^2 =  4.677E-17

      iter #  12 total cpu time :   271.0 secs   av.it.:  12.4
      thresh= 6.839E-11 alpha_mix =  0.700 |ddv_scf|^2 =  4.772E-18

      iter #  13 total cpu time :   271.5 secs   av.it.:  12.8
      thresh= 2.184E-11 alpha_mix =  0.700 |ddv_scf|^2 =  3.172E-18

      iter #  14 total cpu time :   272.1 secs   av.it.:  12.4
      thresh= 1.781E-11 alpha_mix =  0.700 |ddv_scf|^2 =  2.996E-19

        iq =   4   iwann =   3   rPi_q =     0.01376324     0.00000000   uPi_q =     0.05092817    -0.00000000   SH_q =     0.03328113    -0.00000000

        Start LR calculation for the wannier #  4   iq =  4   spin =  1

        SYM : iwann=     4 iq =     4 weight =   0.12500000

      iter #   1 total cpu time :   272.7 secs   av.it.:  12.6
      thresh= 1.000E-06 alpha_mix =  0.700 |ddv_scf|^2 =  4.676E-07

      iter #   2 total cpu time :   273.2 secs   av.it.:  12.9
      thresh= 1.000E-06 alpha_mix =  0.700 |ddv_scf|^2 =  1.036E-06

      iter #   3 total cpu time :   273.8 secs   av.it.:  12.9
      thresh= 1.000E-06 alpha_mix =  0.700 |ddv_scf|^2 =  2.685E-09

      iter #   4 total cpu time :   274.3 secs   av.it.:  11.1
      thresh= 5.182E-07 alpha_mix =  0.700 |ddv_scf|^2 =  1.090E-11

      iter #   5 total cpu time :   274.8 secs   av.it.:  11.8
      thresh= 3.302E-08 alpha_mix =  0.700 |ddv_scf|^2 =  2.300E-12

      iter #   6 total cpu time :   275.3 secs   av.it.:  11.9
      thresh= 1.517E-08 alpha_mix =  0.700 |ddv_scf|^2 =  3.196E-13

      iter #   7 total cpu time :   275.9 secs   av.it.:  12.9
      thresh= 5.653E-09 alpha_mix =  0.700 |ddv_scf|^2 =  1.582E-14

      iter #   8 total cpu time :   276.5 secs   av.it.:  12.8
      thresh= 1.258E-09 alpha_mix =  0.700 |ddv_scf|^2 =  3.245E-15

      iter #   9 total cpu time :   277.1 secs   av.it.:  13.1
      thresh= 5.697E-10 alpha_mix =  0.700 |ddv_scf|^2 =  2.290E-15

      iter #  10 total cpu time :   277.6 secs   av.it.:  12.0
      thresh= 4.785E-10 alpha_mix =  0.700 |ddv_scf|^2 =  1.265E-16

      iter #  11 total cpu time :   278.2 secs   av.it.:  12.5
      thresh= 1.125E-10 alpha_mix =  0.700 |ddv_scf|^2 =  4.678E-17

      iter #  12 total cpu time :   278.7 secs   av.it.:  12.4
      thresh= 6.840E-11 alpha_mix =  0.700 |ddv_scf|^2 =  4.776E-18

      iter #  13 total cpu time :   279.3 secs   av.it.:  12.6
      thresh= 2.185E-11 alpha_mix =  0.700 |ddv_scf|^2 =  3.176E-18

      iter #  14 total cpu time :   279.8 secs   av.it.:  12.4
      thresh= 1.782E-11 alpha_mix =  0.700 |ddv_scf|^2 =  2.995E-19

        iq =   4   iwann =   4   rPi_q =     0.01376323     0.00000000   uPi_q =     0.05092817    -0.00000000   SH_q =     0.03328113     0.00000000

        Start LR calculation for the wannier #  5   iq =  4   spin =  1

        SYM : iwann=     5 iq =     4 weight =   0.12500000

      iter #   1 total cpu time :   280.4 secs   av.it.:  12.5
      thresh= 1.000E-06 alpha_mix =  0.700 |ddv_scf|^2 =  4.676E-07

      iter #   2 total cpu time :   280.9 secs   av.it.:  12.9
      thresh= 1.000E-06 alpha_mix =  0.700 |ddv_scf|^2 =  1.036E-06

      iter #   3 total cpu time :   281.5 secs   av.it.:  12.8
      thresh= 1.000E-06 alpha_mix =  0.700 |ddv_scf|^2 =  2.685E-09

      iter #   4 total cpu time :   282.0 secs   av.it.:  11.1
      thresh= 5.182E-07 alpha_mix =  0.700 |ddv_scf|^2 =  1.090E-11

      iter #   5 total cpu time :   282.5 secs   av.it.:  11.6
      thresh= 3.302E-08 alpha_mix =  0.700 |ddv_scf|^2 =  2.300E-12

      iter #   6 total cpu time :   283.0 secs   av.it.:  11.9
      thresh= 1.517E-08 alpha_mix =  0.700 |ddv_scf|^2 =  3.198E-13

      iter #   7 total cpu time :   283.6 secs   av.it.:  12.8
      thresh= 5.655E-09 alpha_mix =  0.700 |ddv_scf|^2 =  1.591E-14

      iter #   8 total cpu time :   284.2 secs   av.it.:  12.8
      thresh= 1.261E-09 alpha_mix =  0.700 |ddv_scf|^2 =  3.268E-15

      iter #   9 total cpu time :   284.7 secs   av.it.:  13.1
      thresh= 5.716E-10 alpha_mix =  0.700 |ddv_scf|^2 =  2.301E-15

      iter #  10 total cpu time :   285.3 secs   av.it.:  11.9
      thresh= 4.797E-10 alpha_mix =  0.700 |ddv_scf|^2 =  1.257E-16

      iter #  11 total cpu time :   285.8 secs   av.it.:  12.5
      thresh= 1.121E-10 alpha_mix =  0.700 |ddv_scf|^2 =  4.467E-17

      iter #  12 total cpu time :   286.4 secs   av.it.:  12.2
      thresh= 6.684E-11 alpha_mix =  0.700 |ddv_scf|^2 =  4.140E-18

      iter #  13 total cpu time :   287.0 secs   av.it.:  12.6
      thresh= 2.035E-11 alpha_mix =  0.700 |ddv_scf|^2 =  2.262E-18

      iter #  14 total cpu time :   287.5 secs   av.it.:  12.4
      thresh= 1.504E-11 alpha_mix =  0.700 |ddv_scf|^2 =  2.824E-19

        iq =   4   iwann =   5   rPi_q =     0.01376424    -0.00000000   uPi_q =     0.05092923    -0.00000000   SH_q =     0.03328113    -0.00000000

        Start LR calculation for the wannier #  6   iq =  4   spin =  1

        SYM : iwann=     6 iq =     4 weight =   0.12500000

      iter #   1 total cpu time :   288.1 secs   av.it.:  12.5
      thresh= 1.000E-06 alpha_mix =  0.700 |ddv_scf|^2 =  4.676E-07

      iter #   2 total cpu time :   288.7 secs   av.it.:  12.9
      thresh= 1.000E-06 alpha_mix =  0.700 |ddv_scf|^2 =  1.036E-06

      iter #   3 total cpu time :   289.2 secs   av.it.:  12.8
      thresh= 1.000E-06 alpha_mix =  0.700 |ddv_scf|^2 =  2.685E-09

      iter #   4 total cpu time :   289.7 secs   av.it.:  11.1
      thresh= 5.182E-07 alpha_mix =  0.700 |ddv_scf|^2 =  1.090E-11

      iter #   5 total cpu time :   290.2 secs   av.it.:  11.6
      thresh= 3.302E-08 alpha_mix =  0.700 |ddv_scf|^2 =  2.300E-12

      iter #   6 total cpu time :   290.8 secs   av.it.:  11.9
      thresh= 1.517E-08 alpha_mix =  0.700 |ddv_scf|^2 =  3.198E-13

      iter #   7 total cpu time :   291.4 secs   av.it.:  12.9
      thresh= 5.655E-09 alpha_mix =  0.700 |ddv_scf|^2 =  1.591E-14

      iter #   8 total cpu time :   292.0 secs   av.it.:  12.8
      thresh= 1.261E-09 alpha_mix =  0.700 |ddv_scf|^2 =  3.267E-15

      iter #   9 total cpu time :   292.5 secs   av.it.:  13.1
      thresh= 5.716E-10 alpha_mix =  0.700 |ddv_scf|^2 =  2.301E-15

      iter #  10 total cpu time :   293.1 secs   av.it.:  11.9
      thresh= 4.797E-10 alpha_mix =  0.700 |ddv_scf|^2 =  1.257E-16

      iter #  11 total cpu time :   293.6 secs   av.it.:  12.5
      thresh= 1.121E-10 alpha_mix =  0.700 |ddv_scf|^2 =  4.463E-17

      iter #  12 total cpu time :   294.2 secs   av.it.:  12.2
      thresh= 6.681E-11 alpha_mix =  0.700 |ddv_scf|^2 =  4.128E-18

      iter #  13 total cpu time :   294.8 secs   av.it.:  12.6
      thresh= 2.032E-11 alpha_mix =  0.700 |ddv_scf|^2 =  2.240E-18

      iter #  14 total cpu time :   295.3 secs   av.it.:  12.4
      thresh= 1.497E-11 alpha_mix =  0.700 |ddv_scf|^2 =  2.805E-19

        iq =   4   iwann =   6   rPi_q =     0.01376425    -0.00000000   uPi_q =     0.05092923    -0.00000000   SH_q =     0.03328113     0.00000000

        Start LR calculation for the wannier #  7   iq =  4   spin =  1

        SYM : iwann=     7 iq =     4 weight =   0.12500000

      iter #   1 total cpu time :   295.9 secs   av.it.:  12.6
      thresh= 1.000E-06 alpha_mix =  0.700 |ddv_scf|^2 =  4.676E-07

      iter #   2 total cpu time :   296.4 secs   av.it.:  12.9
      thresh= 1.000E-06 alpha_mix =  0.700 |ddv_scf|^2 =  1.036E-06

      iter #   3 total cpu time :   297.0 secs   av.it.:  12.8
      thresh= 1.000E-06 alpha_mix =  0.700 |ddv_scf|^2 =  2.685E-09

      iter #   4 total cpu time :   297.5 secs   av.it.:  11.1
      thresh= 5.182E-07 alpha_mix =  0.700 |ddv_scf|^2 =  1.091E-11

      iter #   5 total cpu time :   298.0 secs   av.it.:  11.9
      thresh= 3.303E-08 alpha_mix =  0.700 |ddv_scf|^2 =  2.305E-12

      iter #   6 total cpu time :   298.6 secs   av.it.:  12.0
      thresh= 1.518E-08 alpha_mix =  0.700 |ddv_scf|^2 =  3.220E-13

      iter #   7 total cpu time :   299.1 secs   av.it.:  12.8
      thresh= 5.674E-09 alpha_mix =  0.700 |ddv_scf|^2 =  1.597E-14

      iter #   8 total cpu time :   299.7 secs   av.it.:  12.8
      thresh= 1.264E-09 alpha_mix =  0.700 |ddv_scf|^2 =  3.272E-15

      iter #   9 total cpu time :   300.3 secs   av.it.:  13.1
      thresh= 5.720E-10 alpha_mix =  0.700 |ddv_scf|^2 =  2.310E-15

      iter #  10 total cpu time :   300.8 secs   av.it.:  11.9
      thresh= 4.807E-10 alpha_mix =  0.700 |ddv_scf|^2 =  1.256E-16

      iter #  11 total cpu time :   301.4 secs   av.it.:  12.5
      thresh= 1.121E-10 alpha_mix =  0.700 |ddv_scf|^2 =  4.464E-17

      iter #  12 total cpu time :   302.0 secs   av.it.:  12.2
      thresh= 6.681E-11 alpha_mix =  0.700 |ddv_scf|^2 =  4.103E-18

      iter #  13 total cpu time :   302.6 secs   av.it.:  12.8
      thresh= 2.026E-11 alpha_mix =  0.700 |ddv_scf|^2 =  2.198E-18

      iter #  14 total cpu time :   303.1 secs   av.it.:  12.4
      thresh= 1.482E-11 alpha_mix =  0.700 |ddv_scf|^2 =  2.758E-19

        iq =   4   iwann =   7   rPi_q =     0.01377571     0.00000000   uPi_q =     0.05093886    -0.00000000   SH_q =     0.03328113    -0.00000000

        Start LR calculation for the wannier #  8   iq =  4   spin =  1

        SYM : iwann=     8 iq =     4 weight =   0.12500000

      iter #   1 total cpu time :   303.7 secs   av.it.:  12.6
      thresh= 1.000E-06 alpha_mix =  0.700 |ddv_scf|^2 =  4.676E-07

      iter #   2 total cpu time :   304.3 secs   av.it.:  12.9
      thresh= 1.000E-06 alpha_mix =  0.700 |ddv_scf|^2 =  1.036E-06

      iter #   3 total cpu time :   304.8 secs   av.it.:  12.8
      thresh= 1.000E-06 alpha_mix =  0.700 |ddv_scf|^2 =  2.685E-09

      iter #   4 total cpu time :   305.3 secs   av.it.:  11.1
      thresh= 5.182E-07 alpha_mix =  0.700 |ddv_scf|^2 =  1.091E-11

      iter #   5 total cpu time :   305.9 secs   av.it.:  11.9
      thresh= 3.303E-08 alpha_mix =  0.700 |ddv_scf|^2 =  2.305E-12

      iter #   6 total cpu time :   306.4 secs   av.it.:  12.0
      thresh= 1.518E-08 alpha_mix =  0.700 |ddv_scf|^2 =  3.220E-13

      iter #   7 total cpu time :   307.0 secs   av.it.:  12.9
      thresh= 5.674E-09 alpha_mix =  0.700 |ddv_scf|^2 =  1.597E-14

      iter #   8 total cpu time :   307.6 secs   av.it.:  12.8
      thresh= 1.264E-09 alpha_mix =  0.700 |ddv_scf|^2 =  3.271E-15

      iter #   9 total cpu time :   308.2 secs   av.it.:  13.1
      thresh= 5.720E-10 alpha_mix =  0.700 |ddv_scf|^2 =  2.310E-15

      iter #  10 total cpu time :   308.7 secs   av.it.:  11.9
      thresh= 4.806E-10 alpha_mix =  0.700 |ddv_scf|^2 =  1.257E-16

      iter #  11 total cpu time :   309.3 secs   av.it.:  12.5
      thresh= 1.121E-10 alpha_mix =  0.700 |ddv_scf|^2 =  4.475E-17

      iter #  12 total cpu time :   309.8 secs   av.it.:  12.2
      thresh= 6.689E-11 alpha_mix =  0.700 |ddv_scf|^2 =  4.137E-18

      iter #  13 total cpu time :   310.4 secs   av.it.:  12.6
      thresh= 2.034E-11 alpha_mix =  0.700 |ddv_scf|^2 =  2.264E-18

      iter #  14 total cpu time :   310.9 secs   av.it.:  12.4
      thresh= 1.505E-11 alpha_mix =  0.700 |ddv_scf|^2 =  2.814E-19

        iq =   4   iwann =   8   rPi_q =     0.01377572     0.00000000   uPi_q =     0.05093886    -0.00000000   SH_q =     0.03328113    -0.00000000

        Start LR calculation for the wannier #  9   iq =  4   spin =  1

        SYM : iwann=     9 iq =     4 weight =   0.12500000

      iter #   1 total cpu time :   311.5 secs   av.it.:  12.6
      thresh= 1.000E-06 alpha_mix =  0.700 |ddv_scf|^2 =  9.979E-08

      iter #   2 total cpu time :   312.0 secs   av.it.:  12.5
      thresh= 1.000E-06 alpha_mix =  0.700 |ddv_scf|^2 =  2.014E-07

      iter #   3 total cpu time :   312.6 secs   av.it.:  12.2
      thresh= 1.000E-06 alpha_mix =  0.700 |ddv_scf|^2 =  9.379E-10

      iter #   4 total cpu time :   313.1 secs   av.it.:  11.0
      thresh= 3.063E-07 alpha_mix =  0.700 |ddv_scf|^2 =  2.267E-12

      iter #   5 total cpu time :   313.6 secs   av.it.:  12.1
      thresh= 1.506E-08 alpha_mix =  0.700 |ddv_scf|^2 =  4.841E-13

      iter #   6 total cpu time :   314.2 secs   av.it.:  13.1
      thresh= 6.958E-09 alpha_mix =  0.700 |ddv_scf|^2 =  1.387E-13

      iter #   7 total cpu time :   314.7 secs   av.it.:  12.2
      thresh= 3.725E-09 alpha_mix =  0.700 |ddv_scf|^2 =  1.354E-14

      iter #   8 total cpu time :   315.3 secs   av.it.:  13.0
      thresh= 1.163E-09 alpha_mix =  0.700 |ddv_scf|^2 =  2.601E-15

      iter #   9 total cpu time :   315.9 secs   av.it.:  12.4
      thresh= 5.100E-10 alpha_mix =  0.700 |ddv_scf|^2 =  3.347E-15

      iter #  10 total cpu time :   316.4 secs   av.it.:  12.1
      thresh= 5.785E-10 alpha_mix =  0.700 |ddv_scf|^2 =  3.499E-17

      iter #  11 total cpu time :   317.0 secs   av.it.:  12.9
      thresh= 5.915E-11 alpha_mix =  0.700 |ddv_scf|^2 =  2.255E-17

      iter #  12 total cpu time :   317.6 secs   av.it.:  12.4
      thresh= 4.749E-11 alpha_mix =  0.700 |ddv_scf|^2 =  3.635E-18

      iter #  13 total cpu time :   318.1 secs   av.it.:  12.4
      thresh= 1.907E-11 alpha_mix =  0.700 |ddv_scf|^2 =  8.947E-19

      iter #  14 total cpu time :   318.7 secs   av.it.:  12.5
      thresh= 9.459E-12 alpha_mix =  0.700 |ddv_scf|^2 =  1.346E-19

        iq =   4   iwann =   9   rPi_q =     0.00226639    -0.00000000   uPi_q =     0.01187780    -0.00000000   SH_q =     0.00951504     0.00000000

        Start LR calculation for the wannier # 10   iq =  4   spin =  1

        SYM : iwann=    10 iq =     4 weight =   0.12500000

      iter #   1 total cpu time :   319.2 secs   av.it.:  12.6
      thresh= 1.000E-06 alpha_mix =  0.700 |ddv_scf|^2 =  9.979E-08

      iter #   2 total cpu time :   319.8 secs   av.it.:  12.5
      thresh= 1.000E-06 alpha_mix =  0.700 |ddv_scf|^2 =  2.014E-07

      iter #   3 total cpu time :   320.3 secs   av.it.:  12.2
      thresh= 1.000E-06 alpha_mix =  0.700 |ddv_scf|^2 =  9.379E-10

      iter #   4 total cpu time :   320.8 secs   av.it.:  11.0
      thresh= 3.063E-07 alpha_mix =  0.700 |ddv_scf|^2 =  2.267E-12

      iter #   5 total cpu time :   321.4 secs   av.it.:  12.1
      thresh= 1.506E-08 alpha_mix =  0.700 |ddv_scf|^2 =  4.841E-13

      iter #   6 total cpu time :   322.0 secs   av.it.:  13.1
      thresh= 6.958E-09 alpha_mix =  0.700 |ddv_scf|^2 =  1.387E-13

      iter #   7 total cpu time :   322.5 secs   av.it.:  12.2
      thresh= 3.725E-09 alpha_mix =  0.700 |ddv_scf|^2 =  1.354E-14

      iter #   8 total cpu time :   323.1 secs   av.it.:  13.0
      thresh= 1.163E-09 alpha_mix =  0.700 |ddv_scf|^2 =  2.600E-15

      iter #   9 total cpu time :   323.7 secs   av.it.:  12.4
      thresh= 5.099E-10 alpha_mix =  0.700 |ddv_scf|^2 =  3.345E-15

      iter #  10 total cpu time :   324.2 secs   av.it.:  12.1
      thresh= 5.784E-10 alpha_mix =  0.700 |ddv_scf|^2 =  3.492E-17

      iter #  11 total cpu time :   324.8 secs   av.it.:  12.8
      thresh= 5.909E-11 alpha_mix =  0.700 |ddv_scf|^2 =  2.240E-17

      iter #  12 total cpu time :   325.3 secs   av.it.:  12.4
      thresh= 4.732E-11 alpha_mix =  0.700 |ddv_scf|^2 =  3.628E-18

      iter #  13 total cpu time :   325.9 secs   av.it.:  12.4
      thresh= 1.905E-11 alpha_mix =  0.700 |ddv_scf|^2 =  8.973E-19

      iter #  14 total cpu time :   326.5 secs   av.it.:  12.5
      thresh= 9.473E-12 alpha_mix =  0.700 |ddv_scf|^2 =  1.343E-19

        iq =   4   iwann =  10   rPi_q =     0.00226639    -0.00000000   uPi_q =     0.01187780    -0.00000000   SH_q =     0.00951505    -0.00000000

        Start LR calculation for the wannier # 11   iq =  4   spin =  1

        SYM : iwann=    11 iq =     4 weight =   0.12500000

      iter #   1 total cpu time :   327.0 secs   av.it.:  12.5
      thresh= 1.000E-06 alpha_mix =  0.700 |ddv_scf|^2 =  9.979E-08

      iter #   2 total cpu time :   327.6 secs   av.it.:  12.5
      thresh= 1.000E-06 alpha_mix =  0.700 |ddv_scf|^2 =  2.014E-07

      iter #   3 total cpu time :   328.1 secs   av.it.:  12.2
      thresh= 1.000E-06 alpha_mix =  0.700 |ddv_scf|^2 =  9.379E-10

      iter #   4 total cpu time :   328.6 secs   av.it.:  11.0
      thresh= 3.063E-07 alpha_mix =  0.700 |ddv_scf|^2 =  2.281E-12

      iter #   5 total cpu time :   329.1 secs   av.it.:  12.1
      thresh= 1.510E-08 alpha_mix =  0.700 |ddv_scf|^2 =  4.869E-13

      iter #   6 total cpu time :   329.7 secs   av.it.:  13.1
      thresh= 6.978E-09 alpha_mix =  0.700 |ddv_scf|^2 =  1.392E-13

      iter #   7 total cpu time :   330.2 secs   av.it.:  12.2
      thresh= 3.731E-09 alpha_mix =  0.700 |ddv_scf|^2 =  1.376E-14

      iter #   8 total cpu time :   330.8 secs   av.it.:  12.8
      thresh= 1.173E-09 alpha_mix =  0.700 |ddv_scf|^2 =  2.639E-15

      iter #   9 total cpu time :   331.3 secs   av.it.:  12.4
      thresh= 5.137E-10 alpha_mix =  0.700 |ddv_scf|^2 =  3.403E-15

      iter #  10 total cpu time :   331.9 secs   av.it.:  12.1
      thresh= 5.833E-10 alpha_mix =  0.700 |ddv_scf|^2 =  3.458E-17

      iter #  11 total cpu time :   332.5 secs   av.it.:  12.8
      thresh= 5.881E-11 alpha_mix =  0.700 |ddv_scf|^2 =  2.263E-17

      iter #  12 total cpu time :   333.0 secs   av.it.:  12.4
      thresh= 4.757E-11 alpha_mix =  0.700 |ddv_scf|^2 =  3.624E-18

      iter #  13 total cpu time :   333.6 secs   av.it.:  12.4
      thresh= 1.904E-11 alpha_mix =  0.700 |ddv_scf|^2 =  8.948E-19

      iter #  14 total cpu time :   334.1 secs   av.it.:  12.4
      thresh= 9.459E-12 alpha_mix =  0.700 |ddv_scf|^2 =  1.311E-19

        iq =   4   iwann =  11   rPi_q =     0.00224006    -0.00000000   uPi_q =     0.01185594    -0.00000000   SH_q =     0.00951506     0.00000000

        Start LR calculation for the wannier # 12   iq =  4   spin =  1

        SYM : iwann=    12 iq =     4 weight =   0.12500000

      iter #   1 total cpu time :   334.7 secs   av.it.:  12.5
      thresh= 1.000E-06 alpha_mix =  0.700 |ddv_scf|^2 =  9.979E-08

      iter #   2 total cpu time :   335.2 secs   av.it.:  12.5
      thresh= 1.000E-06 alpha_mix =  0.700 |ddv_scf|^2 =  2.014E-07

      iter #   3 total cpu time :   335.7 secs   av.it.:  12.2
      thresh= 1.000E-06 alpha_mix =  0.700 |ddv_scf|^2 =  9.379E-10

      iter #   4 total cpu time :   336.2 secs   av.it.:  11.0
      thresh= 3.063E-07 alpha_mix =  0.700 |ddv_scf|^2 =  2.281E-12

      iter #   5 total cpu time :   336.8 secs   av.it.:  12.1
      thresh= 1.510E-08 alpha_mix =  0.700 |ddv_scf|^2 =  4.870E-13

      iter #   6 total cpu time :   337.4 secs   av.it.:  13.1
      thresh= 6.978E-09 alpha_mix =  0.700 |ddv_scf|^2 =  1.392E-13

      iter #   7 total cpu time :   337.9 secs   av.it.:  12.2
      thresh= 3.731E-09 alpha_mix =  0.700 |ddv_scf|^2 =  1.376E-14

      iter #   8 total cpu time :   338.5 secs   av.it.:  12.8
      thresh= 1.173E-09 alpha_mix =  0.700 |ddv_scf|^2 =  2.639E-15

      iter #   9 total cpu time :   339.0 secs   av.it.:  12.4
      thresh= 5.138E-10 alpha_mix =  0.700 |ddv_scf|^2 =  3.403E-15

      iter #  10 total cpu time :   339.6 secs   av.it.:  12.1
      thresh= 5.834E-10 alpha_mix =  0.700 |ddv_scf|^2 =  3.459E-17

      iter #  11 total cpu time :   340.1 secs   av.it.:  12.8
      thresh= 5.882E-11 alpha_mix =  0.700 |ddv_scf|^2 =  2.265E-17

      iter #  12 total cpu time :   340.7 secs   av.it.:  12.4
      thresh= 4.759E-11 alpha_mix =  0.700 |ddv_scf|^2 =  3.624E-18

      iter #  13 total cpu time :   341.2 secs   av.it.:  12.4
      thresh= 1.904E-11 alpha_mix =  0.700 |ddv_scf|^2 =  8.944E-19

      iter #  14 total cpu time :   341.8 secs   av.it.:  12.4
      thresh= 9.457E-12 alpha_mix =  0.700 |ddv_scf|^2 =  1.312E-19

        iq =   4   iwann =  12   rPi_q =     0.00224006    -0.00000000   uPi_q =     0.01185594    -0.00000000   SH_q =     0.00951505    -0.00000000

        Start LR calculation for the wannier # 13   iq =  4   spin =  1

        SYM : iwann=    13 iq =     4 weight =   0.12500000

      iter #   1 total cpu time :   342.3 secs   av.it.:  12.6
      thresh= 1.000E-06 alpha_mix =  0.700 |ddv_scf|^2 =  9.979E-08

      iter #   2 total cpu time :   342.9 secs   av.it.:  12.5
      thresh= 1.000E-06 alpha_mix =  0.700 |ddv_scf|^2 =  2.014E-07

      iter #   3 total cpu time :   343.4 secs   av.it.:  12.2
      thresh= 1.000E-06 alpha_mix =  0.700 |ddv_scf|^2 =  9.379E-10

      iter #   4 total cpu time :   343.9 secs   av.it.:  11.0
      thresh= 3.063E-07 alpha_mix =  0.700 |ddv_scf|^2 =  2.260E-12

      iter #   5 total cpu time :   344.4 secs   av.it.:  12.1
      thresh= 1.503E-08 alpha_mix =  0.700 |ddv_scf|^2 =  4.799E-13

      iter #   6 total cpu time :   345.0 secs   av.it.:  13.1
      thresh= 6.928E-09 alpha_mix =  0.700 |ddv_scf|^2 =  1.380E-13

      iter #   7 total cpu time :   345.5 secs   av.it.:  12.2
      thresh= 3.714E-09 alpha_mix =  0.700 |ddv_scf|^2 =  1.367E-14

      iter #   8 total cpu time :   346.1 secs   av.it.:  12.9
      thresh= 1.169E-09 alpha_mix =  0.700 |ddv_scf|^2 =  2.633E-15

      iter #   9 total cpu time :   346.7 secs   av.it.:  12.4
      thresh= 5.131E-10 alpha_mix =  0.700 |ddv_scf|^2 =  3.391E-15

      iter #  10 total cpu time :   347.2 secs   av.it.:  12.1
      thresh= 5.823E-10 alpha_mix =  0.700 |ddv_scf|^2 =  3.457E-17

      iter #  11 total cpu time :   347.8 secs   av.it.:  12.9
      thresh= 5.880E-11 alpha_mix =  0.700 |ddv_scf|^2 =  2.214E-17

      iter #  12 total cpu time :   348.3 secs   av.it.:  12.4
      thresh= 4.706E-11 alpha_mix =  0.700 |ddv_scf|^2 =  3.592E-18

      iter #  13 total cpu time :   348.9 secs   av.it.:  12.4
      thresh= 1.895E-11 alpha_mix =  0.700 |ddv_scf|^2 =  8.972E-19

      iter #  14 total cpu time :   349.4 secs   av.it.:  12.4
      thresh= 9.472E-12 alpha_mix =  0.700 |ddv_scf|^2 =  1.312E-19

        iq =   4   iwann =  13   rPi_q =     0.00225591    -0.00000000   uPi_q =     0.01186812    -0.00000000   SH_q =     0.00951505     0.00000000

        Start LR calculation for the wannier # 14   iq =  4   spin =  1

        SYM : iwann=    14 iq =     4 weight =   0.12500000

      iter #   1 total cpu time :   350.0 secs   av.it.:  12.6
      thresh= 1.000E-06 alpha_mix =  0.700 |ddv_scf|^2 =  9.979E-08

      iter #   2 total cpu time :   350.5 secs   av.it.:  12.5
      thresh= 1.000E-06 alpha_mix =  0.700 |ddv_scf|^2 =  2.014E-07

      iter #   3 total cpu time :   351.1 secs   av.it.:  12.2
      thresh= 1.000E-06 alpha_mix =  0.700 |ddv_scf|^2 =  9.379E-10

      iter #   4 total cpu time :   351.6 secs   av.it.:  11.0
      thresh= 3.063E-07 alpha_mix =  0.700 |ddv_scf|^2 =  2.260E-12

      iter #   5 total cpu time :   352.1 secs   av.it.:  12.1
      thresh= 1.503E-08 alpha_mix =  0.700 |ddv_scf|^2 =  4.799E-13

      iter #   6 total cpu time :   352.7 secs   av.it.:  13.1
      thresh= 6.928E-09 alpha_mix =  0.700 |ddv_scf|^2 =  1.380E-13

      iter #   7 total cpu time :   353.2 secs   av.it.:  12.2
      thresh= 3.714E-09 alpha_mix =  0.700 |ddv_scf|^2 =  1.367E-14

      iter #   8 total cpu time :   353.8 secs   av.it.:  12.9
      thresh= 1.169E-09 alpha_mix =  0.700 |ddv_scf|^2 =  2.632E-15

      iter #   9 total cpu time :   354.3 secs   av.it.:  12.4
      thresh= 5.131E-10 alpha_mix =  0.700 |ddv_scf|^2 =  3.391E-15

      iter #  10 total cpu time :   354.9 secs   av.it.:  12.1
      thresh= 5.823E-10 alpha_mix =  0.700 |ddv_scf|^2 =  3.455E-17

      iter #  11 total cpu time :   355.5 secs   av.it.:  12.8
      thresh= 5.878E-11 alpha_mix =  0.700 |ddv_scf|^2 =  2.209E-17

      iter #  12 total cpu time :   356.0 secs   av.it.:  12.4
      thresh= 4.700E-11 alpha_mix =  0.700 |ddv_scf|^2 =  3.588E-18

      iter #  13 total cpu time :   356.6 secs   av.it.:  12.4
      thresh= 1.894E-11 alpha_mix =  0.700 |ddv_scf|^2 =  8.982E-19

      iter #  14 total cpu time :   357.1 secs   av.it.:  12.4
      thresh= 9.477E-12 alpha_mix =  0.700 |ddv_scf|^2 =  1.311E-19

        iq =   4   iwann =  14   rPi_q =     0.00225590    -0.00000000   uPi_q =     0.01186813    -0.00000000   SH_q =     0.00951505     0.00000000

        Start LR calculation for the wannier # 15   iq =  4   spin =  1

        SYM : iwann=    15 iq =     4 weight =   0.12500000

      iter #   1 total cpu time :   357.7 secs   av.it.:  12.6
      thresh= 1.000E-06 alpha_mix =  0.700 |ddv_scf|^2 =  9.979E-08

      iter #   2 total cpu time :   358.2 secs   av.it.:  12.5
      thresh= 1.000E-06 alpha_mix =  0.700 |ddv_scf|^2 =  2.014E-07

      iter #   3 total cpu time :   358.8 secs   av.it.:  12.2
      thresh= 1.000E-06 alpha_mix =  0.700 |ddv_scf|^2 =  9.379E-10

      iter #   4 total cpu time :   359.3 secs   av.it.:  11.0
      thresh= 3.063E-07 alpha_mix =  0.700 |ddv_scf|^2 =  2.277E-12

      iter #   5 total cpu time :   359.8 secs   av.it.:  12.2
      thresh= 1.509E-08 alpha_mix =  0.700 |ddv_scf|^2 =  4.852E-13

      iter #   6 total cpu time :   360.4 secs   av.it.:  13.1
      thresh= 6.966E-09 alpha_mix =  0.700 |ddv_scf|^2 =  1.389E-13

      iter #   7 total cpu time :   360.9 secs   av.it.:  12.2
      thresh= 3.727E-09 alpha_mix =  0.700 |ddv_scf|^2 =  1.380E-14

      iter #   8 total cpu time :   361.5 secs   av.it.:  12.8
      thresh= 1.175E-09 alpha_mix =  0.700 |ddv_scf|^2 =  2.655E-15

      iter #   9 total cpu time :   362.0 secs   av.it.:  12.4
      thresh= 5.153E-10 alpha_mix =  0.700 |ddv_scf|^2 =  3.424E-15

      iter #  10 total cpu time :   362.6 secs   av.it.:  12.1
      thresh= 5.852E-10 alpha_mix =  0.700 |ddv_scf|^2 =  3.427E-17

      iter #  11 total cpu time :   363.1 secs   av.it.:  12.6
      thresh= 5.854E-11 alpha_mix =  0.700 |ddv_scf|^2 =  2.210E-17

      iter #  12 total cpu time :   363.7 secs   av.it.:  12.4
      thresh= 4.701E-11 alpha_mix =  0.700 |ddv_scf|^2 =  3.559E-18

      iter #  13 total cpu time :   364.2 secs   av.it.:  12.4
      thresh= 1.887E-11 alpha_mix =  0.700 |ddv_scf|^2 =  8.878E-19

      iter #  14 total cpu time :   364.8 secs   av.it.:  12.4
      thresh= 9.422E-12 alpha_mix =  0.700 |ddv_scf|^2 =  1.297E-19

        iq =   4   iwann =  15   rPi_q =     0.00224253     0.00000000   uPi_q =     0.01185824    -0.00000000   SH_q =     0.00951505    -0.00000000

        Start LR calculation for the wannier # 16   iq =  4   spin =  1

        SYM : iwann=    16 iq =     4 weight =   0.12500000

      iter #   1 total cpu time :   365.4 secs   av.it.:  12.6
      thresh= 1.000E-06 alpha_mix =  0.700 |ddv_scf|^2 =  9.979E-08

      iter #   2 total cpu time :   365.9 secs   av.it.:  12.5
      thresh= 1.000E-06 alpha_mix =  0.700 |ddv_scf|^2 =  2.014E-07

      iter #   3 total cpu time :   366.5 secs   av.it.:  12.2
      thresh= 1.000E-06 alpha_mix =  0.700 |ddv_scf|^2 =  9.379E-10

      iter #   4 total cpu time :   367.0 secs   av.it.:  11.0
      thresh= 3.063E-07 alpha_mix =  0.700 |ddv_scf|^2 =  2.277E-12

      iter #   5 total cpu time :   367.5 secs   av.it.:  12.2
      thresh= 1.509E-08 alpha_mix =  0.700 |ddv_scf|^2 =  4.852E-13

      iter #   6 total cpu time :   368.1 secs   av.it.:  13.1
      thresh= 6.966E-09 alpha_mix =  0.700 |ddv_scf|^2 =  1.389E-13

      iter #   7 total cpu time :   368.7 secs   av.it.:  12.2
      thresh= 3.727E-09 alpha_mix =  0.700 |ddv_scf|^2 =  1.380E-14

      iter #   8 total cpu time :   369.2 secs   av.it.:  12.8
      thresh= 1.175E-09 alpha_mix =  0.700 |ddv_scf|^2 =  2.655E-15

      iter #   9 total cpu time :   369.8 secs   av.it.:  12.4
      thresh= 5.153E-10 alpha_mix =  0.700 |ddv_scf|^2 =  3.425E-15

      iter #  10 total cpu time :   370.3 secs   av.it.:  12.1
      thresh= 5.852E-10 alpha_mix =  0.700 |ddv_scf|^2 =  3.432E-17

      iter #  11 total cpu time :   370.9 secs   av.it.:  12.6
      thresh= 5.859E-11 alpha_mix =  0.700 |ddv_scf|^2 =  2.221E-17

      iter #  12 total cpu time :   371.4 secs   av.it.:  12.4
      thresh= 4.713E-11 alpha_mix =  0.700 |ddv_scf|^2 =  3.565E-18

      iter #  13 total cpu time :   372.0 secs   av.it.:  12.4
      thresh= 1.888E-11 alpha_mix =  0.700 |ddv_scf|^2 =  8.860E-19

      iter #  14 total cpu time :   372.5 secs   av.it.:  12.4
      thresh= 9.412E-12 alpha_mix =  0.700 |ddv_scf|^2 =  1.299E-19

        iq =   4   iwann =  16   rPi_q =     0.00224252     0.00000000   uPi_q =     0.01185823    -0.00000000   SH_q =     0.00951505    -0.00000000


     ==============================================================================
     Calculation of q =   -0.5000000  -0.5000000   0.5000000  [Cart ]
     Calculation of q =    0.5000000   0.0000000   0.0000000  [Cryst]
     ==============================================================================

        INFO: prepare_q DONE

        INFO: rhowan_q(r) RETRIEVED


     Parallelization info
     --------------------
     sticks:   dense  smooth     PW     G-vecs:    dense   smooth      PW
     Min          73      73     27                  821      821     186
     Max          74      74     28                  823      823     189
     Sum         295     295    109                 3287     3287     749

     Using Slab Decomposition


     Title: 
     KCW Silicon screen                                                         


     bravais-lattice index     =            2
     lattice parameter (alat)  =      10.2631  a.u.
     unit-cell volume          =     270.2564 (a.u.)^3
     number of atoms/cell      =            2
     number of atomic types    =            1
     number of electrons       =         8.00
     number of Kohn-Sham states=           11
     kinetic-energy cutoff     =      20.0000  Ry
     charge density cutoff     =      80.0000  Ry
     Exchange-correlation= PW
                           (   1   4   0   0   0   0   0)
     Noncollinear calculation with spin-orbit


     celldm(1)=  10.263102  celldm(2)=   0.000000  celldm(3)=   0.000000
     celldm(4)=   0.000000  celldm(5)=   0.000000  celldm(6)=   0.000000

     crystal axes: (cart. coord. in units of alat)
               a(1) = (  -0.500000   0.000000   0.500000 )  
               a(2) = (   0.000000   0.500000   0.500000 )  
               a(3) = (  -0.500000   0.500000   0.000000 )  

     reciprocal axes: (cart. coord. in units 2 pi/alat)
               b(1) = ( -1.000000 -1.000000  1.000000 )  
               b(2) = (  1.000000  1.000000  1.000000 )  
               b(3) = ( -1.000000  1.000000 -1.000000 )  


     PseudoPot. # 1 for Si read from file:
     /home/nicola/CODES/q-e-kcw/pseudo/Si_Dojo_LDA_FR.UPF
     MD5 check sum: fa6905a911cf8388f5aa69a93393adea
     Pseudo is Norm-conserving + core correction, Zval =  4.0
     Generated using ONCVPSP code by D. R. Hamann
     Using radial grid of 1510 points, 10 beta functions with: 
                l(1) =   0
                l(2) =   0
                l(3) =   1
                l(4) =   1
                l(5) =   1
                l(6) =   1
                l(7) =   2
                l(8) =   2
                l(9) =   2
               l(10) =   2

     atomic species   valence    mass     pseudopotential
     Si                4.00    28.08500     Si( 1.00)

     No symmetry found



   Cartesian axes

     site n.     atom                  positions (alat units)
         1        Si     tau(   1) = (   0.0000000   0.0000000   0.0000000  )
         2        Si     tau(   2) = (  -0.2500000   0.2500000   0.2500000  )

     number of k points=    32
                       cart. coord. in units 2pi/alat
        k(    1) = (   0.0000000   0.0000000   0.0000000), wk =   0.1250000
        k(    2) = (  -0.5000000  -0.5000000   0.5000000), wk =   0.0000000
        k(    3) = (  -0.0000000  -0.0000000  -0.0000000), wk =   0.0000000
        k(    4) = (   0.5000000   0.5000000  -0.5000000), wk =   0.0000000
        k(    5) = (  -0.5000000   0.5000000  -0.5000000), wk =   0.1250000
        k(    6) = (  -1.0000000   0.0000000   0.0000000), wk =   0.0000000
        k(    7) = (   0.5000000  -0.5000000   0.5000000), wk =   0.0000000
        k(    8) = (   1.0000000   0.0000000   0.0000000), wk =   0.0000000
        k(    9) = (   0.5000000   0.5000000   0.5000000), wk =   0.1250000
        k(   10) = (   0.0000000   0.0000000   1.0000000), wk =   0.0000000
        k(   11) = (  -0.5000000  -0.5000000  -0.5000000), wk =   0.0000000
        k(   12) = (   0.0000000   0.0000000  -1.0000000), wk =   0.0000000
        k(   13) = (   0.0000000   1.0000000   0.0000000), wk =   0.1250000
        k(   14) = (  -0.5000000   0.5000000   0.5000000), wk =   0.0000000
        k(   15) = (  -0.0000000  -1.0000000  -0.0000000), wk =   0.0000000
        k(   16) = (   0.5000000  -0.5000000  -0.5000000), wk =   0.0000000
        k(   17) = (  -0.5000000  -0.5000000   0.5000000), wk =   0.1250000
        k(   18) = (  -1.0000000  -1.0000000   1.0000000), wk =   0.0000000
        k(   19) = (   0.5000000   0.5000000  -0.5000000), wk =   0.0000000
        k(   20) = (   1.0000000   1.0000000  -1.0000000), wk =   0.0000000
        k(   21) = (  -1.0000000   0.0000000   0.0000000), wk =   0.1250000
        k(   22) = (  -1.5000000  -0.5000000   0.5000000), wk =   0.0000000
        k(   23) = (   1.0000000  -0.0000000  -0.0000000), wk =   0.0000000
        k(   24) = (   1.5000000   0.5000000  -0.5000000), wk =   0.0000000
        k(   25) = (   0.0000000   0.0000000   1.0000000), wk =   0.1250000
        k(   26) = (  -0.5000000  -0.5000000   1.5000000), wk =   0.0000000
        k(   27) = (  -0.0000000  -0.0000000  -1.0000000), wk =   0.0000000
        k(   28) = (   0.5000000   0.5000000  -1.5000000), wk =   0.0000000
        k(   29) = (  -0.5000000   0.5000000   0.5000000), wk =   0.1250000
        k(   30) = (  -1.0000000   0.0000000   1.0000000), wk =   0.0000000
        k(   31) = (   0.5000000  -0.5000000  -0.5000000), wk =   0.0000000
        k(   32) = (   1.0000000   0.0000000  -1.0000000), wk =   0.0000000

     Dense  grid:     3287 G-vectors     FFT dimensions: (  24,  24,  24)

     Estimated max dynamical RAM per process >       3.29 MB

     Estimated total dynamical RAM >      13.16 MB

     The potential is recalculated from file :
     /home/nicola/CODES/q-e-kcw/tempdir/kcw/q5/Si.save/charge-density

     Starting wfcs are   16 atomic wfcs

     Band Structure Calculation
     Davidson diagonalization with overlap

     ethr =  1.25E-10,  avg # of iterations = 10.6

     total cpu time spent up to now is       -1.0 secs

     End of band structure calculation

          k = 0.0000 0.0000 0.0000 (   411 PWs)   bands (ev):

    -5.7047  -5.7047   6.3115   6.3115   6.3611   6.3611   6.3611   6.3611
     8.7146   8.7146   8.7504

          k =-0.5000-0.5000 0.5000 (   410 PWs)   bands (ev):

    -3.3363  -3.3363  -0.7601  -0.7601   5.0942   5.0942   5.1269   5.1269
     7.6784   7.6784   9.4869

          k =-0.0000-0.0000-0.0000 (   411 PWs)   bands (ev):

    -5.7047  -5.7047   6.3115   6.3115   6.3611   6.3611   6.3611   6.3611
     8.7146   8.7146   8.7504

          k = 0.5000 0.5000-0.5000 (   410 PWs)   bands (ev):

    -3.3363  -3.3363  -0.7601  -0.7601   5.0942   5.0942   5.1269   5.1269
     7.6784   7.6784   9.4869

          k =-0.5000 0.5000-0.5000 (   410 PWs)   bands (ev):

    -3.3363  -3.3363  -0.7601  -0.7601   5.0942   5.0942   5.1269   5.1269
     7.6784   7.6784   9.4869

          k =-1.0000 0.0000 0.0000 (   412 PWs)   bands (ev):

    -1.5308  -1.5308  -1.5308  -1.5308   3.4058   3.4058   3.4058   3.4058
     6.7665   6.7665   6.7665

          k = 0.5000-0.5000 0.5000 (   410 PWs)   bands (ev):

    -3.3363  -3.3363  -0.7601  -0.7601   5.0942   5.0942   5.1269   5.1269
     7.6784   7.6784   9.4869

          k = 1.0000 0.0000 0.0000 (   412 PWs)   bands (ev):

    -1.5308  -1.5308  -1.5308  -1.5308   3.4058   3.4058   3.4058   3.4058
     6.7665   6.7665   6.7665

          k = 0.5000 0.5000 0.5000 (   410 PWs)   bands (ev):

    -3.3363  -3.3363  -0.7601  -0.7601   5.0942   5.0942   5.1269   5.1269
     7.6784   7.6784   9.4869

          k = 0.0000 0.0000 1.0000 (   412 PWs)   bands (ev):

    -1.5308  -1.5308  -1.5308  -1.5308   3.4058   3.4058   3.4058   3.4058
     6.7665   6.7665   6.7665

          k =-0.5000-0.5000-0.5000 (   410 PWs)   bands (ev):

    -3.3363  -3.3363  -0.7601  -0.7601   5.0942   5.0942   5.1269   5.1269
     7.6784   7.6784   9.4869

          k = 0.0000 0.0000-1.0000 (   412 PWs)   bands (ev):

    -1.5308  -1.5308  -1.5308  -1.5308   3.4058   3.4058   3.4058   3.4058
     6.7665   6.7665   6.7665

          k = 0.0000 1.0000 0.0000 (   412 PWs)   bands (ev):

    -1.5308  -1.5308  -1.5308  -1.5308   3.4058   3.4058   3.4058   3.4058
     6.7665   6.7665   6.7665

          k =-0.5000 0.5000 0.5000 (   410 PWs)   bands (ev):

    -3.3363  -3.3363  -0.7601  -0.7601   5.0942   5.0942   5.1269   5.1269
     7.6784   7.6784   9.4869

          k =-0.0000-1.0000-0.0000 (   412 PWs)   bands (ev):

    -1.5308  -1.5308  -1.5308  -1.5308   3.4058   3.4058   3.4058   3.4058
     6.7665   6.7665   6.7665

          k = 0.5000-0.5000-0.5000 (   410 PWs)   bands (ev):

    -3.3363  -3.3363  -0.7601  -0.7601   5.0942   5.0942   5.1269   5.1269
     7.6784   7.6784   9.4869

          k =-0.5000-0.5000 0.5000 (   410 PWs)   bands (ev):

    -3.3363  -3.3363  -0.7601  -0.7601   5.0942   5.0942   5.1269   5.1269
     7.6784   7.6784   9.4869

          k =-1.0000-1.0000 1.0000 (   411 PWs)   bands (ev):

    -5.7047  -5.7047   6.3115   6.3115   6.3611   6.3611   6.3611   6.3611
     8.7146   8.7146   8.7504

          k = 0.5000 0.5000-0.5000 (   410 PWs)   bands (ev):

    -3.3363  -3.3363  -0.7601  -0.7601   5.0942   5.0942   5.1269   5.1269
     7.6784   7.6784   9.4869

          k = 1.0000 1.0000-1.0000 (   411 PWs)   bands (ev):

    -5.7047  -5.7047   6.3115   6.3115   6.3611   6.3611   6.3611   6.3611
     8.7146   8.7146   8.7504

          k =-1.0000 0.0000 0.0000 (   412 PWs)   bands (ev):

    -1.5308  -1.5308  -1.5308  -1.5308   3.4058   3.4058   3.4058   3.4058
     6.7665   6.7665   6.7665

          k =-1.5000-0.5000 0.5000 (   410 PWs)   bands (ev):

    -3.3363  -3.3363  -0.7601  -0.7601   5.0942   5.0942   5.1269   5.1269
     7.6784   7.6784   9.4869

          k = 1.0000-0.0000-0.0000 (   412 PWs)   bands (ev):

    -1.5308  -1.5308  -1.5308  -1.5308   3.4058   3.4058   3.4058   3.4058
     6.7665   6.7665   6.7665

          k = 1.5000 0.5000-0.5000 (   410 PWs)   bands (ev):

    -3.3363  -3.3363  -0.7601  -0.7601   5.0942   5.0942   5.1269   5.1269
     7.6784   7.6784   9.4869

          k = 0.0000 0.0000 1.0000 (   412 PWs)   bands (ev):

    -1.5308  -1.5308  -1.5308  -1.5308   3.4058   3.4058   3.4058   3.4058
     6.7665   6.7665   6.7665

          k =-0.5000-0.5000 1.5000 (   410 PWs)   bands (ev):

    -3.3363  -3.3363  -0.7601  -0.7601   5.0942   5.0942   5.1269   5.1269
     7.6784   7.6784   9.4869

          k =-0.0000-0.0000-1.0000 (   412 PWs)   bands (ev):

    -1.5308  -1.5308  -1.5308  -1.5308   3.4058   3.4058   3.4058   3.4058
     6.7665   6.7665   6.7665

          k = 0.5000 0.5000-1.5000 (   410 PWs)   bands (ev):

    -3.3363  -3.3363  -0.7601  -0.7601   5.0942   5.0942   5.1269   5.1269
     7.6784   7.6784   9.4869

          k =-0.5000 0.5000 0.5000 (   410 PWs)   bands (ev):

    -3.3363  -3.3363  -0.7601  -0.7601   5.0942   5.0942   5.1269   5.1269
     7.6784   7.6784   9.4869

          k =-1.0000 0.0000 1.0000 (   412 PWs)   bands (ev):

    -1.5308  -1.5308  -1.5308  -1.5308   3.4058   3.4058   3.4058   3.4058
     6.7665   6.7665   6.7665

          k = 0.5000-0.5000-0.5000 (   410 PWs)   bands (ev):

    -3.3363  -3.3363  -0.7601  -0.7601   5.0942   5.0942   5.1269   5.1269
     7.6784   7.6784   9.4869

          k = 1.0000 0.0000-1.0000 (   412 PWs)   bands (ev):

    -1.5308  -1.5308  -1.5308  -1.5308   3.4058   3.4058   3.4058   3.4058
     6.7665   6.7665   6.7665

     highest occupied, lowest unoccupied level (ev):     6.3611    6.7665

     Writing all to output data dir /home/nicola/CODES/q-e-kcw/tempdir/kcw/q5/Si.save/ :
     XML data file, pseudopotentials, collected wavefunctions

        INFO: NSCF calculation DONE

        INFO: kcw_q initialization DONE


        Start LR calculation for the wannier #  1   iq =  5   spin =  1

        SYM : iwann=     1 iq =     5 weight =   0.12500000

      iter #   1 total cpu time :   374.7 secs   av.it.:  13.0
      thresh= 1.000E-06 alpha_mix =  0.700 |ddv_scf|^2 =  3.634E-07

      iter #   2 total cpu time :   375.3 secs   av.it.:  12.9
      thresh= 1.000E-06 alpha_mix =  0.700 |ddv_scf|^2 =  2.627E-07

      iter #   3 total cpu time :   375.8 secs   av.it.:  12.0
      thresh= 1.000E-06 alpha_mix =  0.700 |ddv_scf|^2 =  1.307E-10

      iter #   4 total cpu time :   376.3 secs   av.it.:  11.4
      thresh= 1.143E-07 alpha_mix =  0.700 |ddv_scf|^2 =  3.349E-12

      iter #   5 total cpu time :   376.8 secs   av.it.:  11.6
      thresh= 1.830E-08 alpha_mix =  0.700 |ddv_scf|^2 =  1.017E-13

      iter #   6 total cpu time :   377.4 secs   av.it.:  12.8
      thresh= 3.189E-09 alpha_mix =  0.700 |ddv_scf|^2 =  6.251E-15

      iter #   7 total cpu time :   378.0 secs   av.it.:  12.8
      thresh= 7.906E-10 alpha_mix =  0.700 |ddv_scf|^2 =  1.017E-15

      iter #   8 total cpu time :   378.5 secs   av.it.:  11.8
      thresh= 3.189E-10 alpha_mix =  0.700 |ddv_scf|^2 =  2.598E-16

      iter #   9 total cpu time :   379.0 secs   av.it.:  12.2
      thresh= 1.612E-10 alpha_mix =  0.700 |ddv_scf|^2 =  7.943E-18

      iter #  10 total cpu time :   379.6 secs   av.it.:  12.8
      thresh= 2.818E-11 alpha_mix =  0.700 |ddv_scf|^2 =  7.330E-19

      iter #  11 total cpu time :   380.1 secs   av.it.:  11.9
      thresh= 8.561E-12 alpha_mix =  0.700 |ddv_scf|^2 =  2.748E-20

        iq =   5   iwann =   1   rPi_q =     0.02426778    -0.00000000   uPi_q =     0.06482545    -0.00000000   SH_q =     0.04036068    -0.00000000

        Start LR calculation for the wannier #  2   iq =  5   spin =  1

        SYM : iwann=     2 iq =     5 weight =   0.12500000

      iter #   1 total cpu time :   380.7 secs   av.it.:  13.0
      thresh= 1.000E-06 alpha_mix =  0.700 |ddv_scf|^2 =  3.634E-07

      iter #   2 total cpu time :   381.3 secs   av.it.:  12.9
      thresh= 1.000E-06 alpha_mix =  0.700 |ddv_scf|^2 =  2.627E-07

      iter #   3 total cpu time :   381.8 secs   av.it.:  12.0
      thresh= 1.000E-06 alpha_mix =  0.700 |ddv_scf|^2 =  1.307E-10

      iter #   4 total cpu time :   382.4 secs   av.it.:  11.4
      thresh= 1.143E-07 alpha_mix =  0.700 |ddv_scf|^2 =  3.349E-12

      iter #   5 total cpu time :   382.9 secs   av.it.:  11.6
      thresh= 1.830E-08 alpha_mix =  0.700 |ddv_scf|^2 =  1.017E-13

      iter #   6 total cpu time :   383.5 secs   av.it.:  12.8
      thresh= 3.189E-09 alpha_mix =  0.700 |ddv_scf|^2 =  6.330E-15

      iter #   7 total cpu time :   384.0 secs   av.it.:  12.8
      thresh= 7.956E-10 alpha_mix =  0.700 |ddv_scf|^2 =  1.723E-15

      iter #   8 total cpu time :   384.5 secs   av.it.:  11.4
      thresh= 4.151E-10 alpha_mix =  0.700 |ddv_scf|^2 =  1.884E-16

      iter #   9 total cpu time :   385.1 secs   av.it.:  12.4
      thresh= 1.372E-10 alpha_mix =  0.700 |ddv_scf|^2 =  7.478E-18

      iter #  10 total cpu time :   385.7 secs   av.it.:  12.8
      thresh= 2.735E-11 alpha_mix =  0.700 |ddv_scf|^2 =  7.253E-19

      iter #  11 total cpu time :   386.2 secs   av.it.:  11.9
      thresh= 8.516E-12 alpha_mix =  0.700 |ddv_scf|^2 =  2.171E-20

        iq =   5   iwann =   2   rPi_q =     0.02426778    -0.00000000   uPi_q =     0.06482545    -0.00000000   SH_q =     0.04036068     0.00000000

        Start LR calculation for the wannier #  3   iq =  5   spin =  1

        SYM : iwann=     3 iq =     5 weight =   0.12500000

      iter #   1 total cpu time :   386.8 secs   av.it.:  13.0
      thresh= 1.000E-06 alpha_mix =  0.700 |ddv_scf|^2 =  3.634E-07

      iter #   2 total cpu time :   387.3 secs   av.it.:  12.9
      thresh= 1.000E-06 alpha_mix =  0.700 |ddv_scf|^2 =  2.627E-07

      iter #   3 total cpu time :   387.9 secs   av.it.:  12.0
      thresh= 1.000E-06 alpha_mix =  0.700 |ddv_scf|^2 =  1.307E-10

      iter #   4 total cpu time :   388.4 secs   av.it.:  11.1
      thresh= 1.143E-07 alpha_mix =  0.700 |ddv_scf|^2 =  3.352E-12

      iter #   5 total cpu time :   388.9 secs   av.it.:  11.6
      thresh= 1.831E-08 alpha_mix =  0.700 |ddv_scf|^2 =  1.025E-13

      iter #   6 total cpu time :   389.5 secs   av.it.:  12.8
      thresh= 3.201E-09 alpha_mix =  0.700 |ddv_scf|^2 =  6.227E-15

      iter #   7 total cpu time :   390.0 secs   av.it.:  12.6
      thresh= 7.891E-10 alpha_mix =  0.700 |ddv_scf|^2 =  3.541E-16

      iter #   8 total cpu time :   390.6 secs   av.it.:  12.0
      thresh= 1.882E-10 alpha_mix =  0.700 |ddv_scf|^2 =  4.746E-16

      iter #   9 total cpu time :   391.1 secs   av.it.:  11.9
      thresh= 2.179E-10 alpha_mix =  0.700 |ddv_scf|^2 =  9.983E-18

      iter #  10 total cpu time :   391.7 secs   av.it.:  12.8
      thresh= 3.160E-11 alpha_mix =  0.700 |ddv_scf|^2 =  7.554E-19

      iter #  11 total cpu time :   392.2 secs   av.it.:  11.9
      thresh= 8.691E-12 alpha_mix =  0.700 |ddv_scf|^2 =  4.092E-20

        iq =   5   iwann =   3   rPi_q =     0.02426591    -0.00000000   uPi_q =     0.06482446    -0.00000000   SH_q =     0.04036068     0.00000000

        Start LR calculation for the wannier #  4   iq =  5   spin =  1

        SYM : iwann=     4 iq =     5 weight =   0.12500000

      iter #   1 total cpu time :   392.8 secs   av.it.:  13.0
      thresh= 1.000E-06 alpha_mix =  0.700 |ddv_scf|^2 =  3.634E-07

      iter #   2 total cpu time :   393.3 secs   av.it.:  12.9
      thresh= 1.000E-06 alpha_mix =  0.700 |ddv_scf|^2 =  2.627E-07

      iter #   3 total cpu time :   393.9 secs   av.it.:  12.0
      thresh= 1.000E-06 alpha_mix =  0.700 |ddv_scf|^2 =  1.307E-10

      iter #   4 total cpu time :   394.4 secs   av.it.:  11.1
      thresh= 1.143E-07 alpha_mix =  0.700 |ddv_scf|^2 =  3.352E-12

      iter #   5 total cpu time :   394.9 secs   av.it.:  11.6
      thresh= 1.831E-08 alpha_mix =  0.700 |ddv_scf|^2 =  1.025E-13

      iter #   6 total cpu time :   395.5 secs   av.it.:  12.8
      thresh= 3.201E-09 alpha_mix =  0.700 |ddv_scf|^2 =  6.229E-15

      iter #   7 total cpu time :   396.0 secs   av.it.:  12.6
      thresh= 7.892E-10 alpha_mix =  0.700 |ddv_scf|^2 =  3.739E-16

      iter #   8 total cpu time :   396.5 secs   av.it.:  12.0
      thresh= 1.934E-10 alpha_mix =  0.700 |ddv_scf|^2 =  4.646E-16

      iter #   9 total cpu time :   397.1 secs   av.it.:  11.9
      thresh= 2.155E-10 alpha_mix =  0.700 |ddv_scf|^2 =  9.836E-18

      iter #  10 total cpu time :   397.6 secs   av.it.:  12.8
      thresh= 3.136E-11 alpha_mix =  0.700 |ddv_scf|^2 =  7.565E-19

      iter #  11 total cpu time :   398.2 secs   av.it.:  11.9
      thresh= 8.697E-12 alpha_mix =  0.700 |ddv_scf|^2 =  4.049E-20

        iq =   5   iwann =   4   rPi_q =     0.02426590    -0.00000000   uPi_q =     0.06482446    -0.00000000   SH_q =     0.04036068    -0.00000000

        Start LR calculation for the wannier #  5   iq =  5   spin =  1

        SYM : iwann=     5 iq =     5 weight =   0.12500000

      iter #   1 total cpu time :   398.7 secs   av.it.:  13.0
      thresh= 1.000E-06 alpha_mix =  0.700 |ddv_scf|^2 =  3.634E-07

      iter #   2 total cpu time :   399.3 secs   av.it.:  12.9
      thresh= 1.000E-06 alpha_mix =  0.700 |ddv_scf|^2 =  2.627E-07

      iter #   3 total cpu time :   399.8 secs   av.it.:  12.0
      thresh= 1.000E-06 alpha_mix =  0.700 |ddv_scf|^2 =  1.307E-10

      iter #   4 total cpu time :   400.3 secs   av.it.:  11.2
      thresh= 1.143E-07 alpha_mix =  0.700 |ddv_scf|^2 =  3.351E-12

      iter #   5 total cpu time :   400.8 secs   av.it.:  11.6
      thresh= 1.831E-08 alpha_mix =  0.700 |ddv_scf|^2 =  1.022E-13

      iter #   6 total cpu time :   401.4 secs   av.it.:  12.8
      thresh= 3.197E-09 alpha_mix =  0.700 |ddv_scf|^2 =  6.250E-15

      iter #   7 total cpu time :   402.1 secs   av.it.:  12.6
      thresh= 7.906E-10 alpha_mix =  0.700 |ddv_scf|^2 =  7.395E-16

      iter #   8 total cpu time :   402.6 secs   av.it.:  11.9
      thresh= 2.719E-10 alpha_mix =  0.700 |ddv_scf|^2 =  3.208E-16

      iter #   9 total cpu time :   403.2 secs   av.it.:  12.2
      thresh= 1.791E-10 alpha_mix =  0.700 |ddv_scf|^2 =  8.429E-18

      iter #  10 total cpu time :   403.8 secs   av.it.:  12.8
      thresh= 2.903E-11 alpha_mix =  0.700 |ddv_scf|^2 =  7.468E-19

      iter #  11 total cpu time :   404.4 secs   av.it.:  11.9
      thresh= 8.642E-12 alpha_mix =  0.700 |ddv_scf|^2 =  3.217E-20

        iq =   5   iwann =   5   rPi_q =     0.02426698     0.00000000   uPi_q =     0.06482505    -0.00000000   SH_q =     0.04036068     0.00000000

        Start LR calculation for the wannier #  6   iq =  5   spin =  1

        SYM : iwann=     6 iq =     5 weight =   0.12500000

      iter #   1 total cpu time :   404.9 secs   av.it.:  13.0
      thresh= 1.000E-06 alpha_mix =  0.700 |ddv_scf|^2 =  3.634E-07

      iter #   2 total cpu time :   405.5 secs   av.it.:  12.9
      thresh= 1.000E-06 alpha_mix =  0.700 |ddv_scf|^2 =  2.627E-07

      iter #   3 total cpu time :   406.1 secs   av.it.:  12.0
      thresh= 1.000E-06 alpha_mix =  0.700 |ddv_scf|^2 =  1.307E-10

      iter #   4 total cpu time :   406.6 secs   av.it.:  11.2
      thresh= 1.143E-07 alpha_mix =  0.700 |ddv_scf|^2 =  3.351E-12

      iter #   5 total cpu time :   407.1 secs   av.it.:  11.6
      thresh= 1.831E-08 alpha_mix =  0.700 |ddv_scf|^2 =  1.022E-13

      iter #   6 total cpu time :   407.8 secs   av.it.:  12.8
      thresh= 3.197E-09 alpha_mix =  0.700 |ddv_scf|^2 =  6.255E-15

      iter #   7 total cpu time :   408.4 secs   av.it.:  12.6
      thresh= 7.909E-10 alpha_mix =  0.700 |ddv_scf|^2 =  7.825E-16

      iter #   8 total cpu time :   409.0 secs   av.it.:  11.8
      thresh= 2.797E-10 alpha_mix =  0.700 |ddv_scf|^2 =  3.101E-16

      iter #   9 total cpu time :   409.5 secs   av.it.:  12.2
      thresh= 1.761E-10 alpha_mix =  0.700 |ddv_scf|^2 =  8.353E-18

      iter #  10 total cpu time :   410.1 secs   av.it.:  12.8
      thresh= 2.890E-11 alpha_mix =  0.700 |ddv_scf|^2 =  7.462E-19

      iter #  11 total cpu time :   410.7 secs   av.it.:  11.9
      thresh= 8.638E-12 alpha_mix =  0.700 |ddv_scf|^2 =  3.144E-20

        iq =   5   iwann =   6   rPi_q =     0.02426699     0.00000000   uPi_q =     0.06482505    -0.00000000   SH_q =     0.04036068    -0.00000000

        Start LR calculation for the wannier #  7   iq =  5   spin =  1

        SYM : iwann=     7 iq =     5 weight =   0.12500000

      iter #   1 total cpu time :   411.3 secs   av.it.:  13.0
      thresh= 1.000E-06 alpha_mix =  0.700 |ddv_scf|^2 =  1.975E-06

      iter #   2 total cpu time :   411.9 secs   av.it.:  13.9
      thresh= 1.000E-06 alpha_mix =  0.700 |ddv_scf|^2 =  1.065E-05

      iter #   3 total cpu time :   412.5 secs   av.it.:  13.8
      thresh= 1.000E-06 alpha_mix =  0.700 |ddv_scf|^2 =  2.764E-10

      iter #   4 total cpu time :   413.1 secs   av.it.:  11.9
      thresh= 1.663E-07 alpha_mix =  0.700 |ddv_scf|^2 =  2.572E-11

      iter #   5 total cpu time :   413.6 secs   av.it.:  11.9
      thresh= 5.072E-08 alpha_mix =  0.700 |ddv_scf|^2 =  6.518E-13

      iter #   6 total cpu time :   414.2 secs   av.it.:  12.6
      thresh= 8.074E-09 alpha_mix =  0.700 |ddv_scf|^2 =  1.377E-14

      iter #   7 total cpu time :   414.8 secs   av.it.:  12.4
      thresh= 1.174E-09 alpha_mix =  0.700 |ddv_scf|^2 =  1.407E-15

      iter #   8 total cpu time :   415.4 secs   av.it.:  12.6
      thresh= 3.750E-10 alpha_mix =  0.700 |ddv_scf|^2 =  2.799E-17

      iter #   9 total cpu time :   416.0 secs   av.it.:  11.9
      thresh= 5.291E-11 alpha_mix =  0.700 |ddv_scf|^2 =  2.742E-18

      iter #  10 total cpu time :   416.5 secs   av.it.:  12.8
      thresh= 1.656E-11 alpha_mix =  0.700 |ddv_scf|^2 =  1.123E-19

        iq =   5   iwann =   7   rPi_q =     0.01000137    -0.00000000   uPi_q =     0.05953971     0.00000000   SH_q =     0.03746746     0.00000000

        Start LR calculation for the wannier #  8   iq =  5   spin =  1

        SYM : iwann=     8 iq =     5 weight =   0.12500000

      iter #   1 total cpu time :   417.1 secs   av.it.:  13.0
      thresh= 1.000E-06 alpha_mix =  0.700 |ddv_scf|^2 =  1.975E-06

      iter #   2 total cpu time :   417.8 secs   av.it.:  13.9
      thresh= 1.000E-06 alpha_mix =  0.700 |ddv_scf|^2 =  1.065E-05

      iter #   3 total cpu time :   418.5 secs   av.it.:  13.8
      thresh= 1.000E-06 alpha_mix =  0.700 |ddv_scf|^2 =  2.764E-10

      iter #   4 total cpu time :   419.0 secs   av.it.:  12.0
      thresh= 1.663E-07 alpha_mix =  0.700 |ddv_scf|^2 =  2.572E-11

      iter #   5 total cpu time :   419.6 secs   av.it.:  11.9
      thresh= 5.072E-08 alpha_mix =  0.700 |ddv_scf|^2 =  6.518E-13

      iter #   6 total cpu time :   420.1 secs   av.it.:  12.6
      thresh= 8.074E-09 alpha_mix =  0.700 |ddv_scf|^2 =  1.377E-14

      iter #   7 total cpu time :   420.8 secs   av.it.:  12.2
      thresh= 1.174E-09 alpha_mix =  0.700 |ddv_scf|^2 =  1.407E-15

      iter #   8 total cpu time :   421.5 secs   av.it.:  12.6
      thresh= 3.750E-10 alpha_mix =  0.700 |ddv_scf|^2 =  2.799E-17

      iter #   9 total cpu time :   422.1 secs   av.it.:  12.0
      thresh= 5.291E-11 alpha_mix =  0.700 |ddv_scf|^2 =  2.743E-18

      iter #  10 total cpu time :   422.9 secs   av.it.:  12.9
      thresh= 1.656E-11 alpha_mix =  0.700 |ddv_scf|^2 =  1.162E-19

        iq =   5   iwann =   8   rPi_q =     0.01000137    -0.00000000   uPi_q =     0.05953971     0.00000000   SH_q =     0.03746746     0.00000000

        Start LR calculation for the wannier #  9   iq =  5   spin =  1

        SYM : iwann=     9 iq =     5 weight =   0.12500000

      iter #   1 total cpu time :   423.6 secs   av.it.:  12.9
      thresh= 1.000E-06 alpha_mix =  0.700 |ddv_scf|^2 =  2.281E-07

      iter #   2 total cpu time :   424.2 secs   av.it.:  12.8
      thresh= 1.000E-06 alpha_mix =  0.700 |ddv_scf|^2 =  1.693E-07

      iter #   3 total cpu time :   424.9 secs   av.it.:  12.2
      thresh= 1.000E-06 alpha_mix =  0.700 |ddv_scf|^2 =  9.348E-12

      iter #   4 total cpu time :   425.5 secs   av.it.:  11.8
      thresh= 3.057E-08 alpha_mix =  0.700 |ddv_scf|^2 =  3.610E-13

      iter #   5 total cpu time :   426.1 secs   av.it.:  12.6
      thresh= 6.009E-09 alpha_mix =  0.700 |ddv_scf|^2 =  5.069E-13

      iter #   6 total cpu time :   426.8 secs   av.it.:  11.9
      thresh= 7.119E-09 alpha_mix =  0.700 |ddv_scf|^2 =  5.740E-14

      iter #   7 total cpu time :   427.4 secs   av.it.:  12.1
      thresh= 2.396E-09 alpha_mix =  0.700 |ddv_scf|^2 =  3.168E-15

      iter #   8 total cpu time :   428.1 secs   av.it.:  12.2
      thresh= 5.629E-10 alpha_mix =  0.700 |ddv_scf|^2 =  2.545E-17

      iter #   9 total cpu time :   428.7 secs   av.it.:  12.5
      thresh= 5.045E-11 alpha_mix =  0.700 |ddv_scf|^2 =  3.417E-18

      iter #  10 total cpu time :   429.3 secs   av.it.:  12.8
      thresh= 1.849E-11 alpha_mix =  0.700 |ddv_scf|^2 =  2.510E-20

        iq =   5   iwann =   9   rPi_q =     0.01020442     0.00000000   uPi_q =     0.03117137    -0.00000000   SH_q =     0.01954974    -0.00000000

        Start LR calculation for the wannier # 10   iq =  5   spin =  1

        SYM : iwann=    10 iq =     5 weight =   0.12500000

      iter #   1 total cpu time :   429.9 secs   av.it.:  12.9
      thresh= 1.000E-06 alpha_mix =  0.700 |ddv_scf|^2 =  2.281E-07

      iter #   2 total cpu time :   430.6 secs   av.it.:  12.8
      thresh= 1.000E-06 alpha_mix =  0.700 |ddv_scf|^2 =  1.693E-07

      iter #   3 total cpu time :   431.2 secs   av.it.:  12.2
      thresh= 1.000E-06 alpha_mix =  0.700 |ddv_scf|^2 =  9.348E-12

      iter #   4 total cpu time :   431.8 secs   av.it.:  11.8
      thresh= 3.058E-08 alpha_mix =  0.700 |ddv_scf|^2 =  3.620E-13

      iter #   5 total cpu time :   432.4 secs   av.it.:  12.5
      thresh= 6.017E-09 alpha_mix =  0.700 |ddv_scf|^2 =  5.097E-13

      iter #   6 total cpu time :   432.9 secs   av.it.:  11.9
      thresh= 7.139E-09 alpha_mix =  0.700 |ddv_scf|^2 =  5.712E-14

      iter #   7 total cpu time :   433.5 secs   av.it.:  12.1
      thresh= 2.390E-09 alpha_mix =  0.700 |ddv_scf|^2 =  3.168E-15

      iter #   8 total cpu time :   434.0 secs   av.it.:  12.2
      thresh= 5.628E-10 alpha_mix =  0.700 |ddv_scf|^2 =  2.545E-17

      iter #   9 total cpu time :   434.6 secs   av.it.:  12.5
      thresh= 5.045E-11 alpha_mix =  0.700 |ddv_scf|^2 =  3.417E-18

      iter #  10 total cpu time :   435.1 secs   av.it.:  12.8
      thresh= 1.849E-11 alpha_mix =  0.700 |ddv_scf|^2 =  2.510E-20

        iq =   5   iwann =  10   rPi_q =     0.01020442     0.00000000   uPi_q =     0.03117138    -0.00000000   SH_q =     0.01954974    -0.00000000

        Start LR calculation for the wannier # 11   iq =  5   spin =  1

        SYM : iwann=    11 iq =     5 weight =   0.12500000

      iter #   1 total cpu time :   435.7 secs   av.it.:  12.9
      thresh= 1.000E-06 alpha_mix =  0.700 |ddv_scf|^2 =  2.281E-07

      iter #   2 total cpu time :   436.2 secs   av.it.:  12.8
      thresh= 1.000E-06 alpha_mix =  0.700 |ddv_scf|^2 =  1.693E-07

      iter #   3 total cpu time :   436.8 secs   av.it.:  12.2
      thresh= 1.000E-06 alpha_mix =  0.700 |ddv_scf|^2 =  9.370E-12

      iter #   4 total cpu time :   437.3 secs   av.it.:  11.8
      thresh= 3.061E-08 alpha_mix =  0.700 |ddv_scf|^2 =  3.662E-13

      iter #   5 total cpu time :   437.9 secs   av.it.:  12.6
      thresh= 6.051E-09 alpha_mix =  0.700 |ddv_scf|^2 =  5.205E-13

      iter #   6 total cpu time :   438.4 secs   av.it.:  11.9
      thresh= 7.214E-09 alpha_mix =  0.700 |ddv_scf|^2 =  5.752E-14

      iter #   7 total cpu time :   439.0 secs   av.it.:  12.1
      thresh= 2.398E-09 alpha_mix =  0.700 |ddv_scf|^2 =  3.174E-15

      iter #   8 total cpu time :   439.5 secs   av.it.:  12.1
      thresh= 5.634E-10 alpha_mix =  0.700 |ddv_scf|^2 =  2.610E-17

      iter #   9 total cpu time :   440.1 secs   av.it.:  12.5
      thresh= 5.109E-11 alpha_mix =  0.700 |ddv_scf|^2 =  3.520E-18

      iter #  10 total cpu time :   440.7 secs   av.it.:  12.8
      thresh= 1.876E-11 alpha_mix =  0.700 |ddv_scf|^2 =  2.620E-20

        iq =   5   iwann =  11   rPi_q =     0.01017455     0.00000000   uPi_q =     0.03114660     0.00000000   SH_q =     0.01954974    -0.00000000

        Start LR calculation for the wannier # 12   iq =  5   spin =  1

        SYM : iwann=    12 iq =     5 weight =   0.12500000

      iter #   1 total cpu time :   441.3 secs   av.it.:  12.9
      thresh= 1.000E-06 alpha_mix =  0.700 |ddv_scf|^2 =  2.281E-07

      iter #   2 total cpu time :   441.8 secs   av.it.:  12.8
      thresh= 1.000E-06 alpha_mix =  0.700 |ddv_scf|^2 =  1.693E-07

      iter #   3 total cpu time :   442.4 secs   av.it.:  12.2
      thresh= 1.000E-06 alpha_mix =  0.700 |ddv_scf|^2 =  9.370E-12

      iter #   4 total cpu time :   442.9 secs   av.it.:  11.8
      thresh= 3.061E-08 alpha_mix =  0.700 |ddv_scf|^2 =  3.654E-13

      iter #   5 total cpu time :   443.5 secs   av.it.:  12.6
      thresh= 6.045E-09 alpha_mix =  0.700 |ddv_scf|^2 =  5.183E-13

      iter #   6 total cpu time :   444.1 secs   av.it.:  11.9
      thresh= 7.199E-09 alpha_mix =  0.700 |ddv_scf|^2 =  5.774E-14

      iter #   7 total cpu time :   444.6 secs   av.it.:  12.1
      thresh= 2.403E-09 alpha_mix =  0.700 |ddv_scf|^2 =  3.175E-15

      iter #   8 total cpu time :   445.1 secs   av.it.:  12.1
      thresh= 5.634E-10 alpha_mix =  0.700 |ddv_scf|^2 =  2.610E-17

      iter #   9 total cpu time :   445.7 secs   av.it.:  12.5
      thresh= 5.109E-11 alpha_mix =  0.700 |ddv_scf|^2 =  3.520E-18

      iter #  10 total cpu time :   446.3 secs   av.it.:  12.8
      thresh= 1.876E-11 alpha_mix =  0.700 |ddv_scf|^2 =  2.621E-20

        iq =   5   iwann =  12   rPi_q =     0.01017454     0.00000000   uPi_q =     0.03114659    -0.00000000   SH_q =     0.01954974    -0.00000000

        Start LR calculation for the wannier # 13   iq =  5   spin =  1

        SYM : iwann=    13 iq =     5 weight =   0.12500000

      iter #   1 total cpu time :   446.8 secs   av.it.:  12.9
      thresh= 1.000E-06 alpha_mix =  0.700 |ddv_scf|^2 =  2.281E-07

      iter #   2 total cpu time :   447.4 secs   av.it.:  12.8
      thresh= 1.000E-06 alpha_mix =  0.700 |ddv_scf|^2 =  1.693E-07

      iter #   3 total cpu time :   447.9 secs   av.it.:  12.2
      thresh= 1.000E-06 alpha_mix =  0.700 |ddv_scf|^2 =  9.361E-12

      iter #   4 total cpu time :   448.5 secs   av.it.:  11.8
      thresh= 3.060E-08 alpha_mix =  0.700 |ddv_scf|^2 =  3.643E-13

      iter #   5 total cpu time :   449.0 secs   av.it.:  12.8
      thresh= 6.036E-09 alpha_mix =  0.700 |ddv_scf|^2 =  5.152E-13

      iter #   6 total cpu time :   449.6 secs   av.it.:  11.9
      thresh= 7.178E-09 alpha_mix =  0.700 |ddv_scf|^2 =  5.749E-14

      iter #   7 total cpu time :   450.1 secs   av.it.:  12.1
      thresh= 2.398E-09 alpha_mix =  0.700 |ddv_scf|^2 =  3.174E-15

      iter #   8 total cpu time :   450.7 secs   av.it.:  12.1
      thresh= 5.634E-10 alpha_mix =  0.700 |ddv_scf|^2 =  2.575E-17

      iter #   9 total cpu time :   451.2 secs   av.it.:  12.5
      thresh= 5.075E-11 alpha_mix =  0.700 |ddv_scf|^2 =  3.475E-18

      iter #  10 total cpu time :   451.8 secs   av.it.:  12.6
      thresh= 1.864E-11 alpha_mix =  0.700 |ddv_scf|^2 =  2.574E-20

        iq =   5   iwann =  13   rPi_q =     0.01018947    -0.00000000   uPi_q =     0.03115896    -0.00000000   SH_q =     0.01954973     0.00000000

        Start LR calculation for the wannier # 14   iq =  5   spin =  1

        SYM : iwann=    14 iq =     5 weight =   0.12500000

      iter #   1 total cpu time :   452.4 secs   av.it.:  12.9
      thresh= 1.000E-06 alpha_mix =  0.700 |ddv_scf|^2 =  2.281E-07

      iter #   2 total cpu time :   452.9 secs   av.it.:  12.8
      thresh= 1.000E-06 alpha_mix =  0.700 |ddv_scf|^2 =  1.693E-07

      iter #   3 total cpu time :   453.5 secs   av.it.:  12.2
      thresh= 1.000E-06 alpha_mix =  0.700 |ddv_scf|^2 =  9.361E-12

      iter #   4 total cpu time :   454.0 secs   av.it.:  11.8
      thresh= 3.060E-08 alpha_mix =  0.700 |ddv_scf|^2 =  3.651E-13

      iter #   5 total cpu time :   454.6 secs   av.it.:  12.8
      thresh= 6.042E-09 alpha_mix =  0.700 |ddv_scf|^2 =  5.175E-13

      iter #   6 total cpu time :   455.2 secs   av.it.:  11.9
      thresh= 7.194E-09 alpha_mix =  0.700 |ddv_scf|^2 =  5.727E-14

      iter #   7 total cpu time :   455.7 secs   av.it.:  12.1
      thresh= 2.393E-09 alpha_mix =  0.700 |ddv_scf|^2 =  3.174E-15

      iter #   8 total cpu time :   456.3 secs   av.it.:  12.1
      thresh= 5.633E-10 alpha_mix =  0.700 |ddv_scf|^2 =  2.575E-17

      iter #   9 total cpu time :   456.9 secs   av.it.:  12.5
      thresh= 5.075E-11 alpha_mix =  0.700 |ddv_scf|^2 =  3.475E-18

      iter #  10 total cpu time :   457.5 secs   av.it.:  12.6
      thresh= 1.864E-11 alpha_mix =  0.700 |ddv_scf|^2 =  2.573E-20

        iq =   5   iwann =  14   rPi_q =     0.01018947    -0.00000000   uPi_q =     0.03115897    -0.00000000   SH_q =     0.01954974     0.00000000

        Start LR calculation for the wannier # 15   iq =  5   spin =  1

        SYM : iwann=    15 iq =     5 weight =   0.12500000

      iter #   1 total cpu time :   458.2 secs   av.it.:  12.5
      thresh= 1.000E-06 alpha_mix =  0.700 |ddv_scf|^2 =  9.441E-08

      iter #   2 total cpu time :   458.8 secs   av.it.:  12.6
      thresh= 1.000E-06 alpha_mix =  0.700 |ddv_scf|^2 =  4.919E-07

      iter #   3 total cpu time :   459.5 secs   av.it.:  12.2
      thresh= 1.000E-06 alpha_mix =  0.700 |ddv_scf|^2 =  4.027E-10

      iter #   4 total cpu time :   460.0 secs   av.it.:  11.8
      thresh= 2.007E-07 alpha_mix =  0.700 |ddv_scf|^2 =  2.499E-12

      iter #   5 total cpu time :   460.6 secs   av.it.:  11.9
      thresh= 1.581E-08 alpha_mix =  0.700 |ddv_scf|^2 =  2.638E-13

      iter #   6 total cpu time :   461.2 secs   av.it.:  12.8
      thresh= 5.136E-09 alpha_mix =  0.700 |ddv_scf|^2 =  5.024E-15

      iter #   7 total cpu time :   461.9 secs   av.it.:  12.9
      thresh= 7.088E-10 alpha_mix =  0.700 |ddv_scf|^2 =  4.910E-16

      iter #   8 total cpu time :   462.6 secs   av.it.:  12.5
      thresh= 2.216E-10 alpha_mix =  0.700 |ddv_scf|^2 =  1.819E-16

      iter #   9 total cpu time :   463.1 secs   av.it.:  12.2
      thresh= 1.349E-10 alpha_mix =  0.700 |ddv_scf|^2 =  3.216E-17

      iter #  10 total cpu time :   463.7 secs   av.it.:  12.1
      thresh= 5.671E-11 alpha_mix =  0.700 |ddv_scf|^2 =  6.857E-18

      iter #  11 total cpu time :   464.3 secs   av.it.:  12.1
      thresh= 2.619E-11 alpha_mix =  0.700 |ddv_scf|^2 =  4.597E-19

        iq =   5   iwann =  15   rPi_q =     0.00000367    -0.00000000   uPi_q =     0.00568765    -0.00000000   SH_q =     0.00612170    -0.00000000

        Start LR calculation for the wannier # 16   iq =  5   spin =  1

        SYM : iwann=    16 iq =     5 weight =   0.12500000

      iter #   1 total cpu time :   464.8 secs   av.it.:  12.5
      thresh= 1.000E-06 alpha_mix =  0.700 |ddv_scf|^2 =  9.441E-08

      iter #   2 total cpu time :   465.4 secs   av.it.:  12.6
      thresh= 1.000E-06 alpha_mix =  0.700 |ddv_scf|^2 =  4.919E-07

      iter #   3 total cpu time :   465.9 secs   av.it.:  12.2
      thresh= 1.000E-06 alpha_mix =  0.700 |ddv_scf|^2 =  4.027E-10

      iter #   4 total cpu time :   466.5 secs   av.it.:  11.8
      thresh= 2.007E-07 alpha_mix =  0.700 |ddv_scf|^2 =  2.499E-12

      iter #   5 total cpu time :   467.0 secs   av.it.:  11.9
      thresh= 1.581E-08 alpha_mix =  0.700 |ddv_scf|^2 =  2.638E-13

      iter #   6 total cpu time :   467.6 secs   av.it.:  12.8
      thresh= 5.136E-09 alpha_mix =  0.700 |ddv_scf|^2 =  5.024E-15

      iter #   7 total cpu time :   468.1 secs   av.it.:  12.9
      thresh= 7.088E-10 alpha_mix =  0.700 |ddv_scf|^2 =  4.903E-16

      iter #   8 total cpu time :   468.7 secs   av.it.:  12.4
      thresh= 2.214E-10 alpha_mix =  0.700 |ddv_scf|^2 =  1.815E-16

      iter #   9 total cpu time :   469.2 secs   av.it.:  12.2
      thresh= 1.347E-10 alpha_mix =  0.700 |ddv_scf|^2 =  3.220E-17

      iter #  10 total cpu time :   469.8 secs   av.it.:  12.2
      thresh= 5.675E-11 alpha_mix =  0.700 |ddv_scf|^2 =  6.852E-18

      iter #  11 total cpu time :   470.3 secs   av.it.:  12.0
      thresh= 2.618E-11 alpha_mix =  0.700 |ddv_scf|^2 =  4.598E-19

        iq =   5   iwann =  16   rPi_q =     0.00000367    -0.00000000   uPi_q =     0.00568765    -0.00000000   SH_q =     0.00612170     0.00000000


     ==============================================================================
     Calculation of q =   -1.0000000   0.0000000   0.0000000  [Cart ]
     Calculation of q =    0.5000000   0.0000000   0.5000000  [Cryst]
     ==============================================================================

        INFO: prepare_q DONE

        INFO: rhowan_q(r) RETRIEVED


     Parallelization info
     --------------------
     sticks:   dense  smooth     PW     G-vecs:    dense   smooth      PW
     Min          73      73     30                  821      821     216
     Max          74      74     31                  823      823     218
     Sum         295     295    121                 3287     3287     869

     Using Slab Decomposition


     Title: 
     KCW Silicon screen                                                         


     bravais-lattice index     =            2
     lattice parameter (alat)  =      10.2631  a.u.
     unit-cell volume          =     270.2564 (a.u.)^3
     number of atoms/cell      =            2
     number of atomic types    =            1
     number of electrons       =         8.00
     number of Kohn-Sham states=           11
     kinetic-energy cutoff     =      20.0000  Ry
     charge density cutoff     =      80.0000  Ry
     Exchange-correlation= PW
                           (   1   4   0   0   0   0   0)
     Noncollinear calculation with spin-orbit


     celldm(1)=  10.263102  celldm(2)=   0.000000  celldm(3)=   0.000000
     celldm(4)=   0.000000  celldm(5)=   0.000000  celldm(6)=   0.000000

     crystal axes: (cart. coord. in units of alat)
               a(1) = (  -0.500000   0.000000   0.500000 )  
               a(2) = (   0.000000   0.500000   0.500000 )  
               a(3) = (  -0.500000   0.500000   0.000000 )  

     reciprocal axes: (cart. coord. in units 2 pi/alat)
               b(1) = ( -1.000000 -1.000000  1.000000 )  
               b(2) = (  1.000000  1.000000  1.000000 )  
               b(3) = ( -1.000000  1.000000 -1.000000 )  


     PseudoPot. # 1 for Si read from file:
     /home/nicola/CODES/q-e-kcw/pseudo/Si_Dojo_LDA_FR.UPF
     MD5 check sum: fa6905a911cf8388f5aa69a93393adea
     Pseudo is Norm-conserving + core correction, Zval =  4.0
     Generated using ONCVPSP code by D. R. Hamann
     Using radial grid of 1510 points, 10 beta functions with: 
                l(1) =   0
                l(2) =   0
                l(3) =   1
                l(4) =   1
                l(5) =   1
                l(6) =   1
                l(7) =   2
                l(8) =   2
                l(9) =   2
               l(10) =   2

     atomic species   valence    mass     pseudopotential
     Si                4.00    28.08500     Si( 1.00)

     No symmetry found



   Cartesian axes

     site n.     atom                  positions (alat units)
         1        Si     tau(   1) = (   0.0000000   0.0000000   0.0000000  )
         2        Si     tau(   2) = (  -0.2500000   0.2500000   0.2500000  )

     number of k points=    32
                       cart. coord. in units 2pi/alat
        k(    1) = (   0.0000000   0.0000000   0.0000000), wk =   0.1250000
        k(    2) = (  -1.0000000   0.0000000   0.0000000), wk =   0.0000000
        k(    3) = (  -0.0000000  -0.0000000  -0.0000000), wk =   0.0000000
        k(    4) = (   1.0000000  -0.0000000  -0.0000000), wk =   0.0000000
        k(    5) = (  -0.5000000   0.5000000  -0.5000000), wk =   0.1250000
        k(    6) = (  -1.5000000   0.5000000  -0.5000000), wk =   0.0000000
        k(    7) = (   0.5000000  -0.5000000   0.5000000), wk =   0.0000000
        k(    8) = (   1.5000000  -0.5000000   0.5000000), wk =   0.0000000
        k(    9) = (   0.5000000   0.5000000   0.5000000), wk =   0.1250000
        k(   10) = (  -0.5000000   0.5000000   0.5000000), wk =   0.0000000
        k(   11) = (  -0.5000000  -0.5000000  -0.5000000), wk =   0.0000000
        k(   12) = (   0.5000000  -0.5000000  -0.5000000), wk =   0.0000000
        k(   13) = (   0.0000000   1.0000000   0.0000000), wk =   0.1250000
        k(   14) = (  -1.0000000   1.0000000   0.0000000), wk =   0.0000000
        k(   15) = (  -0.0000000  -1.0000000  -0.0000000), wk =   0.0000000
        k(   16) = (   1.0000000  -1.0000000  -0.0000000), wk =   0.0000000
        k(   17) = (  -0.5000000  -0.5000000   0.5000000), wk =   0.1250000
        k(   18) = (  -1.5000000  -0.5000000   0.5000000), wk =   0.0000000
        k(   19) = (   0.5000000   0.5000000  -0.5000000), wk =   0.0000000
        k(   20) = (   1.5000000   0.5000000  -0.5000000), wk =   0.0000000
        k(   21) = (  -1.0000000   0.0000000   0.0000000), wk =   0.1250000
        k(   22) = (  -2.0000000   0.0000000   0.0000000), wk =   0.0000000
        k(   23) = (   1.0000000  -0.0000000  -0.0000000), wk =   0.0000000
        k(   24) = (   2.0000000  -0.0000000  -0.0000000), wk =   0.0000000
        k(   25) = (   0.0000000   0.0000000   1.0000000), wk =   0.1250000
        k(   26) = (  -1.0000000   0.0000000   1.0000000), wk =   0.0000000
        k(   27) = (  -0.0000000  -0.0000000  -1.0000000), wk =   0.0000000
        k(   28) = (   1.0000000  -0.0000000  -1.0000000), wk =   0.0000000
        k(   29) = (  -0.5000000   0.5000000   0.5000000), wk =   0.1250000
        k(   30) = (  -1.5000000   0.5000000   0.5000000), wk =   0.0000000
        k(   31) = (   0.5000000  -0.5000000  -0.5000000), wk =   0.0000000
        k(   32) = (   1.5000000  -0.5000000  -0.5000000), wk =   0.0000000

     Dense  grid:     3287 G-vectors     FFT dimensions: (  24,  24,  24)

     Estimated max dynamical RAM per process >       3.31 MB

     Estimated total dynamical RAM >      13.23 MB

     The potential is recalculated from file :
     /home/nicola/CODES/q-e-kcw/tempdir/kcw/q6/Si.save/charge-density

     Starting wfcs are   16 atomic wfcs

     Band Structure Calculation
     Davidson diagonalization with overlap

     ethr =  1.25E-10,  avg # of iterations = 10.6

     total cpu time spent up to now is       -1.0 secs

     End of band structure calculation

          k = 0.0000 0.0000 0.0000 (   411 PWs)   bands (ev):

    -5.7047  -5.7047   6.3115   6.3115   6.3611   6.3611   6.3611   6.3611
     8.7146   8.7146   8.7504

          k =-1.0000 0.0000 0.0000 (   412 PWs)   bands (ev):

    -1.5308  -1.5308  -1.5308  -1.5308   3.4058   3.4058   3.4058   3.4058
     6.7665   6.7665   6.7665

          k =-0.0000-0.0000-0.0000 (   411 PWs)   bands (ev):

    -5.7047  -5.7047   6.3115   6.3115   6.3611   6.3611   6.3611   6.3611
     8.7146   8.7146   8.7504

          k = 1.0000-0.0000-0.0000 (   412 PWs)   bands (ev):

    -1.5308  -1.5308  -1.5308  -1.5308   3.4058   3.4058   3.4058   3.4058
     6.7665   6.7665   6.7665

          k =-0.5000 0.5000-0.5000 (   410 PWs)   bands (ev):

    -3.3363  -3.3363  -0.7601  -0.7601   5.0942   5.0942   5.1269   5.1269
     7.6784   7.6784   9.4869

          k =-1.5000 0.5000-0.5000 (   410 PWs)   bands (ev):

    -3.3363  -3.3363  -0.7601  -0.7601   5.0942   5.0942   5.1269   5.1269
     7.6784   7.6784   9.4869

          k = 0.5000-0.5000 0.5000 (   410 PWs)   bands (ev):

    -3.3363  -3.3363  -0.7601  -0.7601   5.0942   5.0942   5.1269   5.1269
     7.6784   7.6784   9.4869

          k = 1.5000-0.5000 0.5000 (   410 PWs)   bands (ev):

    -3.3363  -3.3363  -0.7601  -0.7601   5.0942   5.0942   5.1269   5.1269
     7.6784   7.6784   9.4869

          k = 0.5000 0.5000 0.5000 (   410 PWs)   bands (ev):

    -3.3363  -3.3363  -0.7601  -0.7601   5.0942   5.0942   5.1269   5.1269
     7.6784   7.6784   9.4869

          k =-0.5000 0.5000 0.5000 (   410 PWs)   bands (ev):

    -3.3363  -3.3363  -0.7601  -0.7601   5.0942   5.0942   5.1269   5.1269
     7.6784   7.6784   9.4869

          k =-0.5000-0.5000-0.5000 (   410 PWs)   bands (ev):

    -3.3363  -3.3363  -0.7601  -0.7601   5.0942   5.0942   5.1269   5.1269
     7.6784   7.6784   9.4869

          k = 0.5000-0.5000-0.5000 (   410 PWs)   bands (ev):

    -3.3363  -3.3363  -0.7601  -0.7601   5.0942   5.0942   5.1269   5.1269
     7.6784   7.6784   9.4869

          k = 0.0000 1.0000 0.0000 (   412 PWs)   bands (ev):

    -1.5308  -1.5308  -1.5308  -1.5308   3.4058   3.4058   3.4058   3.4058
     6.7665   6.7665   6.7665

          k =-1.0000 1.0000 0.0000 (   412 PWs)   bands (ev):

    -1.5308  -1.5308  -1.5308  -1.5308   3.4058   3.4058   3.4058   3.4058
     6.7665   6.7665   6.7665

          k =-0.0000-1.0000-0.0000 (   412 PWs)   bands (ev):

    -1.5308  -1.5308  -1.5308  -1.5308   3.4058   3.4058   3.4058   3.4058
     6.7665   6.7665   6.7665

          k = 1.0000-1.0000-0.0000 (   412 PWs)   bands (ev):

    -1.5308  -1.5308  -1.5308  -1.5308   3.4058   3.4058   3.4058   3.4058
     6.7665   6.7665   6.7665

          k =-0.5000-0.5000 0.5000 (   410 PWs)   bands (ev):

    -3.3363  -3.3363  -0.7601  -0.7601   5.0942   5.0942   5.1269   5.1269
     7.6784   7.6784   9.4869

          k =-1.5000-0.5000 0.5000 (   410 PWs)   bands (ev):

    -3.3363  -3.3363  -0.7601  -0.7601   5.0942   5.0942   5.1269   5.1269
     7.6784   7.6784   9.4869

          k = 0.5000 0.5000-0.5000 (   410 PWs)   bands (ev):

    -3.3363  -3.3363  -0.7601  -0.7601   5.0942   5.0942   5.1269   5.1269
     7.6784   7.6784   9.4869

          k = 1.5000 0.5000-0.5000 (   410 PWs)   bands (ev):

    -3.3363  -3.3363  -0.7601  -0.7601   5.0942   5.0942   5.1269   5.1269
     7.6784   7.6784   9.4869

          k =-1.0000 0.0000 0.0000 (   412 PWs)   bands (ev):

    -1.5308  -1.5308  -1.5308  -1.5308   3.4058   3.4058   3.4058   3.4058
     6.7665   6.7665   6.7665

          k =-2.0000 0.0000 0.0000 (   411 PWs)   bands (ev):

    -5.7047  -5.7047   6.3115   6.3115   6.3611   6.3611   6.3611   6.3611
     8.7146   8.7146   8.7504

          k = 1.0000-0.0000-0.0000 (   412 PWs)   bands (ev):

    -1.5308  -1.5308  -1.5308  -1.5308   3.4058   3.4058   3.4058   3.4058
     6.7665   6.7665   6.7665

          k = 2.0000-0.0000-0.0000 (   411 PWs)   bands (ev):

    -5.7047  -5.7047   6.3115   6.3115   6.3611   6.3611   6.3611   6.3611
     8.7146   8.7146   8.7504

          k = 0.0000 0.0000 1.0000 (   412 PWs)   bands (ev):

    -1.5308  -1.5308  -1.5308  -1.5308   3.4058   3.4058   3.4058   3.4058
     6.7665   6.7665   6.7665

          k =-1.0000 0.0000 1.0000 (   412 PWs)   bands (ev):

    -1.5308  -1.5308  -1.5308  -1.5308   3.4058   3.4058   3.4058   3.4058
     6.7665   6.7665   6.7665

          k =-0.0000-0.0000-1.0000 (   412 PWs)   bands (ev):

    -1.5308  -1.5308  -1.5308  -1.5308   3.4058   3.4058   3.4058   3.4058
     6.7665   6.7665   6.7665

          k = 1.0000-0.0000-1.0000 (   412 PWs)   bands (ev):

    -1.5308  -1.5308  -1.5308  -1.5308   3.4058   3.4058   3.4058   3.4058
     6.7665   6.7665   6.7665

          k =-0.5000 0.5000 0.5000 (   410 PWs)   bands (ev):

    -3.3363  -3.3363  -0.7601  -0.7601   5.0942   5.0942   5.1269   5.1269
     7.6784   7.6784   9.4869

          k =-1.5000 0.5000 0.5000 (   410 PWs)   bands (ev):

    -3.3363  -3.3363  -0.7601  -0.7601   5.0942   5.0942   5.1269   5.1269
     7.6784   7.6784   9.4869

          k = 0.5000-0.5000-0.5000 (   410 PWs)   bands (ev):

    -3.3363  -3.3363  -0.7601  -0.7601   5.0942   5.0942   5.1269   5.1269
     7.6784   7.6784   9.4869

          k = 1.5000-0.5000-0.5000 (   410 PWs)   bands (ev):

    -3.3363  -3.3363  -0.7601  -0.7601   5.0942   5.0942   5.1269   5.1269
     7.6784   7.6784   9.4869

     highest occupied, lowest unoccupied level (ev):     6.3611    6.7665

     Writing all to output data dir /home/nicola/CODES/q-e-kcw/tempdir/kcw/q6/Si.save/ :
     XML data file, pseudopotentials, collected wavefunctions

        INFO: NSCF calculation DONE

        INFO: kcw_q initialization DONE


        Start LR calculation for the wannier #  1   iq =  6   spin =  1

        SYM : iwann=     1 iq =     6 weight =   0.12500000

      iter #   1 total cpu time :   472.5 secs   av.it.:  12.8
      thresh= 1.000E-06 alpha_mix =  0.700 |ddv_scf|^2 =  4.676E-07

      iter #   2 total cpu time :   473.0 secs   av.it.:  12.9
      thresh= 1.000E-06 alpha_mix =  0.700 |ddv_scf|^2 =  1.036E-06

      iter #   3 total cpu time :   473.6 secs   av.it.:  13.0
      thresh= 1.000E-06 alpha_mix =  0.700 |ddv_scf|^2 =  2.685E-09

      iter #   4 total cpu time :   474.1 secs   av.it.:  11.1
      thresh= 5.182E-07 alpha_mix =  0.700 |ddv_scf|^2 =  1.092E-11

      iter #   5 total cpu time :   474.7 secs   av.it.:  11.8
      thresh= 3.304E-08 alpha_mix =  0.700 |ddv_scf|^2 =  2.309E-12

      iter #   6 total cpu time :   475.2 secs   av.it.:  12.0
      thresh= 1.519E-08 alpha_mix =  0.700 |ddv_scf|^2 =  3.232E-13

      iter #   7 total cpu time :   475.8 secs   av.it.:  12.8
      thresh= 5.685E-09 alpha_mix =  0.700 |ddv_scf|^2 =  1.605E-14

      iter #   8 total cpu time :   476.3 secs   av.it.:  12.8
      thresh= 1.267E-09 alpha_mix =  0.700 |ddv_scf|^2 =  3.293E-15

      iter #   9 total cpu time :   476.9 secs   av.it.:  13.1
      thresh= 5.739E-10 alpha_mix =  0.700 |ddv_scf|^2 =  2.337E-15

      iter #  10 total cpu time :   477.4 secs   av.it.:  12.0
      thresh= 4.834E-10 alpha_mix =  0.700 |ddv_scf|^2 =  1.271E-16

      iter #  11 total cpu time :   478.0 secs   av.it.:  12.6
      thresh= 1.127E-10 alpha_mix =  0.700 |ddv_scf|^2 =  4.657E-17

      iter #  12 total cpu time :   478.6 secs   av.it.:  12.2
      thresh= 6.824E-11 alpha_mix =  0.700 |ddv_scf|^2 =  4.619E-18

      iter #  13 total cpu time :   479.2 secs   av.it.:  12.8
      thresh= 2.149E-11 alpha_mix =  0.700 |ddv_scf|^2 =  2.980E-18

      iter #  14 total cpu time :   479.8 secs   av.it.:  12.4
      thresh= 1.726E-11 alpha_mix =  0.700 |ddv_scf|^2 =  3.039E-19

        iq =   6   iwann =   1   rPi_q =     0.01376422     0.00000000   uPi_q =     0.05093001    -0.00000000   SH_q =     0.03328113     0.00000000

        Start LR calculation for the wannier #  2   iq =  6   spin =  1

        SYM : iwann=     2 iq =     6 weight =   0.12500000

      iter #   1 total cpu time :   480.5 secs   av.it.:  12.8
      thresh= 1.000E-06 alpha_mix =  0.700 |ddv_scf|^2 =  4.676E-07

      iter #   2 total cpu time :   481.1 secs   av.it.:  12.9
      thresh= 1.000E-06 alpha_mix =  0.700 |ddv_scf|^2 =  1.036E-06

      iter #   3 total cpu time :   481.7 secs   av.it.:  13.0
      thresh= 1.000E-06 alpha_mix =  0.700 |ddv_scf|^2 =  2.685E-09

      iter #   4 total cpu time :   482.2 secs   av.it.:  11.1
      thresh= 5.182E-07 alpha_mix =  0.700 |ddv_scf|^2 =  1.092E-11

      iter #   5 total cpu time :   482.7 secs   av.it.:  11.8
      thresh= 3.304E-08 alpha_mix =  0.700 |ddv_scf|^2 =  2.309E-12

      iter #   6 total cpu time :   483.3 secs   av.it.:  12.0
      thresh= 1.519E-08 alpha_mix =  0.700 |ddv_scf|^2 =  3.232E-13

      iter #   7 total cpu time :   483.9 secs   av.it.:  12.8
      thresh= 5.685E-09 alpha_mix =  0.700 |ddv_scf|^2 =  1.605E-14

      iter #   8 total cpu time :   484.5 secs   av.it.:  12.8
      thresh= 1.267E-09 alpha_mix =  0.700 |ddv_scf|^2 =  3.293E-15

      iter #   9 total cpu time :   485.2 secs   av.it.:  13.1
      thresh= 5.739E-10 alpha_mix =  0.700 |ddv_scf|^2 =  2.337E-15

      iter #  10 total cpu time :   485.7 secs   av.it.:  12.0
      thresh= 4.834E-10 alpha_mix =  0.700 |ddv_scf|^2 =  1.271E-16

      iter #  11 total cpu time :   486.3 secs   av.it.:  12.6
      thresh= 1.127E-10 alpha_mix =  0.700 |ddv_scf|^2 =  4.653E-17

      iter #  12 total cpu time :   486.9 secs   av.it.:  12.4
      thresh= 6.821E-11 alpha_mix =  0.700 |ddv_scf|^2 =  4.609E-18

      iter #  13 total cpu time :   487.5 secs   av.it.:  12.8
      thresh= 2.147E-11 alpha_mix =  0.700 |ddv_scf|^2 =  2.968E-18

      iter #  14 total cpu time :   488.1 secs   av.it.:  12.4
      thresh= 1.723E-11 alpha_mix =  0.700 |ddv_scf|^2 =  3.039E-19

        iq =   6   iwann =   2   rPi_q =     0.01376422     0.00000000   uPi_q =     0.05093001    -0.00000000   SH_q =     0.03328113    -0.00000000

        Start LR calculation for the wannier #  3   iq =  6   spin =  1

        SYM : iwann=     3 iq =     6 weight =   0.12500000

      iter #   1 total cpu time :   488.7 secs   av.it.:  12.8
      thresh= 1.000E-06 alpha_mix =  0.700 |ddv_scf|^2 =  4.676E-07

      iter #   2 total cpu time :   489.3 secs   av.it.:  12.9
      thresh= 1.000E-06 alpha_mix =  0.700 |ddv_scf|^2 =  1.036E-06

      iter #   3 total cpu time :   489.8 secs   av.it.:  12.9
      thresh= 1.000E-06 alpha_mix =  0.700 |ddv_scf|^2 =  2.685E-09

      iter #   4 total cpu time :   490.4 secs   av.it.:  11.1
      thresh= 5.182E-07 alpha_mix =  0.700 |ddv_scf|^2 =  1.089E-11

      iter #   5 total cpu time :   490.9 secs   av.it.:  11.9
      thresh= 3.300E-08 alpha_mix =  0.700 |ddv_scf|^2 =  2.294E-12

      iter #   6 total cpu time :   491.5 secs   av.it.:  11.8
      thresh= 1.515E-08 alpha_mix =  0.700 |ddv_scf|^2 =  3.165E-13

      iter #   7 total cpu time :   492.1 secs   av.it.:  12.8
      thresh= 5.626E-09 alpha_mix =  0.700 |ddv_scf|^2 =  1.549E-14

      iter #   8 total cpu time :   492.6 secs   av.it.:  12.8
      thresh= 1.245E-09 alpha_mix =  0.700 |ddv_scf|^2 =  3.167E-15

      iter #   9 total cpu time :   493.2 secs   av.it.:  13.1
      thresh= 5.628E-10 alpha_mix =  0.700 |ddv_scf|^2 =  2.219E-15

      iter #  10 total cpu time :   493.8 secs   av.it.:  11.8
      thresh= 4.710E-10 alpha_mix =  0.700 |ddv_scf|^2 =  1.248E-16

      iter #  11 total cpu time :   494.4 secs   av.it.:  12.5
      thresh= 1.117E-10 alpha_mix =  0.700 |ddv_scf|^2 =  4.582E-17

      iter #  12 total cpu time :   495.0 secs   av.it.:  12.4
      thresh= 6.769E-11 alpha_mix =  0.700 |ddv_scf|^2 =  4.664E-18

      iter #  13 total cpu time :   495.6 secs   av.it.:  12.8
      thresh= 2.160E-11 alpha_mix =  0.700 |ddv_scf|^2 =  3.087E-18

      iter #  14 total cpu time :   496.1 secs   av.it.:  12.4
      thresh= 1.757E-11 alpha_mix =  0.700 |ddv_scf|^2 =  2.960E-19

        iq =   6   iwann =   3   rPi_q =     0.01376436    -0.00000000   uPi_q =     0.05092871    -0.00000000   SH_q =     0.03328113    -0.00000000

        Start LR calculation for the wannier #  4   iq =  6   spin =  1

        SYM : iwann=     4 iq =     6 weight =   0.12500000

      iter #   1 total cpu time :   496.8 secs   av.it.:  12.8
      thresh= 1.000E-06 alpha_mix =  0.700 |ddv_scf|^2 =  4.676E-07

      iter #   2 total cpu time :   497.3 secs   av.it.:  12.9
      thresh= 1.000E-06 alpha_mix =  0.700 |ddv_scf|^2 =  1.036E-06

      iter #   3 total cpu time :   497.9 secs   av.it.:  12.9
      thresh= 1.000E-06 alpha_mix =  0.700 |ddv_scf|^2 =  2.685E-09

      iter #   4 total cpu time :   498.5 secs   av.it.:  11.1
      thresh= 5.182E-07 alpha_mix =  0.700 |ddv_scf|^2 =  1.089E-11

      iter #   5 total cpu time :   499.0 secs   av.it.:  11.9
      thresh= 3.300E-08 alpha_mix =  0.700 |ddv_scf|^2 =  2.294E-12

      iter #   6 total cpu time :   499.6 secs   av.it.:  11.8
      thresh= 1.515E-08 alpha_mix =  0.700 |ddv_scf|^2 =  3.165E-13

      iter #   7 total cpu time :   500.2 secs   av.it.:  12.8
      thresh= 5.626E-09 alpha_mix =  0.700 |ddv_scf|^2 =  1.549E-14

      iter #   8 total cpu time :   500.8 secs   av.it.:  12.8
      thresh= 1.245E-09 alpha_mix =  0.700 |ddv_scf|^2 =  3.167E-15

      iter #   9 total cpu time :   501.4 secs   av.it.:  13.1
      thresh= 5.628E-10 alpha_mix =  0.700 |ddv_scf|^2 =  2.219E-15

      iter #  10 total cpu time :   502.0 secs   av.it.:  11.8
      thresh= 4.711E-10 alpha_mix =  0.700 |ddv_scf|^2 =  1.249E-16

      iter #  11 total cpu time :   502.6 secs   av.it.:  12.5
      thresh= 1.118E-10 alpha_mix =  0.700 |ddv_scf|^2 =  4.603E-17

      iter #  12 total cpu time :   503.1 secs   av.it.:  12.4
      thresh= 6.785E-11 alpha_mix =  0.700 |ddv_scf|^2 =  4.720E-18

      iter #  13 total cpu time :   503.7 secs   av.it.:  12.8
      thresh= 2.173E-11 alpha_mix =  0.700 |ddv_scf|^2 =  3.142E-18

      iter #  14 total cpu time :   504.3 secs   av.it.:  12.4
      thresh= 1.773E-11 alpha_mix =  0.700 |ddv_scf|^2 =  2.949E-19

        iq =   6   iwann =   4   rPi_q =     0.01376436    -0.00000000   uPi_q =     0.05092871    -0.00000000   SH_q =     0.03328113     0.00000000

        Start LR calculation for the wannier #  5   iq =  6   spin =  1

        SYM : iwann=     5 iq =     6 weight =   0.12500000

      iter #   1 total cpu time :   504.9 secs   av.it.:  12.8
      thresh= 1.000E-06 alpha_mix =  0.700 |ddv_scf|^2 =  4.676E-07

      iter #   2 total cpu time :   505.5 secs   av.it.:  12.9
      thresh= 1.000E-06 alpha_mix =  0.700 |ddv_scf|^2 =  1.036E-06

      iter #   3 total cpu time :   506.1 secs   av.it.:  13.0
      thresh= 1.000E-06 alpha_mix =  0.700 |ddv_scf|^2 =  2.685E-09

      iter #   4 total cpu time :   506.7 secs   av.it.:  11.1
      thresh= 5.182E-07 alpha_mix =  0.700 |ddv_scf|^2 =  1.089E-11

      iter #   5 total cpu time :   507.2 secs   av.it.:  11.8
      thresh= 3.300E-08 alpha_mix =  0.700 |ddv_scf|^2 =  2.293E-12

      iter #   6 total cpu time :   507.8 secs   av.it.:  12.0
      thresh= 1.514E-08 alpha_mix =  0.700 |ddv_scf|^2 =  3.161E-13

      iter #   7 total cpu time :   508.4 secs   av.it.:  12.9
      thresh= 5.622E-09 alpha_mix =  0.700 |ddv_scf|^2 =  1.546E-14

      iter #   8 total cpu time :   509.1 secs   av.it.:  12.8
      thresh= 1.243E-09 alpha_mix =  0.700 |ddv_scf|^2 =  3.162E-15

      iter #   9 total cpu time :   509.7 secs   av.it.:  13.1
      thresh= 5.623E-10 alpha_mix =  0.700 |ddv_scf|^2 =  2.211E-15

      iter #  10 total cpu time :   510.3 secs   av.it.:  11.8
      thresh= 4.702E-10 alpha_mix =  0.700 |ddv_scf|^2 =  1.246E-16

      iter #  11 total cpu time :   510.9 secs   av.it.:  12.6
      thresh= 1.116E-10 alpha_mix =  0.700 |ddv_scf|^2 =  4.552E-17

      iter #  12 total cpu time :   511.4 secs   av.it.:  12.4
      thresh= 6.747E-11 alpha_mix =  0.700 |ddv_scf|^2 =  4.590E-18

      iter #  13 total cpu time :   512.0 secs   av.it.:  12.8
      thresh= 2.142E-11 alpha_mix =  0.700 |ddv_scf|^2 =  3.010E-18

      iter #  14 total cpu time :   512.6 secs   av.it.:  12.4
      thresh= 1.735E-11 alpha_mix =  0.700 |ddv_scf|^2 =  2.967E-19

        iq =   6   iwann =   5   rPi_q =     0.01376537     0.00000000   uPi_q =     0.05092929    -0.00000000   SH_q =     0.03328113     0.00000000

        Start LR calculation for the wannier #  6   iq =  6   spin =  1

        SYM : iwann=     6 iq =     6 weight =   0.12500000

      iter #   1 total cpu time :   513.2 secs   av.it.:  12.8
      thresh= 1.000E-06 alpha_mix =  0.700 |ddv_scf|^2 =  4.676E-07

      iter #   2 total cpu time :   513.8 secs   av.it.:  12.9
      thresh= 1.000E-06 alpha_mix =  0.700 |ddv_scf|^2 =  1.036E-06

      iter #   3 total cpu time :   514.4 secs   av.it.:  13.0
      thresh= 1.000E-06 alpha_mix =  0.700 |ddv_scf|^2 =  2.685E-09

      iter #   4 total cpu time :   514.9 secs   av.it.:  11.1
      thresh= 5.182E-07 alpha_mix =  0.700 |ddv_scf|^2 =  1.089E-11

      iter #   5 total cpu time :   515.5 secs   av.it.:  11.8
      thresh= 3.300E-08 alpha_mix =  0.700 |ddv_scf|^2 =  2.293E-12

      iter #   6 total cpu time :   516.0 secs   av.it.:  12.0
      thresh= 1.514E-08 alpha_mix =  0.700 |ddv_scf|^2 =  3.161E-13

      iter #   7 total cpu time :   516.6 secs   av.it.:  12.9
      thresh= 5.622E-09 alpha_mix =  0.700 |ddv_scf|^2 =  1.546E-14

      iter #   8 total cpu time :   517.2 secs   av.it.:  12.8
      thresh= 1.243E-09 alpha_mix =  0.700 |ddv_scf|^2 =  3.162E-15

      iter #   9 total cpu time :   517.8 secs   av.it.:  13.1
      thresh= 5.623E-10 alpha_mix =  0.700 |ddv_scf|^2 =  2.212E-15

      iter #  10 total cpu time :   518.4 secs   av.it.:  11.8
      thresh= 4.703E-10 alpha_mix =  0.700 |ddv_scf|^2 =  1.248E-16

      iter #  11 total cpu time :   519.0 secs   av.it.:  12.5
      thresh= 1.117E-10 alpha_mix =  0.700 |ddv_scf|^2 =  4.572E-17

      iter #  12 total cpu time :   519.6 secs   av.it.:  12.4
      thresh= 6.762E-11 alpha_mix =  0.700 |ddv_scf|^2 =  4.643E-18

      iter #  13 total cpu time :   520.2 secs   av.it.:  12.8
      thresh= 2.155E-11 alpha_mix =  0.700 |ddv_scf|^2 =  3.067E-18

      iter #  14 total cpu time :   520.8 secs   av.it.:  12.4
      thresh= 1.751E-11 alpha_mix =  0.700 |ddv_scf|^2 =  2.959E-19

        iq =   6   iwann =   6   rPi_q =     0.01376540     0.00000000   uPi_q =     0.05092930    -0.00000000   SH_q =     0.03328113     0.00000000

        Start LR calculation for the wannier #  7   iq =  6   spin =  1

        SYM : iwann=     7 iq =     6 weight =   0.12500000

      iter #   1 total cpu time :   521.4 secs   av.it.:  13.0
      thresh= 1.000E-06 alpha_mix =  0.700 |ddv_scf|^2 =  4.676E-07

      iter #   2 total cpu time :   522.0 secs   av.it.:  13.0
      thresh= 1.000E-06 alpha_mix =  0.700 |ddv_scf|^2 =  1.036E-06

      iter #   3 total cpu time :   522.6 secs   av.it.:  12.9
      thresh= 1.000E-06 alpha_mix =  0.700 |ddv_scf|^2 =  2.685E-09

      iter #   4 total cpu time :   523.1 secs   av.it.:  11.1
      thresh= 5.182E-07 alpha_mix =  0.700 |ddv_scf|^2 =  1.091E-11

      iter #   5 total cpu time :   523.6 secs   av.it.:  11.6
      thresh= 3.302E-08 alpha_mix =  0.700 |ddv_scf|^2 =  2.304E-12

      iter #   6 total cpu time :   524.2 secs   av.it.:  12.0
      thresh= 1.518E-08 alpha_mix =  0.700 |ddv_scf|^2 =  3.215E-13

      iter #   7 total cpu time :   524.8 secs   av.it.:  12.8
      thresh= 5.670E-09 alpha_mix =  0.700 |ddv_scf|^2 =  1.598E-14

      iter #   8 total cpu time :   525.4 secs   av.it.:  12.9
      thresh= 1.264E-09 alpha_mix =  0.700 |ddv_scf|^2 =  3.280E-15

      iter #   9 total cpu time :   526.0 secs   av.it.:  13.1
      thresh= 5.727E-10 alpha_mix =  0.700 |ddv_scf|^2 =  2.336E-15

      iter #  10 total cpu time :   526.5 secs   av.it.:  12.0
      thresh= 4.833E-10 alpha_mix =  0.700 |ddv_scf|^2 =  1.290E-16

      iter #  11 total cpu time :   527.1 secs   av.it.:  12.5
      thresh= 1.136E-10 alpha_mix =  0.700 |ddv_scf|^2 =  4.980E-17

      iter #  12 total cpu time :   527.7 secs   av.it.:  12.4
      thresh= 7.057E-11 alpha_mix =  0.700 |ddv_scf|^2 =  5.430E-18

      iter #  13 total cpu time :   528.3 secs   av.it.:  12.5
      thresh= 2.330E-11 alpha_mix =  0.700 |ddv_scf|^2 =  3.635E-18

      iter #  14 total cpu time :   528.8 secs   av.it.:  12.4
      thresh= 1.907E-11 alpha_mix =  0.700 |ddv_scf|^2 =  2.862E-19

        iq =   6   iwann =   7   rPi_q =     0.01377569    -0.00000000   uPi_q =     0.05093840    -0.00000000   SH_q =     0.03328113    -0.00000000

        Start LR calculation for the wannier #  8   iq =  6   spin =  1

        SYM : iwann=     8 iq =     6 weight =   0.12500000

      iter #   1 total cpu time :   529.4 secs   av.it.:  13.0
      thresh= 1.000E-06 alpha_mix =  0.700 |ddv_scf|^2 =  4.676E-07

      iter #   2 total cpu time :   530.0 secs   av.it.:  13.0
      thresh= 1.000E-06 alpha_mix =  0.700 |ddv_scf|^2 =  1.036E-06

      iter #   3 total cpu time :   530.6 secs   av.it.:  12.9
      thresh= 1.000E-06 alpha_mix =  0.700 |ddv_scf|^2 =  2.685E-09

      iter #   4 total cpu time :   531.1 secs   av.it.:  11.1
      thresh= 5.182E-07 alpha_mix =  0.700 |ddv_scf|^2 =  1.091E-11

      iter #   5 total cpu time :   531.7 secs   av.it.:  11.6
      thresh= 3.302E-08 alpha_mix =  0.700 |ddv_scf|^2 =  2.304E-12

      iter #   6 total cpu time :   532.2 secs   av.it.:  12.0
      thresh= 1.518E-08 alpha_mix =  0.700 |ddv_scf|^2 =  3.215E-13

      iter #   7 total cpu time :   532.8 secs   av.it.:  12.8
      thresh= 5.670E-09 alpha_mix =  0.700 |ddv_scf|^2 =  1.598E-14

      iter #   8 total cpu time :   533.4 secs   av.it.:  12.9
      thresh= 1.264E-09 alpha_mix =  0.700 |ddv_scf|^2 =  3.280E-15

      iter #   9 total cpu time :   534.0 secs   av.it.:  13.1
      thresh= 5.727E-10 alpha_mix =  0.700 |ddv_scf|^2 =  2.335E-15

      iter #  10 total cpu time :   534.5 secs   av.it.:  12.0
      thresh= 4.832E-10 alpha_mix =  0.700 |ddv_scf|^2 =  1.290E-16

      iter #  11 total cpu time :   535.1 secs   av.it.:  12.5
      thresh= 1.136E-10 alpha_mix =  0.700 |ddv_scf|^2 =  4.984E-17

      iter #  12 total cpu time :   535.6 secs   av.it.:  12.4
      thresh= 7.060E-11 alpha_mix =  0.700 |ddv_scf|^2 =  5.441E-18

      iter #  13 total cpu time :   536.2 secs   av.it.:  12.5
      thresh= 2.333E-11 alpha_mix =  0.700 |ddv_scf|^2 =  3.640E-18

      iter #  14 total cpu time :   536.8 secs   av.it.:  12.4
      thresh= 1.908E-11 alpha_mix =  0.700 |ddv_scf|^2 =  2.859E-19

        iq =   6   iwann =   8   rPi_q =     0.01377570    -0.00000000   uPi_q =     0.05093840    -0.00000000   SH_q =     0.03328113    -0.00000000

        Start LR calculation for the wannier #  9   iq =  6   spin =  1

        SYM : iwann=     9 iq =     6 weight =   0.12500000

      iter #   1 total cpu time :   537.3 secs   av.it.:  12.4
      thresh= 1.000E-06 alpha_mix =  0.700 |ddv_scf|^2 =  9.979E-08

      iter #   2 total cpu time :   537.9 secs   av.it.:  12.5
      thresh= 1.000E-06 alpha_mix =  0.700 |ddv_scf|^2 =  2.014E-07

      iter #   3 total cpu time :   538.5 secs   av.it.:  12.2
      thresh= 1.000E-06 alpha_mix =  0.700 |ddv_scf|^2 =  9.379E-10

      iter #   4 total cpu time :   539.0 secs   av.it.:  11.1
      thresh= 3.062E-07 alpha_mix =  0.700 |ddv_scf|^2 =  2.238E-12

      iter #   5 total cpu time :   539.5 secs   av.it.:  12.1
      thresh= 1.496E-08 alpha_mix =  0.700 |ddv_scf|^2 =  4.725E-13

      iter #   6 total cpu time :   540.1 secs   av.it.:  13.1
      thresh= 6.874E-09 alpha_mix =  0.700 |ddv_scf|^2 =  1.363E-13

      iter #   7 total cpu time :   540.7 secs   av.it.:  12.2
      thresh= 3.692E-09 alpha_mix =  0.700 |ddv_scf|^2 =  1.331E-14

      iter #   8 total cpu time :   541.3 secs   av.it.:  12.9
      thresh= 1.154E-09 alpha_mix =  0.700 |ddv_scf|^2 =  2.556E-15

      iter #   9 total cpu time :   541.8 secs   av.it.:  12.4
      thresh= 5.056E-10 alpha_mix =  0.700 |ddv_scf|^2 =  3.284E-15

      iter #  10 total cpu time :   542.4 secs   av.it.:  12.0
      thresh= 5.730E-10 alpha_mix =  0.700 |ddv_scf|^2 =  3.352E-17

      iter #  11 total cpu time :   543.0 secs   av.it.:  12.8
      thresh= 5.790E-11 alpha_mix =  0.700 |ddv_scf|^2 =  1.998E-17

      iter #  12 total cpu time :   543.6 secs   av.it.:  12.4
      thresh= 4.470E-11 alpha_mix =  0.700 |ddv_scf|^2 =  3.394E-18

      iter #  13 total cpu time :   544.2 secs   av.it.:  12.4
      thresh= 1.842E-11 alpha_mix =  0.700 |ddv_scf|^2 =  8.968E-19

      iter #  14 total cpu time :   544.7 secs   av.it.:  12.4
      thresh= 9.470E-12 alpha_mix =  0.700 |ddv_scf|^2 =  1.246E-19

        iq =   6   iwann =   9   rPi_q =     0.00227245     0.00000000   uPi_q =     0.01188111    -0.00000000   SH_q =     0.00951504     0.00000000

        Start LR calculation for the wannier # 10   iq =  6   spin =  1

        SYM : iwann=    10 iq =     6 weight =   0.12500000

      iter #   1 total cpu time :   545.3 secs   av.it.:  12.4
      thresh= 1.000E-06 alpha_mix =  0.700 |ddv_scf|^2 =  9.979E-08

      iter #   2 total cpu time :   545.9 secs   av.it.:  12.5
      thresh= 1.000E-06 alpha_mix =  0.700 |ddv_scf|^2 =  2.014E-07

      iter #   3 total cpu time :   546.4 secs   av.it.:  12.2
      thresh= 1.000E-06 alpha_mix =  0.700 |ddv_scf|^2 =  9.379E-10

      iter #   4 total cpu time :   547.0 secs   av.it.:  11.1
      thresh= 3.062E-07 alpha_mix =  0.700 |ddv_scf|^2 =  2.238E-12

      iter #   5 total cpu time :   547.6 secs   av.it.:  12.1
      thresh= 1.496E-08 alpha_mix =  0.700 |ddv_scf|^2 =  4.725E-13

      iter #   6 total cpu time :   548.2 secs   av.it.:  13.1
      thresh= 6.874E-09 alpha_mix =  0.700 |ddv_scf|^2 =  1.363E-13

      iter #   7 total cpu time :   548.7 secs   av.it.:  12.2
      thresh= 3.692E-09 alpha_mix =  0.700 |ddv_scf|^2 =  1.331E-14

      iter #   8 total cpu time :   549.3 secs   av.it.:  12.8
      thresh= 1.154E-09 alpha_mix =  0.700 |ddv_scf|^2 =  2.557E-15

      iter #   9 total cpu time :   549.9 secs   av.it.:  12.4
      thresh= 5.057E-10 alpha_mix =  0.700 |ddv_scf|^2 =  3.285E-15

      iter #  10 total cpu time :   550.4 secs   av.it.:  12.1
      thresh= 5.732E-10 alpha_mix =  0.700 |ddv_scf|^2 =  3.356E-17

      iter #  11 total cpu time :   551.0 secs   av.it.:  12.8
      thresh= 5.793E-11 alpha_mix =  0.700 |ddv_scf|^2 =  2.009E-17

      iter #  12 total cpu time :   551.6 secs   av.it.:  12.4
      thresh= 4.482E-11 alpha_mix =  0.700 |ddv_scf|^2 =  3.402E-18

      iter #  13 total cpu time :   552.2 secs   av.it.:  12.4
      thresh= 1.844E-11 alpha_mix =  0.700 |ddv_scf|^2 =  8.943E-19

      iter #  14 total cpu time :   552.7 secs   av.it.:  12.4
      thresh= 9.457E-12 alpha_mix =  0.700 |ddv_scf|^2 =  1.247E-19

        iq =   6   iwann =  10   rPi_q =     0.00227245     0.00000000   uPi_q =     0.01188112    -0.00000000   SH_q =     0.00951505    -0.00000000

        Start LR calculation for the wannier # 11   iq =  6   spin =  1

        SYM : iwann=    11 iq =     6 weight =   0.12500000

      iter #   1 total cpu time :   553.3 secs   av.it.:  12.5
      thresh= 1.000E-06 alpha_mix =  0.700 |ddv_scf|^2 =  9.979E-08

      iter #   2 total cpu time :   553.9 secs   av.it.:  12.5
      thresh= 1.000E-06 alpha_mix =  0.700 |ddv_scf|^2 =  2.014E-07

      iter #   3 total cpu time :   554.4 secs   av.it.:  12.1
      thresh= 1.000E-06 alpha_mix =  0.700 |ddv_scf|^2 =  9.379E-10

      iter #   4 total cpu time :   554.9 secs   av.it.:  11.0
      thresh= 3.063E-07 alpha_mix =  0.700 |ddv_scf|^2 =  2.254E-12

      iter #   5 total cpu time :   555.5 secs   av.it.:  12.1
      thresh= 1.501E-08 alpha_mix =  0.700 |ddv_scf|^2 =  4.757E-13

      iter #   6 total cpu time :   556.1 secs   av.it.:  13.1
      thresh= 6.897E-09 alpha_mix =  0.700 |ddv_scf|^2 =  1.367E-13

      iter #   7 total cpu time :   556.7 secs   av.it.:  12.2
      thresh= 3.698E-09 alpha_mix =  0.700 |ddv_scf|^2 =  1.345E-14

      iter #   8 total cpu time :   557.3 secs   av.it.:  12.9
      thresh= 1.160E-09 alpha_mix =  0.700 |ddv_scf|^2 =  2.581E-15

      iter #   9 total cpu time :   558.0 secs   av.it.:  12.4
      thresh= 5.080E-10 alpha_mix =  0.700 |ddv_scf|^2 =  3.323E-15

      iter #  10 total cpu time :   558.6 secs   av.it.:  11.9
      thresh= 5.764E-10 alpha_mix =  0.700 |ddv_scf|^2 =  3.358E-17

      iter #  11 total cpu time :   559.2 secs   av.it.:  12.8
      thresh= 5.795E-11 alpha_mix =  0.700 |ddv_scf|^2 =  2.082E-17

      iter #  12 total cpu time :   559.8 secs   av.it.:  12.4
      thresh= 4.563E-11 alpha_mix =  0.700 |ddv_scf|^2 =  3.469E-18

      iter #  13 total cpu time :   560.4 secs   av.it.:  12.4
      thresh= 1.862E-11 alpha_mix =  0.700 |ddv_scf|^2 =  8.883E-19

      iter #  14 total cpu time :   560.9 secs   av.it.:  12.4
      thresh= 9.425E-12 alpha_mix =  0.700 |ddv_scf|^2 =  1.238E-19

        iq =   6   iwann =  11   rPi_q =     0.00224497     0.00000000   uPi_q =     0.01185851    -0.00000000   SH_q =     0.00951505    -0.00000000

        Start LR calculation for the wannier # 12   iq =  6   spin =  1

        SYM : iwann=    12 iq =     6 weight =   0.12500000

      iter #   1 total cpu time :   561.5 secs   av.it.:  12.5
      thresh= 1.000E-06 alpha_mix =  0.700 |ddv_scf|^2 =  9.979E-08

      iter #   2 total cpu time :   562.1 secs   av.it.:  12.5
      thresh= 1.000E-06 alpha_mix =  0.700 |ddv_scf|^2 =  2.014E-07

      iter #   3 total cpu time :   562.6 secs   av.it.:  12.1
      thresh= 1.000E-06 alpha_mix =  0.700 |ddv_scf|^2 =  9.379E-10

      iter #   4 total cpu time :   563.1 secs   av.it.:  11.0
      thresh= 3.063E-07 alpha_mix =  0.700 |ddv_scf|^2 =  2.254E-12

      iter #   5 total cpu time :   563.7 secs   av.it.:  12.1
      thresh= 1.501E-08 alpha_mix =  0.700 |ddv_scf|^2 =  4.757E-13

      iter #   6 total cpu time :   564.2 secs   av.it.:  13.1
      thresh= 6.897E-09 alpha_mix =  0.700 |ddv_scf|^2 =  1.367E-13

      iter #   7 total cpu time :   564.8 secs   av.it.:  12.2
      thresh= 3.698E-09 alpha_mix =  0.700 |ddv_scf|^2 =  1.345E-14

      iter #   8 total cpu time :   565.4 secs   av.it.:  12.8
      thresh= 1.160E-09 alpha_mix =  0.700 |ddv_scf|^2 =  2.582E-15

      iter #   9 total cpu time :   565.9 secs   av.it.:  12.4
      thresh= 5.081E-10 alpha_mix =  0.700 |ddv_scf|^2 =  3.324E-15

      iter #  10 total cpu time :   566.5 secs   av.it.:  12.0
      thresh= 5.766E-10 alpha_mix =  0.700 |ddv_scf|^2 =  3.358E-17

      iter #  11 total cpu time :   567.1 secs   av.it.:  12.8
      thresh= 5.795E-11 alpha_mix =  0.700 |ddv_scf|^2 =  2.086E-17

      iter #  12 total cpu time :   567.6 secs   av.it.:  12.4
      thresh= 4.568E-11 alpha_mix =  0.700 |ddv_scf|^2 =  3.470E-18

      iter #  13 total cpu time :   568.2 secs   av.it.:  12.4
      thresh= 1.863E-11 alpha_mix =  0.700 |ddv_scf|^2 =  8.873E-19

      iter #  14 total cpu time :   568.8 secs   av.it.:  12.4
      thresh= 9.419E-12 alpha_mix =  0.700 |ddv_scf|^2 =  1.238E-19

        iq =   6   iwann =  12   rPi_q =     0.00224496     0.00000000   uPi_q =     0.01185851    -0.00000000   SH_q =     0.00951505    -0.00000000

        Start LR calculation for the wannier # 13   iq =  6   spin =  1

        SYM : iwann=    13 iq =     6 weight =   0.12500000

      iter #   1 total cpu time :   569.3 secs   av.it.:  12.4
      thresh= 1.000E-06 alpha_mix =  0.700 |ddv_scf|^2 =  9.979E-08

      iter #   2 total cpu time :   569.9 secs   av.it.:  12.5
      thresh= 1.000E-06 alpha_mix =  0.700 |ddv_scf|^2 =  2.014E-07

      iter #   3 total cpu time :   570.4 secs   av.it.:  12.1
      thresh= 1.000E-06 alpha_mix =  0.700 |ddv_scf|^2 =  9.379E-10

      iter #   4 total cpu time :   570.9 secs   av.it.:  11.0
      thresh= 3.063E-07 alpha_mix =  0.700 |ddv_scf|^2 =  2.289E-12

      iter #   5 total cpu time :   571.5 secs   av.it.:  12.1
      thresh= 1.513E-08 alpha_mix =  0.700 |ddv_scf|^2 =  4.911E-13

      iter #   6 total cpu time :   572.1 secs   av.it.:  13.1
      thresh= 7.008E-09 alpha_mix =  0.700 |ddv_scf|^2 =  1.400E-13

      iter #   7 total cpu time :   572.6 secs   av.it.:  12.2
      thresh= 3.742E-09 alpha_mix =  0.700 |ddv_scf|^2 =  1.373E-14

      iter #   8 total cpu time :   573.2 secs   av.it.:  12.9
      thresh= 1.172E-09 alpha_mix =  0.700 |ddv_scf|^2 =  2.627E-15

      iter #   9 total cpu time :   573.8 secs   av.it.:  12.4
      thresh= 5.126E-10 alpha_mix =  0.700 |ddv_scf|^2 =  3.380E-15

      iter #  10 total cpu time :   574.3 secs   av.it.:  12.1
      thresh= 5.814E-10 alpha_mix =  0.700 |ddv_scf|^2 =  3.445E-17

      iter #  11 total cpu time :   574.9 secs   av.it.:  12.6
      thresh= 5.870E-11 alpha_mix =  0.700 |ddv_scf|^2 =  2.142E-17

      iter #  12 total cpu time :   575.5 secs   av.it.:  12.4
      thresh= 4.628E-11 alpha_mix =  0.700 |ddv_scf|^2 =  3.602E-18

      iter #  13 total cpu time :   576.1 secs   av.it.:  12.4
      thresh= 1.898E-11 alpha_mix =  0.700 |ddv_scf|^2 =  9.388E-19

      iter #  14 total cpu time :   576.6 secs   av.it.:  12.4
      thresh= 9.689E-12 alpha_mix =  0.700 |ddv_scf|^2 =  1.336E-19

        iq =   6   iwann =  13   rPi_q =     0.00225004     0.00000000   uPi_q =     0.01186495    -0.00000000   SH_q =     0.00951504     0.00000000

        Start LR calculation for the wannier # 14   iq =  6   spin =  1

        SYM : iwann=    14 iq =     6 weight =   0.12500000

      iter #   1 total cpu time :   577.3 secs   av.it.:  12.4
      thresh= 1.000E-06 alpha_mix =  0.700 |ddv_scf|^2 =  9.979E-08

      iter #   2 total cpu time :   577.9 secs   av.it.:  12.5
      thresh= 1.000E-06 alpha_mix =  0.700 |ddv_scf|^2 =  2.014E-07

      iter #   3 total cpu time :   578.5 secs   av.it.:  12.1
      thresh= 1.000E-06 alpha_mix =  0.700 |ddv_scf|^2 =  9.379E-10

      iter #   4 total cpu time :   579.0 secs   av.it.:  11.0
      thresh= 3.063E-07 alpha_mix =  0.700 |ddv_scf|^2 =  2.289E-12

      iter #   5 total cpu time :   579.6 secs   av.it.:  12.1
      thresh= 1.513E-08 alpha_mix =  0.700 |ddv_scf|^2 =  4.911E-13

      iter #   6 total cpu time :   580.2 secs   av.it.:  13.1
      thresh= 7.008E-09 alpha_mix =  0.700 |ddv_scf|^2 =  1.400E-13

      iter #   7 total cpu time :   580.7 secs   av.it.:  12.2
      thresh= 3.742E-09 alpha_mix =  0.700 |ddv_scf|^2 =  1.373E-14

      iter #   8 total cpu time :   581.3 secs   av.it.:  12.9
      thresh= 1.172E-09 alpha_mix =  0.700 |ddv_scf|^2 =  2.627E-15

      iter #   9 total cpu time :   581.9 secs   av.it.:  12.4
      thresh= 5.125E-10 alpha_mix =  0.700 |ddv_scf|^2 =  3.380E-15

      iter #  10 total cpu time :   582.5 secs   av.it.:  12.1
      thresh= 5.814E-10 alpha_mix =  0.700 |ddv_scf|^2 =  3.444E-17

      iter #  11 total cpu time :   583.1 secs   av.it.:  12.6
      thresh= 5.868E-11 alpha_mix =  0.700 |ddv_scf|^2 =  2.138E-17

      iter #  12 total cpu time :   583.7 secs   av.it.:  12.4
      thresh= 4.624E-11 alpha_mix =  0.700 |ddv_scf|^2 =  3.600E-18

      iter #  13 total cpu time :   584.3 secs   av.it.:  12.4
      thresh= 1.897E-11 alpha_mix =  0.700 |ddv_scf|^2 =  9.395E-19

      iter #  14 total cpu time :   584.8 secs   av.it.:  12.4
      thresh= 9.693E-12 alpha_mix =  0.700 |ddv_scf|^2 =  1.335E-19

        iq =   6   iwann =  14   rPi_q =     0.00225004     0.00000000   uPi_q =     0.01186495     0.00000000   SH_q =     0.00951504     0.00000000

        Start LR calculation for the wannier # 15   iq =  6   spin =  1

        SYM : iwann=    15 iq =     6 weight =   0.12500000

      iter #   1 total cpu time :   585.4 secs   av.it.:  12.4
      thresh= 1.000E-06 alpha_mix =  0.700 |ddv_scf|^2 =  9.979E-08

      iter #   2 total cpu time :   586.0 secs   av.it.:  12.5
      thresh= 1.000E-06 alpha_mix =  0.700 |ddv_scf|^2 =  2.014E-07

      iter #   3 total cpu time :   586.6 secs   av.it.:  12.1
      thresh= 1.000E-06 alpha_mix =  0.700 |ddv_scf|^2 =  9.380E-10

      iter #   4 total cpu time :   587.2 secs   av.it.:  11.0
      thresh= 3.063E-07 alpha_mix =  0.700 |ddv_scf|^2 =  2.291E-12

      iter #   5 total cpu time :   587.8 secs   av.it.:  12.2
      thresh= 1.514E-08 alpha_mix =  0.700 |ddv_scf|^2 =  4.905E-13

      iter #   6 total cpu time :   588.4 secs   av.it.:  13.1
      thresh= 7.004E-09 alpha_mix =  0.700 |ddv_scf|^2 =  1.399E-13

      iter #   7 total cpu time :   589.0 secs   av.it.:  12.2
      thresh= 3.740E-09 alpha_mix =  0.700 |ddv_scf|^2 =  1.384E-14

      iter #   8 total cpu time :   589.6 secs   av.it.:  13.0
      thresh= 1.177E-09 alpha_mix =  0.700 |ddv_scf|^2 =  2.654E-15

      iter #   9 total cpu time :   590.2 secs   av.it.:  12.4
      thresh= 5.151E-10 alpha_mix =  0.700 |ddv_scf|^2 =  3.416E-15

      iter #  10 total cpu time :   590.8 secs   av.it.:  12.0
      thresh= 5.845E-10 alpha_mix =  0.700 |ddv_scf|^2 =  3.439E-17

      iter #  11 total cpu time :   591.4 secs   av.it.:  12.9
      thresh= 5.864E-11 alpha_mix =  0.700 |ddv_scf|^2 =  2.143E-17

      iter #  12 total cpu time :   592.2 secs   av.it.:  12.4
      thresh= 4.629E-11 alpha_mix =  0.700 |ddv_scf|^2 =  3.610E-18

      iter #  13 total cpu time :   593.0 secs   av.it.:  12.4
      thresh= 1.900E-11 alpha_mix =  0.700 |ddv_scf|^2 =  9.479E-19

      iter #  14 total cpu time :   593.6 secs   av.it.:  12.5
      thresh= 9.736E-12 alpha_mix =  0.700 |ddv_scf|^2 =  1.327E-19

        iq =   6   iwann =  15   rPi_q =     0.00224037    -0.00000000   uPi_q =     0.01185720    -0.00000000   SH_q =     0.00951506    -0.00000000

        Start LR calculation for the wannier # 16   iq =  6   spin =  1

        SYM : iwann=    16 iq =     6 weight =   0.12500000

      iter #   1 total cpu time :   594.2 secs   av.it.:  12.4
      thresh= 1.000E-06 alpha_mix =  0.700 |ddv_scf|^2 =  9.979E-08

      iter #   2 total cpu time :   594.7 secs   av.it.:  12.5
      thresh= 1.000E-06 alpha_mix =  0.700 |ddv_scf|^2 =  2.014E-07

      iter #   3 total cpu time :   595.3 secs   av.it.:  12.1
      thresh= 1.000E-06 alpha_mix =  0.700 |ddv_scf|^2 =  9.380E-10

      iter #   4 total cpu time :   595.8 secs   av.it.:  11.0
      thresh= 3.063E-07 alpha_mix =  0.700 |ddv_scf|^2 =  2.291E-12

      iter #   5 total cpu time :   596.4 secs   av.it.:  12.2
      thresh= 1.514E-08 alpha_mix =  0.700 |ddv_scf|^2 =  4.905E-13

      iter #   6 total cpu time :   597.0 secs   av.it.:  13.1
      thresh= 7.004E-09 alpha_mix =  0.700 |ddv_scf|^2 =  1.399E-13

      iter #   7 total cpu time :   597.7 secs   av.it.:  12.2
      thresh= 3.740E-09 alpha_mix =  0.700 |ddv_scf|^2 =  1.384E-14

      iter #   8 total cpu time :   598.5 secs   av.it.:  13.0
      thresh= 1.177E-09 alpha_mix =  0.700 |ddv_scf|^2 =  2.654E-15

      iter #   9 total cpu time :   599.2 secs   av.it.:  12.4
      thresh= 5.151E-10 alpha_mix =  0.700 |ddv_scf|^2 =  3.416E-15

      iter #  10 total cpu time :   600.0 secs   av.it.:  12.1
      thresh= 5.845E-10 alpha_mix =  0.700 |ddv_scf|^2 =  3.439E-17

      iter #  11 total cpu time :   600.8 secs   av.it.:  12.8
      thresh= 5.864E-11 alpha_mix =  0.700 |ddv_scf|^2 =  2.144E-17

      iter #  12 total cpu time :   601.5 secs   av.it.:  12.4
      thresh= 4.630E-11 alpha_mix =  0.700 |ddv_scf|^2 =  3.611E-18

      iter #  13 total cpu time :   602.1 secs   av.it.:  12.4
      thresh= 1.900E-11 alpha_mix =  0.700 |ddv_scf|^2 =  9.478E-19

      iter #  14 total cpu time :   602.7 secs   av.it.:  12.5
      thresh= 9.735E-12 alpha_mix =  0.700 |ddv_scf|^2 =  1.327E-19

        iq =   6   iwann =  16   rPi_q =     0.00224037    -0.00000000   uPi_q =     0.01185720    -0.00000000   SH_q =     0.00951506    -0.00000000


     ==============================================================================
     Calculation of q =    0.0000000   0.0000000   1.0000000  [Cart ]
     Calculation of q =    0.5000000   0.5000000   0.0000000  [Cryst]
     ==============================================================================

        INFO: prepare_q DONE

        INFO: rhowan_q(r) RETRIEVED


     Parallelization info
     --------------------
     sticks:   dense  smooth     PW     G-vecs:    dense   smooth      PW
     Min          73      73     30                  821      821     216
     Max          74      74     31                  823      823     218
     Sum         295     295    121                 3287     3287     869

     Using Slab Decomposition


     Title: 
     KCW Silicon screen                                                         


     bravais-lattice index     =            2
     lattice parameter (alat)  =      10.2631  a.u.
     unit-cell volume          =     270.2564 (a.u.)^3
     number of atoms/cell      =            2
     number of atomic types    =            1
     number of electrons       =         8.00
     number of Kohn-Sham states=           11
     kinetic-energy cutoff     =      20.0000  Ry
     charge density cutoff     =      80.0000  Ry
     Exchange-correlation= PW
                           (   1   4   0   0   0   0   0)
     Noncollinear calculation with spin-orbit


     celldm(1)=  10.263102  celldm(2)=   0.000000  celldm(3)=   0.000000
     celldm(4)=   0.000000  celldm(5)=   0.000000  celldm(6)=   0.000000

     crystal axes: (cart. coord. in units of alat)
               a(1) = (  -0.500000   0.000000   0.500000 )  
               a(2) = (   0.000000   0.500000   0.500000 )  
               a(3) = (  -0.500000   0.500000   0.000000 )  

     reciprocal axes: (cart. coord. in units 2 pi/alat)
               b(1) = ( -1.000000 -1.000000  1.000000 )  
               b(2) = (  1.000000  1.000000  1.000000 )  
               b(3) = ( -1.000000  1.000000 -1.000000 )  


     PseudoPot. # 1 for Si read from file:
     /home/nicola/CODES/q-e-kcw/pseudo/Si_Dojo_LDA_FR.UPF
     MD5 check sum: fa6905a911cf8388f5aa69a93393adea
     Pseudo is Norm-conserving + core correction, Zval =  4.0
     Generated using ONCVPSP code by D. R. Hamann
     Using radial grid of 1510 points, 10 beta functions with: 
                l(1) =   0
                l(2) =   0
                l(3) =   1
                l(4) =   1
                l(5) =   1
                l(6) =   1
                l(7) =   2
                l(8) =   2
                l(9) =   2
               l(10) =   2

     atomic species   valence    mass     pseudopotential
     Si                4.00    28.08500     Si( 1.00)

     No symmetry found



   Cartesian axes

     site n.     atom                  positions (alat units)
         1        Si     tau(   1) = (   0.0000000   0.0000000   0.0000000  )
         2        Si     tau(   2) = (  -0.2500000   0.2500000   0.2500000  )

     number of k points=    32
                       cart. coord. in units 2pi/alat
        k(    1) = (   0.0000000   0.0000000   0.0000000), wk =   0.1250000
        k(    2) = (   0.0000000   0.0000000   1.0000000), wk =   0.0000000
        k(    3) = (  -0.0000000  -0.0000000  -0.0000000), wk =   0.0000000
        k(    4) = (  -0.0000000  -0.0000000  -1.0000000), wk =   0.0000000
        k(    5) = (  -0.5000000   0.5000000  -0.5000000), wk =   0.1250000
        k(    6) = (  -0.5000000   0.5000000   0.5000000), wk =   0.0000000
        k(    7) = (   0.5000000  -0.5000000   0.5000000), wk =   0.0000000
        k(    8) = (   0.5000000  -0.5000000  -0.5000000), wk =   0.0000000
        k(    9) = (   0.5000000   0.5000000   0.5000000), wk =   0.1250000
        k(   10) = (   0.5000000   0.5000000   1.5000000), wk =   0.0000000
        k(   11) = (  -0.5000000  -0.5000000  -0.5000000), wk =   0.0000000
        k(   12) = (  -0.5000000  -0.5000000  -1.5000000), wk =   0.0000000
        k(   13) = (   0.0000000   1.0000000   0.0000000), wk =   0.1250000
        k(   14) = (   0.0000000   1.0000000   1.0000000), wk =   0.0000000
        k(   15) = (  -0.0000000  -1.0000000  -0.0000000), wk =   0.0000000
        k(   16) = (  -0.0000000  -1.0000000  -1.0000000), wk =   0.0000000
        k(   17) = (  -0.5000000  -0.5000000   0.5000000), wk =   0.1250000
        k(   18) = (  -0.5000000  -0.5000000   1.5000000), wk =   0.0000000
        k(   19) = (   0.5000000   0.5000000  -0.5000000), wk =   0.0000000
        k(   20) = (   0.5000000   0.5000000  -1.5000000), wk =   0.0000000
        k(   21) = (  -1.0000000   0.0000000   0.0000000), wk =   0.1250000
        k(   22) = (  -1.0000000   0.0000000   1.0000000), wk =   0.0000000
        k(   23) = (   1.0000000  -0.0000000  -0.0000000), wk =   0.0000000
        k(   24) = (   1.0000000  -0.0000000  -1.0000000), wk =   0.0000000
        k(   25) = (   0.0000000   0.0000000   1.0000000), wk =   0.1250000
        k(   26) = (   0.0000000   0.0000000   2.0000000), wk =   0.0000000
        k(   27) = (  -0.0000000  -0.0000000  -1.0000000), wk =   0.0000000
        k(   28) = (  -0.0000000  -0.0000000  -2.0000000), wk =   0.0000000
        k(   29) = (  -0.5000000   0.5000000   0.5000000), wk =   0.1250000
        k(   30) = (  -0.5000000   0.5000000   1.5000000), wk =   0.0000000
        k(   31) = (   0.5000000  -0.5000000  -0.5000000), wk =   0.0000000
        k(   32) = (   0.5000000  -0.5000000  -1.5000000), wk =   0.0000000

     Dense  grid:     3287 G-vectors     FFT dimensions: (  24,  24,  24)

     Estimated max dynamical RAM per process >       3.31 MB

     Estimated total dynamical RAM >      13.23 MB

     The potential is recalculated from file :
     /home/nicola/CODES/q-e-kcw/tempdir/kcw/q7/Si.save/charge-density

     Starting wfcs are   16 atomic wfcs

     Band Structure Calculation
     Davidson diagonalization with overlap

     ethr =  1.25E-10,  avg # of iterations = 10.6

     total cpu time spent up to now is       -1.0 secs

     End of band structure calculation

          k = 0.0000 0.0000 0.0000 (   411 PWs)   bands (ev):

    -5.7047  -5.7047   6.3115   6.3115   6.3611   6.3611   6.3611   6.3611
     8.7146   8.7146   8.7504

          k = 0.0000 0.0000 1.0000 (   412 PWs)   bands (ev):

    -1.5308  -1.5308  -1.5308  -1.5308   3.4058   3.4058   3.4058   3.4058
     6.7665   6.7665   6.7665

          k =-0.0000-0.0000-0.0000 (   411 PWs)   bands (ev):

    -5.7047  -5.7047   6.3115   6.3115   6.3611   6.3611   6.3611   6.3611
     8.7146   8.7146   8.7504

          k =-0.0000-0.0000-1.0000 (   412 PWs)   bands (ev):

    -1.5308  -1.5308  -1.5308  -1.5308   3.4058   3.4058   3.4058   3.4058
     6.7665   6.7665   6.7665

          k =-0.5000 0.5000-0.5000 (   410 PWs)   bands (ev):

    -3.3363  -3.3363  -0.7601  -0.7601   5.0942   5.0942   5.1269   5.1269
     7.6784   7.6784   9.4869

          k =-0.5000 0.5000 0.5000 (   410 PWs)   bands (ev):

    -3.3363  -3.3363  -0.7601  -0.7601   5.0942   5.0942   5.1269   5.1269
     7.6784   7.6784   9.4869

          k = 0.5000-0.5000 0.5000 (   410 PWs)   bands (ev):

    -3.3363  -3.3363  -0.7601  -0.7601   5.0942   5.0942   5.1269   5.1269
     7.6784   7.6784   9.4869

          k = 0.5000-0.5000-0.5000 (   410 PWs)   bands (ev):

    -3.3363  -3.3363  -0.7601  -0.7601   5.0942   5.0942   5.1269   5.1269
     7.6784   7.6784   9.4869

          k = 0.5000 0.5000 0.5000 (   410 PWs)   bands (ev):

    -3.3363  -3.3363  -0.7601  -0.7601   5.0942   5.0942   5.1269   5.1269
     7.6784   7.6784   9.4869

          k = 0.5000 0.5000 1.5000 (   410 PWs)   bands (ev):

    -3.3363  -3.3363  -0.7601  -0.7601   5.0942   5.0942   5.1269   5.1269
     7.6784   7.6784   9.4869

          k =-0.5000-0.5000-0.5000 (   410 PWs)   bands (ev):

    -3.3363  -3.3363  -0.7601  -0.7601   5.0942   5.0942   5.1269   5.1269
     7.6784   7.6784   9.4869

          k =-0.5000-0.5000-1.5000 (   410 PWs)   bands (ev):

    -3.3363  -3.3363  -0.7601  -0.7601   5.0942   5.0942   5.1269   5.1269
     7.6784   7.6784   9.4869

          k = 0.0000 1.0000 0.0000 (   412 PWs)   bands (ev):

    -1.5308  -1.5308  -1.5308  -1.5308   3.4058   3.4058   3.4058   3.4058
     6.7665   6.7665   6.7665

          k = 0.0000 1.0000 1.0000 (   412 PWs)   bands (ev):

    -1.5308  -1.5308  -1.5308  -1.5308   3.4058   3.4058   3.4058   3.4058
     6.7665   6.7665   6.7665

          k =-0.0000-1.0000-0.0000 (   412 PWs)   bands (ev):

    -1.5308  -1.5308  -1.5308  -1.5308   3.4058   3.4058   3.4058   3.4058
     6.7665   6.7665   6.7665

          k =-0.0000-1.0000-1.0000 (   412 PWs)   bands (ev):

    -1.5308  -1.5308  -1.5308  -1.5308   3.4058   3.4058   3.4058   3.4058
     6.7665   6.7665   6.7665

          k =-0.5000-0.5000 0.5000 (   410 PWs)   bands (ev):

    -3.3363  -3.3363  -0.7601  -0.7601   5.0942   5.0942   5.1269   5.1269
     7.6784   7.6784   9.4869

          k =-0.5000-0.5000 1.5000 (   410 PWs)   bands (ev):

    -3.3363  -3.3363  -0.7601  -0.7601   5.0942   5.0942   5.1269   5.1269
     7.6784   7.6784   9.4869

          k = 0.5000 0.5000-0.5000 (   410 PWs)   bands (ev):

    -3.3363  -3.3363  -0.7601  -0.7601   5.0942   5.0942   5.1269   5.1269
     7.6784   7.6784   9.4869

          k = 0.5000 0.5000-1.5000 (   410 PWs)   bands (ev):

    -3.3363  -3.3363  -0.7601  -0.7601   5.0942   5.0942   5.1269   5.1269
     7.6784   7.6784   9.4869

          k =-1.0000 0.0000 0.0000 (   412 PWs)   bands (ev):

    -1.5308  -1.5308  -1.5308  -1.5308   3.4058   3.4058   3.4058   3.4058
     6.7665   6.7665   6.7665

          k =-1.0000 0.0000 1.0000 (   412 PWs)   bands (ev):

    -1.5308  -1.5308  -1.5308  -1.5308   3.4058   3.4058   3.4058   3.4058
     6.7665   6.7665   6.7665

          k = 1.0000-0.0000-0.0000 (   412 PWs)   bands (ev):

    -1.5308  -1.5308  -1.5308  -1.5308   3.4058   3.4058   3.4058   3.4058
     6.7665   6.7665   6.7665

          k = 1.0000-0.0000-1.0000 (   412 PWs)   bands (ev):

    -1.5308  -1.5308  -1.5308  -1.5308   3.4058   3.4058   3.4058   3.4058
     6.7665   6.7665   6.7665

          k = 0.0000 0.0000 1.0000 (   412 PWs)   bands (ev):

    -1.5308  -1.5308  -1.5308  -1.5308   3.4058   3.4058   3.4058   3.4058
     6.7665   6.7665   6.7665

          k = 0.0000 0.0000 2.0000 (   411 PWs)   bands (ev):

    -5.7047  -5.7047   6.3115   6.3115   6.3611   6.3611   6.3611   6.3611
     8.7146   8.7146   8.7504

          k =-0.0000-0.0000-1.0000 (   412 PWs)   bands (ev):

    -1.5308  -1.5308  -1.5308  -1.5308   3.4058   3.4058   3.4058   3.4058
     6.7665   6.7665   6.7665

          k =-0.0000-0.0000-2.0000 (   411 PWs)   bands (ev):

    -5.7047  -5.7047   6.3115   6.3115   6.3611   6.3611   6.3611   6.3611
     8.7146   8.7146   8.7504

          k =-0.5000 0.5000 0.5000 (   410 PWs)   bands (ev):

    -3.3363  -3.3363  -0.7601  -0.7601   5.0942   5.0942   5.1269   5.1269
     7.6784   7.6784   9.4869

          k =-0.5000 0.5000 1.5000 (   410 PWs)   bands (ev):

    -3.3363  -3.3363  -0.7601  -0.7601   5.0942   5.0942   5.1269   5.1269
     7.6784   7.6784   9.4869

          k = 0.5000-0.5000-0.5000 (   410 PWs)   bands (ev):

    -3.3363  -3.3363  -0.7601  -0.7601   5.0942   5.0942   5.1269   5.1269
     7.6784   7.6784   9.4869

          k = 0.5000-0.5000-1.5000 (   410 PWs)   bands (ev):

    -3.3363  -3.3363  -0.7601  -0.7601   5.0942   5.0942   5.1269   5.1269
     7.6784   7.6784   9.4869

     highest occupied, lowest unoccupied level (ev):     6.3611    6.7665

     Writing all to output data dir /home/nicola/CODES/q-e-kcw/tempdir/kcw/q7/Si.save/ :
     XML data file, pseudopotentials, collected wavefunctions

        INFO: NSCF calculation DONE

        INFO: kcw_q initialization DONE


        Start LR calculation for the wannier #  1   iq =  7   spin =  1

        SYM : iwann=     1 iq =     7 weight =   0.12500000

      iter #   1 total cpu time :   605.2 secs   av.it.:  12.6
      thresh= 1.000E-06 alpha_mix =  0.700 |ddv_scf|^2 =  4.676E-07

      iter #   2 total cpu time :   606.0 secs   av.it.:  12.9
      thresh= 1.000E-06 alpha_mix =  0.700 |ddv_scf|^2 =  1.036E-06

      iter #   3 total cpu time :   606.9 secs   av.it.:  12.9
      thresh= 1.000E-06 alpha_mix =  0.700 |ddv_scf|^2 =  2.685E-09

      iter #   4 total cpu time :   607.5 secs   av.it.:  11.1
      thresh= 5.182E-07 alpha_mix =  0.700 |ddv_scf|^2 =  1.091E-11

      iter #   5 total cpu time :   608.1 secs   av.it.:  11.5
      thresh= 3.303E-08 alpha_mix =  0.700 |ddv_scf|^2 =  2.306E-12

      iter #   6 total cpu time :   608.7 secs   av.it.:  11.6
      thresh= 1.519E-08 alpha_mix =  0.700 |ddv_scf|^2 =  3.224E-13

      iter #   7 total cpu time :   609.4 secs   av.it.:  12.6
      thresh= 5.678E-09 alpha_mix =  0.700 |ddv_scf|^2 =  1.608E-14

      iter #   8 total cpu time :   610.2 secs   av.it.:  12.8
      thresh= 1.268E-09 alpha_mix =  0.700 |ddv_scf|^2 =  3.302E-15

      iter #   9 total cpu time :   610.9 secs   av.it.:  13.1
      thresh= 5.747E-10 alpha_mix =  0.700 |ddv_scf|^2 =  2.339E-15

      iter #  10 total cpu time :   611.6 secs   av.it.:  12.0
      thresh= 4.837E-10 alpha_mix =  0.700 |ddv_scf|^2 =  1.260E-16

      iter #  11 total cpu time :   612.2 secs   av.it.:  12.5
      thresh= 1.122E-10 alpha_mix =  0.700 |ddv_scf|^2 =  4.499E-17

      iter #  12 total cpu time :   612.8 secs   av.it.:  12.0
      thresh= 6.707E-11 alpha_mix =  0.700 |ddv_scf|^2 =  4.127E-18

      iter #  13 total cpu time :   613.6 secs   av.it.:  12.8
      thresh= 2.031E-11 alpha_mix =  0.700 |ddv_scf|^2 =  2.304E-18

      iter #  14 total cpu time :   614.3 secs   av.it.:  12.4
      thresh= 1.518E-11 alpha_mix =  0.700 |ddv_scf|^2 =  2.797E-19

        iq =   7   iwann =   1   rPi_q =     0.01376499     0.00000000   uPi_q =     0.05092996    -0.00000000   SH_q =     0.03328113    -0.00000000

        Start LR calculation for the wannier #  2   iq =  7   spin =  1

        SYM : iwann=     2 iq =     7 weight =   0.12500000

      iter #   1 total cpu time :   614.9 secs   av.it.:  12.6
      thresh= 1.000E-06 alpha_mix =  0.700 |ddv_scf|^2 =  4.676E-07

      iter #   2 total cpu time :   615.5 secs   av.it.:  12.9
      thresh= 1.000E-06 alpha_mix =  0.700 |ddv_scf|^2 =  1.036E-06

      iter #   3 total cpu time :   616.2 secs   av.it.:  12.8
      thresh= 1.000E-06 alpha_mix =  0.700 |ddv_scf|^2 =  2.685E-09

      iter #   4 total cpu time :   616.8 secs   av.it.:  11.1
      thresh= 5.182E-07 alpha_mix =  0.700 |ddv_scf|^2 =  1.091E-11

      iter #   5 total cpu time :   617.4 secs   av.it.:  11.5
      thresh= 3.303E-08 alpha_mix =  0.700 |ddv_scf|^2 =  2.306E-12

      iter #   6 total cpu time :   617.9 secs   av.it.:  11.6
      thresh= 1.519E-08 alpha_mix =  0.700 |ddv_scf|^2 =  3.224E-13

      iter #   7 total cpu time :   618.5 secs   av.it.:  12.6
      thresh= 5.678E-09 alpha_mix =  0.700 |ddv_scf|^2 =  1.608E-14

      iter #   8 total cpu time :   619.1 secs   av.it.:  12.8
      thresh= 1.268E-09 alpha_mix =  0.700 |ddv_scf|^2 =  3.302E-15

      iter #   9 total cpu time :   619.8 secs   av.it.:  12.9
      thresh= 5.747E-10 alpha_mix =  0.700 |ddv_scf|^2 =  2.338E-15

      iter #  10 total cpu time :   620.3 secs   av.it.:  11.9
      thresh= 4.835E-10 alpha_mix =  0.700 |ddv_scf|^2 =  1.257E-16

      iter #  11 total cpu time :   621.0 secs   av.it.:  12.5
      thresh= 1.121E-10 alpha_mix =  0.700 |ddv_scf|^2 =  4.458E-17

      iter #  12 total cpu time :   621.7 secs   av.it.:  12.0
      thresh= 6.677E-11 alpha_mix =  0.700 |ddv_scf|^2 =  4.005E-18

      iter #  13 total cpu time :   622.4 secs   av.it.:  12.8
      thresh= 2.001E-11 alpha_mix =  0.700 |ddv_scf|^2 =  2.065E-18

      iter #  14 total cpu time :   623.0 secs   av.it.:  12.4
      thresh= 1.437E-11 alpha_mix =  0.700 |ddv_scf|^2 =  2.581E-19

        iq =   7   iwann =   2   rPi_q =     0.01376498     0.00000000   uPi_q =     0.05092996    -0.00000000   SH_q =     0.03328113    -0.00000000

        Start LR calculation for the wannier #  3   iq =  7   spin =  1

        SYM : iwann=     3 iq =     7 weight =   0.12500000

      iter #   1 total cpu time :   623.8 secs   av.it.:  12.6
      thresh= 1.000E-06 alpha_mix =  0.700 |ddv_scf|^2 =  4.676E-07

      iter #   2 total cpu time :   624.6 secs   av.it.:  12.9
      thresh= 1.000E-06 alpha_mix =  0.700 |ddv_scf|^2 =  1.036E-06

      iter #   3 total cpu time :   625.2 secs   av.it.:  12.8
      thresh= 1.000E-06 alpha_mix =  0.700 |ddv_scf|^2 =  2.685E-09

      iter #   4 total cpu time :   625.8 secs   av.it.:  11.1
      thresh= 5.182E-07 alpha_mix =  0.700 |ddv_scf|^2 =  1.091E-11

      iter #   5 total cpu time :   626.3 secs   av.it.:  11.5
      thresh= 3.302E-08 alpha_mix =  0.700 |ddv_scf|^2 =  2.304E-12

      iter #   6 total cpu time :   626.9 secs   av.it.:  11.9
      thresh= 1.518E-08 alpha_mix =  0.700 |ddv_scf|^2 =  3.214E-13

      iter #   7 total cpu time :   627.6 secs   av.it.:  12.8
      thresh= 5.669E-09 alpha_mix =  0.700 |ddv_scf|^2 =  1.611E-14

      iter #   8 total cpu time :   628.4 secs   av.it.:  12.8
      thresh= 1.269E-09 alpha_mix =  0.700 |ddv_scf|^2 =  3.315E-15

      iter #   9 total cpu time :   629.1 secs   av.it.:  13.1
      thresh= 5.757E-10 alpha_mix =  0.700 |ddv_scf|^2 =  2.350E-15

      iter #  10 total cpu time :   629.9 secs   av.it.:  11.9
      thresh= 4.848E-10 alpha_mix =  0.700 |ddv_scf|^2 =  1.266E-16

      iter #  11 total cpu time :   630.5 secs   av.it.:  12.5
      thresh= 1.125E-10 alpha_mix =  0.700 |ddv_scf|^2 =  4.569E-17

      iter #  12 total cpu time :   631.2 secs   av.it.:  12.2
      thresh= 6.759E-11 alpha_mix =  0.700 |ddv_scf|^2 =  4.323E-18

      iter #  13 total cpu time :   631.8 secs   av.it.:  12.8
      thresh= 2.079E-11 alpha_mix =  0.700 |ddv_scf|^2 =  2.608E-18

      iter #  14 total cpu time :   632.5 secs   av.it.:  12.4
      thresh= 1.615E-11 alpha_mix =  0.700 |ddv_scf|^2 =  2.961E-19

        iq =   7   iwann =   3   rPi_q =     0.01376307     0.00000000   uPi_q =     0.05092816    -0.00000000   SH_q =     0.03328113    -0.00000000

        Start LR calculation for the wannier #  4   iq =  7   spin =  1

        SYM : iwann=     4 iq =     7 weight =   0.12500000

      iter #   1 total cpu time :   633.1 secs   av.it.:  12.5
      thresh= 1.000E-06 alpha_mix =  0.700 |ddv_scf|^2 =  4.676E-07

      iter #   2 total cpu time :   633.8 secs   av.it.:  12.9
      thresh= 1.000E-06 alpha_mix =  0.700 |ddv_scf|^2 =  1.036E-06

      iter #   3 total cpu time :   634.6 secs   av.it.:  12.8
      thresh= 1.000E-06 alpha_mix =  0.700 |ddv_scf|^2 =  2.685E-09

      iter #   4 total cpu time :   635.4 secs   av.it.:  11.1
      thresh= 5.182E-07 alpha_mix =  0.700 |ddv_scf|^2 =  1.091E-11

      iter #   5 total cpu time :   636.1 secs   av.it.:  11.5
      thresh= 3.302E-08 alpha_mix =  0.700 |ddv_scf|^2 =  2.304E-12

      iter #   6 total cpu time :   636.8 secs   av.it.:  11.9
      thresh= 1.518E-08 alpha_mix =  0.700 |ddv_scf|^2 =  3.214E-13

      iter #   7 total cpu time :   637.4 secs   av.it.:  12.8
      thresh= 5.669E-09 alpha_mix =  0.700 |ddv_scf|^2 =  1.611E-14

      iter #   8 total cpu time :   638.1 secs   av.it.:  12.8
      thresh= 1.269E-09 alpha_mix =  0.700 |ddv_scf|^2 =  3.315E-15

      iter #   9 total cpu time :   638.8 secs   av.it.:  13.1
      thresh= 5.758E-10 alpha_mix =  0.700 |ddv_scf|^2 =  2.352E-15

      iter #  10 total cpu time :   639.4 secs   av.it.:  11.9
      thresh= 4.850E-10 alpha_mix =  0.700 |ddv_scf|^2 =  1.267E-16

      iter #  11 total cpu time :   640.0 secs   av.it.:  12.5
      thresh= 1.126E-10 alpha_mix =  0.700 |ddv_scf|^2 =  4.586E-17

      iter #  12 total cpu time :   640.5 secs   av.it.:  12.2
      thresh= 6.772E-11 alpha_mix =  0.700 |ddv_scf|^2 =  4.373E-18

      iter #  13 total cpu time :   641.1 secs   av.it.:  12.8
      thresh= 2.091E-11 alpha_mix =  0.700 |ddv_scf|^2 =  2.684E-18

      iter #  14 total cpu time :   641.7 secs   av.it.:  12.4
      thresh= 1.638E-11 alpha_mix =  0.700 |ddv_scf|^2 =  2.979E-19

        iq =   7   iwann =   4   rPi_q =     0.01376306     0.00000000   uPi_q =     0.05092816    -0.00000000   SH_q =     0.03328113     0.00000000

        Start LR calculation for the wannier #  5   iq =  7   spin =  1

        SYM : iwann=     5 iq =     7 weight =   0.12500000

      iter #   1 total cpu time :   642.3 secs   av.it.:  12.5
      thresh= 1.000E-06 alpha_mix =  0.700 |ddv_scf|^2 =  4.676E-07

      iter #   2 total cpu time :   642.9 secs   av.it.:  12.9
      thresh= 1.000E-06 alpha_mix =  0.700 |ddv_scf|^2 =  1.036E-06

      iter #   3 total cpu time :   643.5 secs   av.it.:  12.9
      thresh= 1.000E-06 alpha_mix =  0.700 |ddv_scf|^2 =  2.685E-09

      iter #   4 total cpu time :   644.0 secs   av.it.:  11.1
      thresh= 5.182E-07 alpha_mix =  0.700 |ddv_scf|^2 =  1.090E-11

      iter #   5 total cpu time :   644.6 secs   av.it.:  11.5
      thresh= 3.302E-08 alpha_mix =  0.700 |ddv_scf|^2 =  2.301E-12

      iter #   6 total cpu time :   645.1 secs   av.it.:  11.8
      thresh= 1.517E-08 alpha_mix =  0.700 |ddv_scf|^2 =  3.202E-13

      iter #   7 total cpu time :   645.7 secs   av.it.:  12.8
      thresh= 5.659E-09 alpha_mix =  0.700 |ddv_scf|^2 =  1.603E-14

      iter #   8 total cpu time :   646.2 secs   av.it.:  12.9
      thresh= 1.266E-09 alpha_mix =  0.700 |ddv_scf|^2 =  3.297E-15

      iter #   9 total cpu time :   646.8 secs   av.it.:  12.9
      thresh= 5.742E-10 alpha_mix =  0.700 |ddv_scf|^2 =  2.327E-15

      iter #  10 total cpu time :   647.4 secs   av.it.:  11.9
      thresh= 4.824E-10 alpha_mix =  0.700 |ddv_scf|^2 =  1.257E-16

      iter #  11 total cpu time :   648.0 secs   av.it.:  12.5
      thresh= 1.121E-10 alpha_mix =  0.700 |ddv_scf|^2 =  4.455E-17

      iter #  12 total cpu time :   648.5 secs   av.it.:  12.0
      thresh= 6.674E-11 alpha_mix =  0.700 |ddv_scf|^2 =  4.019E-18

      iter #  13 total cpu time :   649.1 secs   av.it.:  12.8
      thresh= 2.005E-11 alpha_mix =  0.700 |ddv_scf|^2 =  2.091E-18

      iter #  14 total cpu time :   649.7 secs   av.it.:  12.4
      thresh= 1.446E-11 alpha_mix =  0.700 |ddv_scf|^2 =  2.619E-19

        iq =   7   iwann =   5   rPi_q =     0.01376418     0.00000000   uPi_q =     0.05092889    -0.00000000   SH_q =     0.03328113     0.00000000

        Start LR calculation for the wannier #  6   iq =  7   spin =  1

        SYM : iwann=     6 iq =     7 weight =   0.12500000

      iter #   1 total cpu time :   650.2 secs   av.it.:  12.5
      thresh= 1.000E-06 alpha_mix =  0.700 |ddv_scf|^2 =  4.676E-07

      iter #   2 total cpu time :   650.8 secs   av.it.:  12.9
      thresh= 1.000E-06 alpha_mix =  0.700 |ddv_scf|^2 =  1.036E-06

      iter #   3 total cpu time :   651.4 secs   av.it.:  12.9
      thresh= 1.000E-06 alpha_mix =  0.700 |ddv_scf|^2 =  2.685E-09

      iter #   4 total cpu time :   651.9 secs   av.it.:  11.1
      thresh= 5.182E-07 alpha_mix =  0.700 |ddv_scf|^2 =  1.090E-11

      iter #   5 total cpu time :   652.5 secs   av.it.:  11.5
      thresh= 3.302E-08 alpha_mix =  0.700 |ddv_scf|^2 =  2.301E-12

      iter #   6 total cpu time :   653.0 secs   av.it.:  11.8
      thresh= 1.517E-08 alpha_mix =  0.700 |ddv_scf|^2 =  3.202E-13

      iter #   7 total cpu time :   653.6 secs   av.it.:  12.8
      thresh= 5.659E-09 alpha_mix =  0.700 |ddv_scf|^2 =  1.603E-14

      iter #   8 total cpu time :   654.3 secs   av.it.:  12.9
      thresh= 1.266E-09 alpha_mix =  0.700 |ddv_scf|^2 =  3.297E-15

      iter #   9 total cpu time :   654.9 secs   av.it.:  13.0
      thresh= 5.742E-10 alpha_mix =  0.700 |ddv_scf|^2 =  2.327E-15

      iter #  10 total cpu time :   655.4 secs   av.it.:  11.9
      thresh= 4.824E-10 alpha_mix =  0.700 |ddv_scf|^2 =  1.258E-16

      iter #  11 total cpu time :   656.0 secs   av.it.:  12.5
      thresh= 1.121E-10 alpha_mix =  0.700 |ddv_scf|^2 =  4.465E-17

      iter #  12 total cpu time :   656.6 secs   av.it.:  12.0
      thresh= 6.682E-11 alpha_mix =  0.700 |ddv_scf|^2 =  4.052E-18

      iter #  13 total cpu time :   657.2 secs   av.it.:  12.8
      thresh= 2.013E-11 alpha_mix =  0.700 |ddv_scf|^2 =  2.158E-18

      iter #  14 total cpu time :   657.8 secs   av.it.:  12.4
      thresh= 1.469E-11 alpha_mix =  0.700 |ddv_scf|^2 =  2.689E-19

        iq =   7   iwann =   6   rPi_q =     0.01376421     0.00000000   uPi_q =     0.05092889    -0.00000000   SH_q =     0.03328113     0.00000000

        Start LR calculation for the wannier #  7   iq =  7   spin =  1

        SYM : iwann=     7 iq =     7 weight =   0.12500000

      iter #   1 total cpu time :   658.4 secs   av.it.:  12.9
      thresh= 1.000E-06 alpha_mix =  0.700 |ddv_scf|^2 =  4.676E-07

      iter #   2 total cpu time :   659.0 secs   av.it.:  13.0
      thresh= 1.000E-06 alpha_mix =  0.700 |ddv_scf|^2 =  1.036E-06

      iter #   3 total cpu time :   659.6 secs   av.it.:  12.8
      thresh= 1.000E-06 alpha_mix =  0.700 |ddv_scf|^2 =  2.685E-09

      iter #   4 total cpu time :   660.1 secs   av.it.:  11.1
      thresh= 5.182E-07 alpha_mix =  0.700 |ddv_scf|^2 =  1.092E-11

      iter #   5 total cpu time :   660.6 secs   av.it.:  11.8
      thresh= 3.304E-08 alpha_mix =  0.700 |ddv_scf|^2 =  2.309E-12

      iter #   6 total cpu time :   661.2 secs   av.it.:  11.9
      thresh= 1.520E-08 alpha_mix =  0.700 |ddv_scf|^2 =  3.239E-13

      iter #   7 total cpu time :   661.8 secs   av.it.:  12.9
      thresh= 5.691E-09 alpha_mix =  0.700 |ddv_scf|^2 =  1.617E-14

      iter #   8 total cpu time :   662.4 secs   av.it.:  12.9
      thresh= 1.271E-09 alpha_mix =  0.700 |ddv_scf|^2 =  3.323E-15

      iter #   9 total cpu time :   663.0 secs   av.it.:  13.0
      thresh= 5.764E-10 alpha_mix =  0.700 |ddv_scf|^2 =  2.353E-15

      iter #  10 total cpu time :   663.6 secs   av.it.:  11.9
      thresh= 4.851E-10 alpha_mix =  0.700 |ddv_scf|^2 =  1.263E-16

      iter #  11 total cpu time :   664.2 secs   av.it.:  12.6
      thresh= 1.124E-10 alpha_mix =  0.700 |ddv_scf|^2 =  4.478E-17

      iter #  12 total cpu time :   664.8 secs   av.it.:  12.1
      thresh= 6.692E-11 alpha_mix =  0.700 |ddv_scf|^2 =  4.013E-18

      iter #  13 total cpu time :   665.4 secs   av.it.:  12.8
      thresh= 2.003E-11 alpha_mix =  0.700 |ddv_scf|^2 =  2.062E-18

      iter #  14 total cpu time :   666.0 secs   av.it.:  12.4
      thresh= 1.436E-11 alpha_mix =  0.700 |ddv_scf|^2 =  2.580E-19

        iq =   7   iwann =   7   rPi_q =     0.01377428     0.00000000   uPi_q =     0.05093858    -0.00000000   SH_q =     0.03328113    -0.00000000

        Start LR calculation for the wannier #  8   iq =  7   spin =  1

        SYM : iwann=     8 iq =     7 weight =   0.12500000

      iter #   1 total cpu time :   666.6 secs   av.it.:  13.0
      thresh= 1.000E-06 alpha_mix =  0.700 |ddv_scf|^2 =  4.676E-07

      iter #   2 total cpu time :   667.2 secs   av.it.:  13.1
      thresh= 1.000E-06 alpha_mix =  0.700 |ddv_scf|^2 =  1.036E-06

      iter #   3 total cpu time :   667.8 secs   av.it.:  12.8
      thresh= 1.000E-06 alpha_mix =  0.700 |ddv_scf|^2 =  2.685E-09

      iter #   4 total cpu time :   668.3 secs   av.it.:  11.1
      thresh= 5.182E-07 alpha_mix =  0.700 |ddv_scf|^2 =  1.092E-11

      iter #   5 total cpu time :   668.9 secs   av.it.:  11.8
      thresh= 3.304E-08 alpha_mix =  0.700 |ddv_scf|^2 =  2.309E-12

      iter #   6 total cpu time :   669.4 secs   av.it.:  11.9
      thresh= 1.520E-08 alpha_mix =  0.700 |ddv_scf|^2 =  3.239E-13

      iter #   7 total cpu time :   670.0 secs   av.it.:  12.9
      thresh= 5.691E-09 alpha_mix =  0.700 |ddv_scf|^2 =  1.617E-14

      iter #   8 total cpu time :   670.6 secs   av.it.:  12.9
      thresh= 1.271E-09 alpha_mix =  0.700 |ddv_scf|^2 =  3.323E-15

      iter #   9 total cpu time :   671.2 secs   av.it.:  13.0
      thresh= 5.764E-10 alpha_mix =  0.700 |ddv_scf|^2 =  2.355E-15

      iter #  10 total cpu time :   671.8 secs   av.it.:  11.9
      thresh= 4.852E-10 alpha_mix =  0.700 |ddv_scf|^2 =  1.264E-16

      iter #  11 total cpu time :   672.4 secs   av.it.:  12.5
      thresh= 1.124E-10 alpha_mix =  0.700 |ddv_scf|^2 =  4.495E-17

      iter #  12 total cpu time :   673.0 secs   av.it.:  12.1
      thresh= 6.705E-11 alpha_mix =  0.700 |ddv_scf|^2 =  4.064E-18

      iter #  13 total cpu time :   673.5 secs   av.it.:  12.8
      thresh= 2.016E-11 alpha_mix =  0.700 |ddv_scf|^2 =  2.167E-18

      iter #  14 total cpu time :   674.1 secs   av.it.:  12.4
      thresh= 1.472E-11 alpha_mix =  0.700 |ddv_scf|^2 =  2.692E-19

        iq =   7   iwann =   8   rPi_q =     0.01377428     0.00000000   uPi_q =     0.05093858    -0.00000000   SH_q =     0.03328113     0.00000000

        Start LR calculation for the wannier #  9   iq =  7   spin =  1

        SYM : iwann=     9 iq =     7 weight =   0.12500000

      iter #   1 total cpu time :   674.8 secs   av.it.:  12.5
      thresh= 1.000E-06 alpha_mix =  0.700 |ddv_scf|^2 =  9.979E-08

      iter #   2 total cpu time :   675.3 secs   av.it.:  12.5
      thresh= 1.000E-06 alpha_mix =  0.700 |ddv_scf|^2 =  2.014E-07

      iter #   3 total cpu time :   675.9 secs   av.it.:  12.2
      thresh= 1.000E-06 alpha_mix =  0.700 |ddv_scf|^2 =  9.379E-10

      iter #   4 total cpu time :   676.4 secs   av.it.:  11.0
      thresh= 3.063E-07 alpha_mix =  0.700 |ddv_scf|^2 =  2.271E-12

      iter #   5 total cpu time :   676.9 secs   av.it.:  11.9
      thresh= 1.507E-08 alpha_mix =  0.700 |ddv_scf|^2 =  4.861E-13

      iter #   6 total cpu time :   677.5 secs   av.it.:  13.0
      thresh= 6.972E-09 alpha_mix =  0.700 |ddv_scf|^2 =  1.394E-13

      iter #   7 total cpu time :   678.1 secs   av.it.:  12.2
      thresh= 3.734E-09 alpha_mix =  0.700 |ddv_scf|^2 =  1.373E-14

      iter #   8 total cpu time :   678.7 secs   av.it.:  12.9
      thresh= 1.172E-09 alpha_mix =  0.700 |ddv_scf|^2 =  2.654E-15

      iter #   9 total cpu time :   679.2 secs   av.it.:  12.4
      thresh= 5.151E-10 alpha_mix =  0.700 |ddv_scf|^2 =  3.425E-15

      iter #  10 total cpu time :   679.8 secs   av.it.:  12.0
      thresh= 5.852E-10 alpha_mix =  0.700 |ddv_scf|^2 =  3.658E-17

      iter #  11 total cpu time :   680.4 secs   av.it.:  12.6
      thresh= 6.048E-11 alpha_mix =  0.700 |ddv_scf|^2 =  2.565E-17

      iter #  12 total cpu time :   680.9 secs   av.it.:  12.4
      thresh= 5.065E-11 alpha_mix =  0.700 |ddv_scf|^2 =  3.761E-18

      iter #  13 total cpu time :   681.5 secs   av.it.:  12.4
      thresh= 1.939E-11 alpha_mix =  0.700 |ddv_scf|^2 =  8.759E-19

      iter #  14 total cpu time :   682.1 secs   av.it.:  12.5
      thresh= 9.359E-12 alpha_mix =  0.700 |ddv_scf|^2 =  1.424E-19

        iq =   7   iwann =   9   rPi_q =     0.00226613     0.00000000   uPi_q =     0.01187775    -0.00000000   SH_q =     0.00951505     0.00000000

        Start LR calculation for the wannier # 10   iq =  7   spin =  1

        SYM : iwann=    10 iq =     7 weight =   0.12500000

      iter #   1 total cpu time :   682.7 secs   av.it.:  12.5
      thresh= 1.000E-06 alpha_mix =  0.700 |ddv_scf|^2 =  9.979E-08

      iter #   2 total cpu time :   683.2 secs   av.it.:  12.5
      thresh= 1.000E-06 alpha_mix =  0.700 |ddv_scf|^2 =  2.014E-07

      iter #   3 total cpu time :   683.8 secs   av.it.:  12.2
      thresh= 1.000E-06 alpha_mix =  0.700 |ddv_scf|^2 =  9.379E-10

      iter #   4 total cpu time :   684.3 secs   av.it.:  11.0
      thresh= 3.063E-07 alpha_mix =  0.700 |ddv_scf|^2 =  2.271E-12

      iter #   5 total cpu time :   684.8 secs   av.it.:  11.9
      thresh= 1.507E-08 alpha_mix =  0.700 |ddv_scf|^2 =  4.861E-13

      iter #   6 total cpu time :   685.4 secs   av.it.:  13.0
      thresh= 6.972E-09 alpha_mix =  0.700 |ddv_scf|^2 =  1.394E-13

      iter #   7 total cpu time :   686.0 secs   av.it.:  12.2
      thresh= 3.734E-09 alpha_mix =  0.700 |ddv_scf|^2 =  1.373E-14

      iter #   8 total cpu time :   686.6 secs   av.it.:  12.9
      thresh= 1.172E-09 alpha_mix =  0.700 |ddv_scf|^2 =  2.654E-15

      iter #   9 total cpu time :   687.2 secs   av.it.:  12.4
      thresh= 5.152E-10 alpha_mix =  0.700 |ddv_scf|^2 =  3.426E-15

      iter #  10 total cpu time :   687.7 secs   av.it.:  12.1
      thresh= 5.853E-10 alpha_mix =  0.700 |ddv_scf|^2 =  3.665E-17

      iter #  11 total cpu time :   688.3 secs   av.it.:  12.5
      thresh= 6.054E-11 alpha_mix =  0.700 |ddv_scf|^2 =  2.580E-17

      iter #  12 total cpu time :   688.9 secs   av.it.:  12.4
      thresh= 5.080E-11 alpha_mix =  0.700 |ddv_scf|^2 =  3.763E-18

      iter #  13 total cpu time :   689.4 secs   av.it.:  12.4
      thresh= 1.940E-11 alpha_mix =  0.700 |ddv_scf|^2 =  8.743E-19

      iter #  14 total cpu time :   690.0 secs   av.it.:  12.5
      thresh= 9.350E-12 alpha_mix =  0.700 |ddv_scf|^2 =  1.427E-19

        iq =   7   iwann =  10   rPi_q =     0.00226613     0.00000000   uPi_q =     0.01187776    -0.00000000   SH_q =     0.00951505    -0.00000000

        Start LR calculation for the wannier # 11   iq =  7   spin =  1

        SYM : iwann=    11 iq =     7 weight =   0.12500000

      iter #   1 total cpu time :   690.6 secs   av.it.:  12.4
      thresh= 1.000E-06 alpha_mix =  0.700 |ddv_scf|^2 =  9.979E-08

      iter #   2 total cpu time :   691.1 secs   av.it.:  12.5
      thresh= 1.000E-06 alpha_mix =  0.700 |ddv_scf|^2 =  2.014E-07

      iter #   3 total cpu time :   691.7 secs   av.it.:  12.2
      thresh= 1.000E-06 alpha_mix =  0.700 |ddv_scf|^2 =  9.379E-10

      iter #   4 total cpu time :   692.2 secs   av.it.:  11.0
      thresh= 3.063E-07 alpha_mix =  0.700 |ddv_scf|^2 =  2.278E-12

      iter #   5 total cpu time :   692.8 secs   av.it.:  12.1
      thresh= 1.509E-08 alpha_mix =  0.700 |ddv_scf|^2 =  4.857E-13

      iter #   6 total cpu time :   693.4 secs   av.it.:  13.1
      thresh= 6.970E-09 alpha_mix =  0.700 |ddv_scf|^2 =  1.391E-13

      iter #   7 total cpu time :   693.9 secs   av.it.:  12.2
      thresh= 3.729E-09 alpha_mix =  0.700 |ddv_scf|^2 =  1.384E-14

      iter #   8 total cpu time :   694.5 secs   av.it.:  13.0
      thresh= 1.176E-09 alpha_mix =  0.700 |ddv_scf|^2 =  2.671E-15

      iter #   9 total cpu time :   695.1 secs   av.it.:  12.4
      thresh= 5.168E-10 alpha_mix =  0.700 |ddv_scf|^2 =  3.451E-15

      iter #  10 total cpu time :   695.6 secs   av.it.:  12.1
      thresh= 5.874E-10 alpha_mix =  0.700 |ddv_scf|^2 =  3.582E-17

      iter #  11 total cpu time :   696.2 secs   av.it.:  12.8
      thresh= 5.985E-11 alpha_mix =  0.700 |ddv_scf|^2 =  2.509E-17

      iter #  12 total cpu time :   696.8 secs   av.it.:  12.4
      thresh= 5.009E-11 alpha_mix =  0.700 |ddv_scf|^2 =  3.720E-18

      iter #  13 total cpu time :   697.3 secs   av.it.:  12.4
      thresh= 1.929E-11 alpha_mix =  0.700 |ddv_scf|^2 =  8.758E-19

      iter #  14 total cpu time :   697.9 secs   av.it.:  12.6
      thresh= 9.359E-12 alpha_mix =  0.700 |ddv_scf|^2 =  1.368E-19

        iq =   7   iwann =  11   rPi_q =     0.00223975    -0.00000000   uPi_q =     0.01185549    -0.00000000   SH_q =     0.00951505    -0.00000000

        Start LR calculation for the wannier # 12   iq =  7   spin =  1

        SYM : iwann=    12 iq =     7 weight =   0.12500000

      iter #   1 total cpu time :   698.4 secs   av.it.:  12.4
      thresh= 1.000E-06 alpha_mix =  0.700 |ddv_scf|^2 =  9.979E-08

      iter #   2 total cpu time :   699.0 secs   av.it.:  12.5
      thresh= 1.000E-06 alpha_mix =  0.700 |ddv_scf|^2 =  2.014E-07

      iter #   3 total cpu time :   699.5 secs   av.it.:  12.2
      thresh= 1.000E-06 alpha_mix =  0.700 |ddv_scf|^2 =  9.379E-10

      iter #   4 total cpu time :   700.0 secs   av.it.:  11.0
      thresh= 3.063E-07 alpha_mix =  0.700 |ddv_scf|^2 =  2.278E-12

      iter #   5 total cpu time :   700.6 secs   av.it.:  12.1
      thresh= 1.509E-08 alpha_mix =  0.700 |ddv_scf|^2 =  4.857E-13

      iter #   6 total cpu time :   701.2 secs   av.it.:  13.1
      thresh= 6.970E-09 alpha_mix =  0.700 |ddv_scf|^2 =  1.391E-13

      iter #   7 total cpu time :   701.7 secs   av.it.:  12.2
      thresh= 3.729E-09 alpha_mix =  0.700 |ddv_scf|^2 =  1.384E-14

      iter #   8 total cpu time :   702.3 secs   av.it.:  13.0
      thresh= 1.176E-09 alpha_mix =  0.700 |ddv_scf|^2 =  2.671E-15

      iter #   9 total cpu time :   702.9 secs   av.it.:  12.4
      thresh= 5.168E-10 alpha_mix =  0.700 |ddv_scf|^2 =  3.451E-15

      iter #  10 total cpu time :   703.4 secs   av.it.:  12.0
      thresh= 5.875E-10 alpha_mix =  0.700 |ddv_scf|^2 =  3.586E-17

      iter #  11 total cpu time :   704.0 secs   av.it.:  12.9
      thresh= 5.988E-11 alpha_mix =  0.700 |ddv_scf|^2 =  2.518E-17

      iter #  12 total cpu time :   704.5 secs   av.it.:  12.4
      thresh= 5.018E-11 alpha_mix =  0.700 |ddv_scf|^2 =  3.721E-18

      iter #  13 total cpu time :   705.1 secs   av.it.:  12.4
      thresh= 1.929E-11 alpha_mix =  0.700 |ddv_scf|^2 =  8.749E-19

      iter #  14 total cpu time :   705.7 secs   av.it.:  12.5
      thresh= 9.353E-12 alpha_mix =  0.700 |ddv_scf|^2 =  1.370E-19

        iq =   7   iwann =  12   rPi_q =     0.00223974    -0.00000000   uPi_q =     0.01185548     0.00000000   SH_q =     0.00951505     0.00000000

        Start LR calculation for the wannier # 13   iq =  7   spin =  1

        SYM : iwann=    13 iq =     7 weight =   0.12500000

      iter #   1 total cpu time :   706.2 secs   av.it.:  12.5
      thresh= 1.000E-06 alpha_mix =  0.700 |ddv_scf|^2 =  9.979E-08

      iter #   2 total cpu time :   706.8 secs   av.it.:  12.5
      thresh= 1.000E-06 alpha_mix =  0.700 |ddv_scf|^2 =  2.014E-07

      iter #   3 total cpu time :   707.3 secs   av.it.:  12.2
      thresh= 1.000E-06 alpha_mix =  0.700 |ddv_scf|^2 =  9.379E-10

      iter #   4 total cpu time :   707.8 secs   av.it.:  11.0
      thresh= 3.063E-07 alpha_mix =  0.700 |ddv_scf|^2 =  2.265E-12

      iter #   5 total cpu time :   708.4 secs   av.it.:  11.9
      thresh= 1.505E-08 alpha_mix =  0.700 |ddv_scf|^2 =  4.824E-13

      iter #   6 total cpu time :   709.0 secs   av.it.:  13.0
      thresh= 6.945E-09 alpha_mix =  0.700 |ddv_scf|^2 =  1.386E-13

      iter #   7 total cpu time :   709.5 secs   av.it.:  12.2
      thresh= 3.723E-09 alpha_mix =  0.700 |ddv_scf|^2 =  1.381E-14

      iter #   8 total cpu time :   710.1 secs   av.it.:  12.9
      thresh= 1.175E-09 alpha_mix =  0.700 |ddv_scf|^2 =  2.677E-15

      iter #   9 total cpu time :   710.7 secs   av.it.:  12.4
      thresh= 5.174E-10 alpha_mix =  0.700 |ddv_scf|^2 =  3.461E-15

      iter #  10 total cpu time :   711.2 secs   av.it.:  12.1
      thresh= 5.883E-10 alpha_mix =  0.700 |ddv_scf|^2 =  3.622E-17

      iter #  11 total cpu time :   711.8 secs   av.it.:  12.5
      thresh= 6.019E-11 alpha_mix =  0.700 |ddv_scf|^2 =  2.574E-17

      iter #  12 total cpu time :   712.3 secs   av.it.:  12.4
      thresh= 5.073E-11 alpha_mix =  0.700 |ddv_scf|^2 =  3.701E-18

      iter #  13 total cpu time :   712.9 secs   av.it.:  12.4
      thresh= 1.924E-11 alpha_mix =  0.700 |ddv_scf|^2 =  8.581E-19

      iter #  14 total cpu time :   713.5 secs   av.it.:  12.6
      thresh= 9.263E-12 alpha_mix =  0.700 |ddv_scf|^2 =  1.389E-19

        iq =   7   iwann =  13   rPi_q =     0.00225314    -0.00000000   uPi_q =     0.01186613    -0.00000000   SH_q =     0.00951504     0.00000000

        Start LR calculation for the wannier # 14   iq =  7   spin =  1

        SYM : iwann=    14 iq =     7 weight =   0.12500000

      iter #   1 total cpu time :   714.0 secs   av.it.:  12.5
      thresh= 1.000E-06 alpha_mix =  0.700 |ddv_scf|^2 =  9.979E-08

      iter #   2 total cpu time :   714.6 secs   av.it.:  12.5
      thresh= 1.000E-06 alpha_mix =  0.700 |ddv_scf|^2 =  2.014E-07

      iter #   3 total cpu time :   715.2 secs   av.it.:  12.2
      thresh= 1.000E-06 alpha_mix =  0.700 |ddv_scf|^2 =  9.379E-10

      iter #   4 total cpu time :   715.7 secs   av.it.:  11.0
      thresh= 3.063E-07 alpha_mix =  0.700 |ddv_scf|^2 =  2.265E-12

      iter #   5 total cpu time :   716.2 secs   av.it.:  11.9
      thresh= 1.505E-08 alpha_mix =  0.700 |ddv_scf|^2 =  4.824E-13

      iter #   6 total cpu time :   716.8 secs   av.it.:  13.0
      thresh= 6.945E-09 alpha_mix =  0.700 |ddv_scf|^2 =  1.386E-13

      iter #   7 total cpu time :   717.3 secs   av.it.:  12.2
      thresh= 3.723E-09 alpha_mix =  0.700 |ddv_scf|^2 =  1.381E-14

      iter #   8 total cpu time :   717.9 secs   av.it.:  12.9
      thresh= 1.175E-09 alpha_mix =  0.700 |ddv_scf|^2 =  2.678E-15

      iter #   9 total cpu time :   718.5 secs   av.it.:  12.4
      thresh= 5.175E-10 alpha_mix =  0.700 |ddv_scf|^2 =  3.462E-15

      iter #  10 total cpu time :   719.0 secs   av.it.:  12.1
      thresh= 5.884E-10 alpha_mix =  0.700 |ddv_scf|^2 =  3.630E-17

      iter #  11 total cpu time :   719.6 secs   av.it.:  12.6
      thresh= 6.025E-11 alpha_mix =  0.700 |ddv_scf|^2 =  2.589E-17

      iter #  12 total cpu time :   720.2 secs   av.it.:  12.4
      thresh= 5.088E-11 alpha_mix =  0.700 |ddv_scf|^2 =  3.703E-18

      iter #  13 total cpu time :   720.7 secs   av.it.:  12.4
      thresh= 1.924E-11 alpha_mix =  0.700 |ddv_scf|^2 =  8.565E-19

      iter #  14 total cpu time :   721.3 secs   av.it.:  12.6
      thresh= 9.255E-12 alpha_mix =  0.700 |ddv_scf|^2 =  1.392E-19

        iq =   7   iwann =  14   rPi_q =     0.00225314    -0.00000000   uPi_q =     0.01186614    -0.00000000   SH_q =     0.00951505     0.00000000

        Start LR calculation for the wannier # 15   iq =  7   spin =  1

        SYM : iwann=    15 iq =     7 weight =   0.12500000

      iter #   1 total cpu time :   721.9 secs   av.it.:  12.4
      thresh= 1.000E-06 alpha_mix =  0.700 |ddv_scf|^2 =  9.979E-08

      iter #   2 total cpu time :   722.4 secs   av.it.:  12.5
      thresh= 1.000E-06 alpha_mix =  0.700 |ddv_scf|^2 =  2.014E-07

      iter #   3 total cpu time :   723.0 secs   av.it.:  12.0
      thresh= 1.000E-06 alpha_mix =  0.700 |ddv_scf|^2 =  9.379E-10

      iter #   4 total cpu time :   723.5 secs   av.it.:  11.0
      thresh= 3.063E-07 alpha_mix =  0.700 |ddv_scf|^2 =  2.280E-12

      iter #   5 total cpu time :   724.1 secs   av.it.:  12.1
      thresh= 1.510E-08 alpha_mix =  0.700 |ddv_scf|^2 =  4.869E-13

      iter #   6 total cpu time :   724.6 secs   av.it.:  13.1
      thresh= 6.978E-09 alpha_mix =  0.700 |ddv_scf|^2 =  1.394E-13

      iter #   7 total cpu time :   725.2 secs   av.it.:  12.2
      thresh= 3.734E-09 alpha_mix =  0.700 |ddv_scf|^2 =  1.392E-14

      iter #   8 total cpu time :   725.8 secs   av.it.:  12.9
      thresh= 1.180E-09 alpha_mix =  0.700 |ddv_scf|^2 =  2.705E-15

      iter #   9 total cpu time :   726.3 secs   av.it.:  12.4
      thresh= 5.201E-10 alpha_mix =  0.700 |ddv_scf|^2 =  3.502E-15

      iter #  10 total cpu time :   726.9 secs   av.it.:  12.0
      thresh= 5.918E-10 alpha_mix =  0.700 |ddv_scf|^2 =  3.693E-17

      iter #  11 total cpu time :   727.5 secs   av.it.:  12.6
      thresh= 6.077E-11 alpha_mix =  0.700 |ddv_scf|^2 =  2.723E-17

      iter #  12 total cpu time :   728.0 secs   av.it.:  12.4
      thresh= 5.219E-11 alpha_mix =  0.700 |ddv_scf|^2 =  3.730E-18

      iter #  13 total cpu time :   728.6 secs   av.it.:  12.4
      thresh= 1.931E-11 alpha_mix =  0.700 |ddv_scf|^2 =  8.547E-19

      iter #  14 total cpu time :   729.2 secs   av.it.:  12.5
      thresh= 9.245E-12 alpha_mix =  0.700 |ddv_scf|^2 =  1.422E-19

        iq =   7   iwann =  15   rPi_q =     0.00224414    -0.00000000   uPi_q =     0.01185980    -0.00000000   SH_q =     0.00951505     0.00000000

        Start LR calculation for the wannier # 16   iq =  7   spin =  1

        SYM : iwann=    16 iq =     7 weight =   0.12500000

      iter #   1 total cpu time :   729.7 secs   av.it.:  12.4
      thresh= 1.000E-06 alpha_mix =  0.700 |ddv_scf|^2 =  9.979E-08

      iter #   2 total cpu time :   730.3 secs   av.it.:  12.5
      thresh= 1.000E-06 alpha_mix =  0.700 |ddv_scf|^2 =  2.014E-07

      iter #   3 total cpu time :   730.9 secs   av.it.:  12.0
      thresh= 1.000E-06 alpha_mix =  0.700 |ddv_scf|^2 =  9.379E-10

      iter #   4 total cpu time :   731.4 secs   av.it.:  11.0
      thresh= 3.063E-07 alpha_mix =  0.700 |ddv_scf|^2 =  2.280E-12

      iter #   5 total cpu time :   731.9 secs   av.it.:  12.1
      thresh= 1.510E-08 alpha_mix =  0.700 |ddv_scf|^2 =  4.869E-13

      iter #   6 total cpu time :   732.5 secs   av.it.:  13.1
      thresh= 6.978E-09 alpha_mix =  0.700 |ddv_scf|^2 =  1.394E-13

      iter #   7 total cpu time :   733.1 secs   av.it.:  12.2
      thresh= 3.734E-09 alpha_mix =  0.700 |ddv_scf|^2 =  1.392E-14

      iter #   8 total cpu time :   733.7 secs   av.it.:  12.9
      thresh= 1.180E-09 alpha_mix =  0.700 |ddv_scf|^2 =  2.707E-15

      iter #   9 total cpu time :   734.3 secs   av.it.:  12.4
      thresh= 5.203E-10 alpha_mix =  0.700 |ddv_scf|^2 =  3.507E-15

      iter #  10 total cpu time :   734.8 secs   av.it.:  12.0
      thresh= 5.922E-10 alpha_mix =  0.700 |ddv_scf|^2 =  3.715E-17

      iter #  11 total cpu time :   735.4 secs   av.it.:  12.5
      thresh= 6.095E-11 alpha_mix =  0.700 |ddv_scf|^2 =  2.768E-17

      iter #  12 total cpu time :   736.0 secs   av.it.:  12.4
      thresh= 5.262E-11 alpha_mix =  0.700 |ddv_scf|^2 =  3.729E-18

      iter #  13 total cpu time :   736.5 secs   av.it.:  12.4
      thresh= 1.931E-11 alpha_mix =  0.700 |ddv_scf|^2 =  8.509E-19

      iter #  14 total cpu time :   737.1 secs   av.it.:  12.5
      thresh= 9.224E-12 alpha_mix =  0.700 |ddv_scf|^2 =  1.429E-19

        iq =   7   iwann =  16   rPi_q =     0.00224414    -0.00000000   uPi_q =     0.01185980    -0.00000000   SH_q =     0.00951504    -0.00000000


     ==============================================================================
     Calculation of q =   -0.5000000   0.5000000   0.5000000  [Cart ]
     Calculation of q =    0.5000000   0.5000000   0.5000000  [Cryst]
     ==============================================================================

        INFO: prepare_q DONE

        INFO: rhowan_q(r) RETRIEVED


     Parallelization info
     --------------------
     sticks:   dense  smooth     PW     G-vecs:    dense   smooth      PW
     Min          73      73     27                  821      821     186
     Max          74      74     28                  823      823     189
     Sum         295     295    109                 3287     3287     749

     Using Slab Decomposition


     Title: 
     KCW Silicon screen                                                         


     bravais-lattice index     =            2
     lattice parameter (alat)  =      10.2631  a.u.
     unit-cell volume          =     270.2564 (a.u.)^3
     number of atoms/cell      =            2
     number of atomic types    =            1
     number of electrons       =         8.00
     number of Kohn-Sham states=           11
     kinetic-energy cutoff     =      20.0000  Ry
     charge density cutoff     =      80.0000  Ry
     Exchange-correlation= PW
                           (   1   4   0   0   0   0   0)
     Noncollinear calculation with spin-orbit


     celldm(1)=  10.263102  celldm(2)=   0.000000  celldm(3)=   0.000000
     celldm(4)=   0.000000  celldm(5)=   0.000000  celldm(6)=   0.000000

     crystal axes: (cart. coord. in units of alat)
               a(1) = (  -0.500000   0.000000   0.500000 )  
               a(2) = (   0.000000   0.500000   0.500000 )  
               a(3) = (  -0.500000   0.500000   0.000000 )  

     reciprocal axes: (cart. coord. in units 2 pi/alat)
               b(1) = ( -1.000000 -1.000000  1.000000 )  
               b(2) = (  1.000000  1.000000  1.000000 )  
               b(3) = ( -1.000000  1.000000 -1.000000 )  


     PseudoPot. # 1 for Si read from file:
     /home/nicola/CODES/q-e-kcw/pseudo/Si_Dojo_LDA_FR.UPF
     MD5 check sum: fa6905a911cf8388f5aa69a93393adea
     Pseudo is Norm-conserving + core correction, Zval =  4.0
     Generated using ONCVPSP code by D. R. Hamann
     Using radial grid of 1510 points, 10 beta functions with: 
                l(1) =   0
                l(2) =   0
                l(3) =   1
                l(4) =   1
                l(5) =   1
                l(6) =   1
                l(7) =   2
                l(8) =   2
                l(9) =   2
               l(10) =   2

     atomic species   valence    mass     pseudopotential
     Si                4.00    28.08500     Si( 1.00)

     No symmetry found



   Cartesian axes

     site n.     atom                  positions (alat units)
         1        Si     tau(   1) = (   0.0000000   0.0000000   0.0000000  )
         2        Si     tau(   2) = (  -0.2500000   0.2500000   0.2500000  )

     number of k points=    32
                       cart. coord. in units 2pi/alat
        k(    1) = (   0.0000000   0.0000000   0.0000000), wk =   0.1250000
        k(    2) = (  -0.5000000   0.5000000   0.5000000), wk =   0.0000000
        k(    3) = (  -0.0000000  -0.0000000  -0.0000000), wk =   0.0000000
        k(    4) = (   0.5000000  -0.5000000  -0.5000000), wk =   0.0000000
        k(    5) = (  -0.5000000   0.5000000  -0.5000000), wk =   0.1250000
        k(    6) = (  -1.0000000   1.0000000   0.0000000), wk =   0.0000000
        k(    7) = (   0.5000000  -0.5000000   0.5000000), wk =   0.0000000
        k(    8) = (   1.0000000  -1.0000000   0.0000000), wk =   0.0000000
        k(    9) = (   0.5000000   0.5000000   0.5000000), wk =   0.1250000
        k(   10) = (   0.0000000   1.0000000   1.0000000), wk =   0.0000000
        k(   11) = (  -0.5000000  -0.5000000  -0.5000000), wk =   0.0000000
        k(   12) = (   0.0000000  -1.0000000  -1.0000000), wk =   0.0000000
        k(   13) = (   0.0000000   1.0000000   0.0000000), wk =   0.1250000
        k(   14) = (  -0.5000000   1.5000000   0.5000000), wk =   0.0000000
        k(   15) = (  -0.0000000  -1.0000000  -0.0000000), wk =   0.0000000
        k(   16) = (   0.5000000  -1.5000000  -0.5000000), wk =   0.0000000
        k(   17) = (  -0.5000000  -0.5000000   0.5000000), wk =   0.1250000
        k(   18) = (  -1.0000000   0.0000000   1.0000000), wk =   0.0000000
        k(   19) = (   0.5000000   0.5000000  -0.5000000), wk =   0.0000000
        k(   20) = (   1.0000000   0.0000000  -1.0000000), wk =   0.0000000
        k(   21) = (  -1.0000000   0.0000000   0.0000000), wk =   0.1250000
        k(   22) = (  -1.5000000   0.5000000   0.5000000), wk =   0.0000000
        k(   23) = (   1.0000000  -0.0000000  -0.0000000), wk =   0.0000000
        k(   24) = (   1.5000000  -0.5000000  -0.5000000), wk =   0.0000000
        k(   25) = (   0.0000000   0.0000000   1.0000000), wk =   0.1250000
        k(   26) = (  -0.5000000   0.5000000   1.5000000), wk =   0.0000000
        k(   27) = (  -0.0000000  -0.0000000  -1.0000000), wk =   0.0000000
        k(   28) = (   0.5000000  -0.5000000  -1.5000000), wk =   0.0000000
        k(   29) = (  -0.5000000   0.5000000   0.5000000), wk =   0.1250000
        k(   30) = (  -1.0000000   1.0000000   1.0000000), wk =   0.0000000
        k(   31) = (   0.5000000  -0.5000000  -0.5000000), wk =   0.0000000
        k(   32) = (   1.0000000  -1.0000000  -1.0000000), wk =   0.0000000

     Dense  grid:     3287 G-vectors     FFT dimensions: (  24,  24,  24)

     Estimated max dynamical RAM per process >       3.29 MB

     Estimated total dynamical RAM >      13.16 MB

     The potential is recalculated from file :
     /home/nicola/CODES/q-e-kcw/tempdir/kcw/q8/Si.save/charge-density

     Starting wfcs are   16 atomic wfcs

     Band Structure Calculation
     Davidson diagonalization with overlap

     ethr =  1.25E-10,  avg # of iterations = 10.6

     total cpu time spent up to now is       -1.0 secs

     End of band structure calculation

          k = 0.0000 0.0000 0.0000 (   411 PWs)   bands (ev):

    -5.7047  -5.7047   6.3115   6.3115   6.3611   6.3611   6.3611   6.3611
     8.7146   8.7146   8.7504

          k =-0.5000 0.5000 0.5000 (   410 PWs)   bands (ev):

    -3.3363  -3.3363  -0.7601  -0.7601   5.0942   5.0942   5.1269   5.1269
     7.6784   7.6784   9.4869

          k =-0.0000-0.0000-0.0000 (   411 PWs)   bands (ev):

    -5.7047  -5.7047   6.3115   6.3115   6.3611   6.3611   6.3611   6.3611
     8.7146   8.7146   8.7504

          k = 0.5000-0.5000-0.5000 (   410 PWs)   bands (ev):

    -3.3363  -3.3363  -0.7601  -0.7601   5.0942   5.0942   5.1269   5.1269
     7.6784   7.6784   9.4869

          k =-0.5000 0.5000-0.5000 (   410 PWs)   bands (ev):

    -3.3363  -3.3363  -0.7601  -0.7601   5.0942   5.0942   5.1269   5.1269
     7.6784   7.6784   9.4869

          k =-1.0000 1.0000 0.0000 (   412 PWs)   bands (ev):

    -1.5308  -1.5308  -1.5308  -1.5308   3.4058   3.4058   3.4058   3.4058
     6.7665   6.7665   6.7665

          k = 0.5000-0.5000 0.5000 (   410 PWs)   bands (ev):

    -3.3363  -3.3363  -0.7601  -0.7601   5.0942   5.0942   5.1269   5.1269
     7.6784   7.6784   9.4869

          k = 1.0000-1.0000 0.0000 (   412 PWs)   bands (ev):

    -1.5308  -1.5308  -1.5308  -1.5308   3.4058   3.4058   3.4058   3.4058
     6.7665   6.7665   6.7665

          k = 0.5000 0.5000 0.5000 (   410 PWs)   bands (ev):

    -3.3363  -3.3363  -0.7601  -0.7601   5.0942   5.0942   5.1269   5.1269
     7.6784   7.6784   9.4869

          k = 0.0000 1.0000 1.0000 (   412 PWs)   bands (ev):

    -1.5308  -1.5308  -1.5308  -1.5308   3.4058   3.4058   3.4058   3.4058
     6.7665   6.7665   6.7665

          k =-0.5000-0.5000-0.5000 (   410 PWs)   bands (ev):

    -3.3363  -3.3363  -0.7601  -0.7601   5.0942   5.0942   5.1269   5.1269
     7.6784   7.6784   9.4869

          k = 0.0000-1.0000-1.0000 (   412 PWs)   bands (ev):

    -1.5308  -1.5308  -1.5308  -1.5308   3.4058   3.4058   3.4058   3.4058
     6.7665   6.7665   6.7665

          k = 0.0000 1.0000 0.0000 (   412 PWs)   bands (ev):

    -1.5308  -1.5308  -1.5308  -1.5308   3.4058   3.4058   3.4058   3.4058
     6.7665   6.7665   6.7665

          k =-0.5000 1.5000 0.5000 (   410 PWs)   bands (ev):

    -3.3363  -3.3363  -0.7601  -0.7601   5.0942   5.0942   5.1269   5.1269
     7.6784   7.6784   9.4869

          k =-0.0000-1.0000-0.0000 (   412 PWs)   bands (ev):

    -1.5308  -1.5308  -1.5308  -1.5308   3.4058   3.4058   3.4058   3.4058
     6.7665   6.7665   6.7665

          k = 0.5000-1.5000-0.5000 (   410 PWs)   bands (ev):

    -3.3363  -3.3363  -0.7601  -0.7601   5.0942   5.0942   5.1269   5.1269
     7.6784   7.6784   9.4869

          k =-0.5000-0.5000 0.5000 (   410 PWs)   bands (ev):

    -3.3363  -3.3363  -0.7601  -0.7601   5.0942   5.0942   5.1269   5.1269
     7.6784   7.6784   9.4869

          k =-1.0000 0.0000 1.0000 (   412 PWs)   bands (ev):

    -1.5308  -1.5308  -1.5308  -1.5308   3.4058   3.4058   3.4058   3.4058
     6.7665   6.7665   6.7665

          k = 0.5000 0.5000-0.5000 (   410 PWs)   bands (ev):

    -3.3363  -3.3363  -0.7601  -0.7601   5.0942   5.0942   5.1269   5.1269
     7.6784   7.6784   9.4869

          k = 1.0000 0.0000-1.0000 (   412 PWs)   bands (ev):

    -1.5308  -1.5308  -1.5308  -1.5308   3.4058   3.4058   3.4058   3.4058
     6.7665   6.7665   6.7665

          k =-1.0000 0.0000 0.0000 (   412 PWs)   bands (ev):

    -1.5308  -1.5308  -1.5308  -1.5308   3.4058   3.4058   3.4058   3.4058
     6.7665   6.7665   6.7665

          k =-1.5000 0.5000 0.5000 (   410 PWs)   bands (ev):

    -3.3363  -3.3363  -0.7601  -0.7601   5.0942   5.0942   5.1269   5.1269
     7.6784   7.6784   9.4869

          k = 1.0000-0.0000-0.0000 (   412 PWs)   bands (ev):

    -1.5308  -1.5308  -1.5308  -1.5308   3.4058   3.4058   3.4058   3.4058
     6.7665   6.7665   6.7665

          k = 1.5000-0.5000-0.5000 (   410 PWs)   bands (ev):

    -3.3363  -3.3363  -0.7601  -0.7601   5.0942   5.0942   5.1269   5.1269
     7.6784   7.6784   9.4869

          k = 0.0000 0.0000 1.0000 (   412 PWs)   bands (ev):

    -1.5308  -1.5308  -1.5308  -1.5308   3.4058   3.4058   3.4058   3.4058
     6.7665   6.7665   6.7665

          k =-0.5000 0.5000 1.5000 (   410 PWs)   bands (ev):

    -3.3363  -3.3363  -0.7601  -0.7601   5.0942   5.0942   5.1269   5.1269
     7.6784   7.6784   9.4869

          k =-0.0000-0.0000-1.0000 (   412 PWs)   bands (ev):

    -1.5308  -1.5308  -1.5308  -1.5308   3.4058   3.4058   3.4058   3.4058
     6.7665   6.7665   6.7665

          k = 0.5000-0.5000-1.5000 (   410 PWs)   bands (ev):

    -3.3363  -3.3363  -0.7601  -0.7601   5.0942   5.0942   5.1269   5.1269
     7.6784   7.6784   9.4869

          k =-0.5000 0.5000 0.5000 (   410 PWs)   bands (ev):

    -3.3363  -3.3363  -0.7601  -0.7601   5.0942   5.0942   5.1269   5.1269
     7.6784   7.6784   9.4869

          k =-1.0000 1.0000 1.0000 (   411 PWs)   bands (ev):

    -5.7047  -5.7047   6.3115   6.3115   6.3611   6.3611   6.3611   6.3611
     8.7146   8.7146   8.7504

          k = 0.5000-0.5000-0.5000 (   410 PWs)   bands (ev):

    -3.3363  -3.3363  -0.7601  -0.7601   5.0942   5.0942   5.1269   5.1269
     7.6784   7.6784   9.4869

          k = 1.0000-1.0000-1.0000 (   411 PWs)   bands (ev):

    -5.7047  -5.7047   6.3115   6.3115   6.3611   6.3611   6.3611   6.3611
     8.7146   8.7146   8.7504

     highest occupied, lowest unoccupied level (ev):     6.3611    6.7665

     Writing all to output data dir /home/nicola/CODES/q-e-kcw/tempdir/kcw/q8/Si.save/ :
     XML data file, pseudopotentials, collected wavefunctions

        INFO: NSCF calculation DONE

        INFO: kcw_q initialization DONE


        Start LR calculation for the wannier #  1   iq =  8   spin =  1

        SYM : iwann=     1 iq =     8 weight =   0.12500000

      iter #   1 total cpu time :   739.3 secs   av.it.:  12.9
      thresh= 1.000E-06 alpha_mix =  0.700 |ddv_scf|^2 =  3.634E-07

      iter #   2 total cpu time :   739.9 secs   av.it.:  12.9
      thresh= 1.000E-06 alpha_mix =  0.700 |ddv_scf|^2 =  2.627E-07

      iter #   3 total cpu time :   740.4 secs   av.it.:  12.0
      thresh= 1.000E-06 alpha_mix =  0.700 |ddv_scf|^2 =  1.307E-10

      iter #   4 total cpu time :   741.0 secs   av.it.:  11.1
      thresh= 1.143E-07 alpha_mix =  0.700 |ddv_scf|^2 =  3.354E-12

      iter #   5 total cpu time :   741.5 secs   av.it.:  11.6
      thresh= 1.831E-08 alpha_mix =  0.700 |ddv_scf|^2 =  1.029E-13

      iter #   6 total cpu time :   742.1 secs   av.it.:  12.8
      thresh= 3.208E-09 alpha_mix =  0.700 |ddv_scf|^2 =  6.271E-15

      iter #   7 total cpu time :   742.6 secs   av.it.:  12.6
      thresh= 7.919E-10 alpha_mix =  0.700 |ddv_scf|^2 =  5.791E-16

      iter #   8 total cpu time :   743.2 secs   av.it.:  11.9
      thresh= 2.406E-10 alpha_mix =  0.700 |ddv_scf|^2 =  3.797E-16

      iter #   9 total cpu time :   743.8 secs   av.it.:  11.9
      thresh= 1.948E-10 alpha_mix =  0.700 |ddv_scf|^2 =  8.979E-18

      iter #  10 total cpu time :   744.4 secs   av.it.:  12.8
      thresh= 2.997E-11 alpha_mix =  0.700 |ddv_scf|^2 =  7.646E-19

      iter #  11 total cpu time :   744.9 secs   av.it.:  11.8
      thresh= 8.744E-12 alpha_mix =  0.700 |ddv_scf|^2 =  3.611E-20

        iq =   8   iwann =   1   rPi_q =     0.02426801     0.00000000   uPi_q =     0.06482726    -0.00000000   SH_q =     0.04036068     0.00000000

        Start LR calculation for the wannier #  2   iq =  8   spin =  1

        SYM : iwann=     2 iq =     8 weight =   0.12500000

      iter #   1 total cpu time :   745.5 secs   av.it.:  12.9
      thresh= 1.000E-06 alpha_mix =  0.700 |ddv_scf|^2 =  3.634E-07

      iter #   2 total cpu time :   746.1 secs   av.it.:  12.9
      thresh= 1.000E-06 alpha_mix =  0.700 |ddv_scf|^2 =  2.627E-07

      iter #   3 total cpu time :   746.6 secs   av.it.:  12.0
      thresh= 1.000E-06 alpha_mix =  0.700 |ddv_scf|^2 =  1.307E-10

      iter #   4 total cpu time :   747.1 secs   av.it.:  11.1
      thresh= 1.143E-07 alpha_mix =  0.700 |ddv_scf|^2 =  3.354E-12

      iter #   5 total cpu time :   747.7 secs   av.it.:  11.6
      thresh= 1.831E-08 alpha_mix =  0.700 |ddv_scf|^2 =  1.029E-13

      iter #   6 total cpu time :   748.3 secs   av.it.:  12.8
      thresh= 3.208E-09 alpha_mix =  0.700 |ddv_scf|^2 =  6.230E-15

      iter #   7 total cpu time :   748.8 secs   av.it.:  12.5
      thresh= 7.893E-10 alpha_mix =  0.700 |ddv_scf|^2 =  1.893E-16

      iter #   8 total cpu time :   749.4 secs   av.it.:  12.5
      thresh= 1.376E-10 alpha_mix =  0.700 |ddv_scf|^2 =  5.152E-16

      iter #   9 total cpu time :   749.9 secs   av.it.:  11.8
      thresh= 2.270E-10 alpha_mix =  0.700 |ddv_scf|^2 =  1.303E-17

      iter #  10 total cpu time :   750.5 secs   av.it.:  12.8
      thresh= 3.610E-11 alpha_mix =  0.700 |ddv_scf|^2 =  7.168E-19

      iter #  11 total cpu time :   751.0 secs   av.it.:  11.8
      thresh= 8.467E-12 alpha_mix =  0.700 |ddv_scf|^2 =  4.211E-20

        iq =   8   iwann =   2   rPi_q =     0.02426801     0.00000000   uPi_q =     0.06482726    -0.00000000   SH_q =     0.04036068     0.00000000

        Start LR calculation for the wannier #  3   iq =  8   spin =  1

        SYM : iwann=     3 iq =     8 weight =   0.12500000

      iter #   1 total cpu time :   751.6 secs   av.it.:  13.0
      thresh= 1.000E-06 alpha_mix =  0.700 |ddv_scf|^2 =  3.634E-07

      iter #   2 total cpu time :   752.2 secs   av.it.:  12.9
      thresh= 1.000E-06 alpha_mix =  0.700 |ddv_scf|^2 =  2.627E-07

      iter #   3 total cpu time :   752.7 secs   av.it.:  11.9
      thresh= 1.000E-06 alpha_mix =  0.700 |ddv_scf|^2 =  1.307E-10

      iter #   4 total cpu time :   753.2 secs   av.it.:  11.1
      thresh= 1.143E-07 alpha_mix =  0.700 |ddv_scf|^2 =  3.353E-12

      iter #   5 total cpu time :   753.8 secs   av.it.:  11.6
      thresh= 1.831E-08 alpha_mix =  0.700 |ddv_scf|^2 =  1.026E-13

      iter #   6 total cpu time :   754.3 secs   av.it.:  12.8
      thresh= 3.204E-09 alpha_mix =  0.700 |ddv_scf|^2 =  6.309E-15

      iter #   7 total cpu time :   754.9 secs   av.it.:  12.8
      thresh= 7.943E-10 alpha_mix =  0.700 |ddv_scf|^2 =  1.022E-15

      iter #   8 total cpu time :   755.4 secs   av.it.:  11.8
      thresh= 3.197E-10 alpha_mix =  0.700 |ddv_scf|^2 =  2.691E-16

      iter #   9 total cpu time :   756.0 secs   av.it.:  12.2
      thresh= 1.640E-10 alpha_mix =  0.700 |ddv_scf|^2 =  8.169E-18

      iter #  10 total cpu time :   756.6 secs   av.it.:  12.8
      thresh= 2.858E-11 alpha_mix =  0.700 |ddv_scf|^2 =  7.563E-19

      iter #  11 total cpu time :   757.1 secs   av.it.:  12.0
      thresh= 8.697E-12 alpha_mix =  0.700 |ddv_scf|^2 =  2.858E-20

        iq =   8   iwann =   3   rPi_q =     0.02426663     0.00000000   uPi_q =     0.06482559    -0.00000000   SH_q =     0.04036068     0.00000000

        Start LR calculation for the wannier #  4   iq =  8   spin =  1

        SYM : iwann=     4 iq =     8 weight =   0.12500000

      iter #   1 total cpu time :   757.7 secs   av.it.:  13.0
      thresh= 1.000E-06 alpha_mix =  0.700 |ddv_scf|^2 =  3.634E-07

      iter #   2 total cpu time :   758.2 secs   av.it.:  12.9
      thresh= 1.000E-06 alpha_mix =  0.700 |ddv_scf|^2 =  2.627E-07

      iter #   3 total cpu time :   758.8 secs   av.it.:  11.9
      thresh= 1.000E-06 alpha_mix =  0.700 |ddv_scf|^2 =  1.307E-10

      iter #   4 total cpu time :   759.3 secs   av.it.:  11.1
      thresh= 1.143E-07 alpha_mix =  0.700 |ddv_scf|^2 =  3.353E-12

      iter #   5 total cpu time :   759.8 secs   av.it.:  11.6
      thresh= 1.831E-08 alpha_mix =  0.700 |ddv_scf|^2 =  1.026E-13

      iter #   6 total cpu time :   760.4 secs   av.it.:  12.8
      thresh= 3.204E-09 alpha_mix =  0.700 |ddv_scf|^2 =  6.301E-15

      iter #   7 total cpu time :   761.0 secs   av.it.:  12.6
      thresh= 7.938E-10 alpha_mix =  0.700 |ddv_scf|^2 =  9.513E-16

      iter #   8 total cpu time :   761.5 secs   av.it.:  11.8
      thresh= 3.084E-10 alpha_mix =  0.700 |ddv_scf|^2 =  2.812E-16

      iter #   9 total cpu time :   762.1 secs   av.it.:  12.2
      thresh= 1.677E-10 alpha_mix =  0.700 |ddv_scf|^2 =  8.251E-18

      iter #  10 total cpu time :   762.6 secs   av.it.:  12.8
      thresh= 2.872E-11 alpha_mix =  0.700 |ddv_scf|^2 =  7.573E-19

      iter #  11 total cpu time :   763.2 secs   av.it.:  12.0
      thresh= 8.702E-12 alpha_mix =  0.700 |ddv_scf|^2 =  2.951E-20

        iq =   8   iwann =   4   rPi_q =     0.02426663     0.00000000   uPi_q =     0.06482559    -0.00000000   SH_q =     0.04036068     0.00000000

        Start LR calculation for the wannier #  5   iq =  8   spin =  1

        SYM : iwann=     5 iq =     8 weight =   0.12500000

      iter #   1 total cpu time :   763.8 secs   av.it.:  13.0
      thresh= 1.000E-06 alpha_mix =  0.700 |ddv_scf|^2 =  1.975E-06

      iter #   2 total cpu time :   764.4 secs   av.it.:  13.9
      thresh= 1.000E-06 alpha_mix =  0.700 |ddv_scf|^2 =  1.065E-05

      iter #   3 total cpu time :   765.0 secs   av.it.:  13.8
      thresh= 1.000E-06 alpha_mix =  0.700 |ddv_scf|^2 =  2.764E-10

      iter #   4 total cpu time :   765.5 secs   av.it.:  12.0
      thresh= 1.663E-07 alpha_mix =  0.700 |ddv_scf|^2 =  2.572E-11

      iter #   5 total cpu time :   766.0 secs   av.it.:  11.8
      thresh= 5.072E-08 alpha_mix =  0.700 |ddv_scf|^2 =  6.522E-13

      iter #   6 total cpu time :   766.6 secs   av.it.:  12.6
      thresh= 8.076E-09 alpha_mix =  0.700 |ddv_scf|^2 =  1.374E-14

      iter #   7 total cpu time :   767.2 secs   av.it.:  12.4
      thresh= 1.172E-09 alpha_mix =  0.700 |ddv_scf|^2 =  1.402E-15

      iter #   8 total cpu time :   767.8 secs   av.it.:  12.6
      thresh= 3.745E-10 alpha_mix =  0.700 |ddv_scf|^2 =  2.794E-17

      iter #   9 total cpu time :   768.3 secs   av.it.:  12.0
      thresh= 5.286E-11 alpha_mix =  0.700 |ddv_scf|^2 =  2.736E-18

      iter #  10 total cpu time :   768.9 secs   av.it.:  12.8
      thresh= 1.654E-11 alpha_mix =  0.700 |ddv_scf|^2 =  1.129E-19

        iq =   8   iwann =   5   rPi_q =     0.00998928     0.00000000   uPi_q =     0.05952972    -0.00000000   SH_q =     0.03746746     0.00000000

        Start LR calculation for the wannier #  6   iq =  8   spin =  1

        SYM : iwann=     6 iq =     8 weight =   0.12500000

      iter #   1 total cpu time :   769.6 secs   av.it.:  13.0
      thresh= 1.000E-06 alpha_mix =  0.700 |ddv_scf|^2 =  1.975E-06

      iter #   2 total cpu time :   770.2 secs   av.it.:  13.9
      thresh= 1.000E-06 alpha_mix =  0.700 |ddv_scf|^2 =  1.065E-05

      iter #   3 total cpu time :   770.8 secs   av.it.:  13.8
      thresh= 1.000E-06 alpha_mix =  0.700 |ddv_scf|^2 =  2.764E-10

      iter #   4 total cpu time :   771.3 secs   av.it.:  12.0
      thresh= 1.663E-07 alpha_mix =  0.700 |ddv_scf|^2 =  2.572E-11

      iter #   5 total cpu time :   771.8 secs   av.it.:  11.9
      thresh= 5.072E-08 alpha_mix =  0.700 |ddv_scf|^2 =  6.522E-13

      iter #   6 total cpu time :   772.4 secs   av.it.:  12.6
      thresh= 8.076E-09 alpha_mix =  0.700 |ddv_scf|^2 =  1.374E-14

      iter #   7 total cpu time :   773.0 secs   av.it.:  12.4
      thresh= 1.172E-09 alpha_mix =  0.700 |ddv_scf|^2 =  1.402E-15

      iter #   8 total cpu time :   773.5 secs   av.it.:  12.6
      thresh= 3.745E-10 alpha_mix =  0.700 |ddv_scf|^2 =  2.794E-17

      iter #   9 total cpu time :   774.1 secs   av.it.:  12.0
      thresh= 5.286E-11 alpha_mix =  0.700 |ddv_scf|^2 =  2.736E-18

      iter #  10 total cpu time :   774.7 secs   av.it.:  12.8
      thresh= 1.654E-11 alpha_mix =  0.700 |ddv_scf|^2 =  1.129E-19

        iq =   8   iwann =   6   rPi_q =     0.00998929     0.00000000   uPi_q =     0.05952972    -0.00000000   SH_q =     0.03746746    -0.00000000

        Start LR calculation for the wannier #  7   iq =  8   spin =  1

        SYM : iwann=     7 iq =     8 weight =   0.12500000

      iter #   1 total cpu time :   775.2 secs   av.it.:  13.2
      thresh= 1.000E-06 alpha_mix =  0.700 |ddv_scf|^2 =  3.634E-07

      iter #   2 total cpu time :   775.8 secs   av.it.:  13.0
      thresh= 1.000E-06 alpha_mix =  0.700 |ddv_scf|^2 =  2.627E-07

      iter #   3 total cpu time :   776.4 secs   av.it.:  12.0
      thresh= 1.000E-06 alpha_mix =  0.700 |ddv_scf|^2 =  1.307E-10

      iter #   4 total cpu time :   776.9 secs   av.it.:  11.5
      thresh= 1.143E-07 alpha_mix =  0.700 |ddv_scf|^2 =  3.352E-12

      iter #   5 total cpu time :   777.5 secs   av.it.:  11.8
      thresh= 1.831E-08 alpha_mix =  0.700 |ddv_scf|^2 =  1.026E-13

      iter #   6 total cpu time :   778.1 secs   av.it.:  12.8
      thresh= 3.203E-09 alpha_mix =  0.700 |ddv_scf|^2 =  6.321E-15

      iter #   7 total cpu time :   778.7 secs   av.it.:  12.8
      thresh= 7.951E-10 alpha_mix =  0.700 |ddv_scf|^2 =  1.114E-15

      iter #   8 total cpu time :   779.3 secs   av.it.:  11.8
      thresh= 3.337E-10 alpha_mix =  0.700 |ddv_scf|^2 =  2.556E-16

      iter #   9 total cpu time :   779.9 secs   av.it.:  12.2
      thresh= 1.599E-10 alpha_mix =  0.700 |ddv_scf|^2 =  8.065E-18

      iter #  10 total cpu time :   780.4 secs   av.it.:  12.8
      thresh= 2.840E-11 alpha_mix =  0.700 |ddv_scf|^2 =  7.543E-19

      iter #  11 total cpu time :   781.0 secs   av.it.:  12.0
      thresh= 8.685E-12 alpha_mix =  0.700 |ddv_scf|^2 =  2.746E-20

        iq =   8   iwann =   7   rPi_q =     0.02427832     0.00000000   uPi_q =     0.06483565    -0.00000000   SH_q =     0.04036068     0.00000000

        Start LR calculation for the wannier #  8   iq =  8   spin =  1

        SYM : iwann=     8 iq =     8 weight =   0.12500000

      iter #   1 total cpu time :   781.6 secs   av.it.:  13.2
      thresh= 1.000E-06 alpha_mix =  0.700 |ddv_scf|^2 =  3.634E-07

      iter #   2 total cpu time :   782.2 secs   av.it.:  13.0
      thresh= 1.000E-06 alpha_mix =  0.700 |ddv_scf|^2 =  2.627E-07

      iter #   3 total cpu time :   782.8 secs   av.it.:  12.0
      thresh= 1.000E-06 alpha_mix =  0.700 |ddv_scf|^2 =  1.307E-10

      iter #   4 total cpu time :   783.3 secs   av.it.:  11.5
      thresh= 1.143E-07 alpha_mix =  0.700 |ddv_scf|^2 =  3.352E-12

      iter #   5 total cpu time :   783.9 secs   av.it.:  11.8
      thresh= 1.831E-08 alpha_mix =  0.700 |ddv_scf|^2 =  1.026E-13

      iter #   6 total cpu time :   784.4 secs   av.it.:  12.8
      thresh= 3.203E-09 alpha_mix =  0.700 |ddv_scf|^2 =  6.294E-15

      iter #   7 total cpu time :   785.0 secs   av.it.:  12.8
      thresh= 7.933E-10 alpha_mix =  0.700 |ddv_scf|^2 =  8.634E-16

      iter #   8 total cpu time :   785.6 secs   av.it.:  11.8
      thresh= 2.938E-10 alpha_mix =  0.700 |ddv_scf|^2 =  2.991E-16

      iter #   9 total cpu time :   786.1 secs   av.it.:  12.2
      thresh= 1.730E-10 alpha_mix =  0.700 |ddv_scf|^2 =  8.357E-18

      iter #  10 total cpu time :   786.7 secs   av.it.:  12.8
      thresh= 2.891E-11 alpha_mix =  0.700 |ddv_scf|^2 =  7.579E-19

      iter #  11 total cpu time :   787.3 secs   av.it.:  12.0
      thresh= 8.706E-12 alpha_mix =  0.700 |ddv_scf|^2 =  3.076E-20

        iq =   8   iwann =   8   rPi_q =     0.02427832     0.00000000   uPi_q =     0.06483565    -0.00000000   SH_q =     0.04036068    -0.00000000

        Start LR calculation for the wannier #  9   iq =  8   spin =  1

        SYM : iwann=     9 iq =     8 weight =   0.12500000

      iter #   1 total cpu time :   787.8 secs   av.it.:  12.9
      thresh= 1.000E-06 alpha_mix =  0.700 |ddv_scf|^2 =  2.281E-07

      iter #   2 total cpu time :   788.4 secs   av.it.:  12.8
      thresh= 1.000E-06 alpha_mix =  0.700 |ddv_scf|^2 =  1.693E-07

      iter #   3 total cpu time :   789.0 secs   av.it.:  12.2
      thresh= 1.000E-06 alpha_mix =  0.700 |ddv_scf|^2 =  9.348E-12

      iter #   4 total cpu time :   789.5 secs   av.it.:  11.8
      thresh= 3.058E-08 alpha_mix =  0.700 |ddv_scf|^2 =  3.607E-13

      iter #   5 total cpu time :   790.1 secs   av.it.:  12.8
      thresh= 6.006E-09 alpha_mix =  0.700 |ddv_scf|^2 =  5.060E-13

      iter #   6 total cpu time :   790.6 secs   av.it.:  11.9
      thresh= 7.113E-09 alpha_mix =  0.700 |ddv_scf|^2 =  5.749E-14

      iter #   7 total cpu time :   791.2 secs   av.it.:  12.1
      thresh= 2.398E-09 alpha_mix =  0.700 |ddv_scf|^2 =  3.169E-15

      iter #   8 total cpu time :   791.8 secs   av.it.:  12.1
      thresh= 5.630E-10 alpha_mix =  0.700 |ddv_scf|^2 =  2.555E-17

      iter #   9 total cpu time :   792.3 secs   av.it.:  12.5
      thresh= 5.055E-11 alpha_mix =  0.700 |ddv_scf|^2 =  3.415E-18

      iter #  10 total cpu time :   792.9 secs   av.it.:  12.6
      thresh= 1.848E-11 alpha_mix =  0.700 |ddv_scf|^2 =  2.493E-20

        iq =   8   iwann =   9   rPi_q =     0.01020515     0.00000000   uPi_q =     0.03117252    -0.00000000   SH_q =     0.01954974     0.00000000

        Start LR calculation for the wannier # 10   iq =  8   spin =  1

        SYM : iwann=    10 iq =     8 weight =   0.12500000

      iter #   1 total cpu time :   793.4 secs   av.it.:  12.8
      thresh= 1.000E-06 alpha_mix =  0.700 |ddv_scf|^2 =  2.281E-07

      iter #   2 total cpu time :   794.0 secs   av.it.:  12.8
      thresh= 1.000E-06 alpha_mix =  0.700 |ddv_scf|^2 =  1.693E-07

      iter #   3 total cpu time :   794.6 secs   av.it.:  12.2
      thresh= 1.000E-06 alpha_mix =  0.700 |ddv_scf|^2 =  9.348E-12

      iter #   4 total cpu time :   795.2 secs   av.it.:  11.8
      thresh= 3.058E-08 alpha_mix =  0.700 |ddv_scf|^2 =  3.617E-13

      iter #   5 total cpu time :   795.7 secs   av.it.:  12.8
      thresh= 6.014E-09 alpha_mix =  0.700 |ddv_scf|^2 =  5.087E-13

      iter #   6 total cpu time :   796.3 secs   av.it.:  11.9
      thresh= 7.132E-09 alpha_mix =  0.700 |ddv_scf|^2 =  5.722E-14

      iter #   7 total cpu time :   796.8 secs   av.it.:  12.1
      thresh= 2.392E-09 alpha_mix =  0.700 |ddv_scf|^2 =  3.169E-15

      iter #   8 total cpu time :   797.4 secs   av.it.:  12.2
      thresh= 5.629E-10 alpha_mix =  0.700 |ddv_scf|^2 =  2.555E-17

      iter #   9 total cpu time :   798.0 secs   av.it.:  12.5
      thresh= 5.055E-11 alpha_mix =  0.700 |ddv_scf|^2 =  3.415E-18

      iter #  10 total cpu time :   798.5 secs   av.it.:  12.6
      thresh= 1.848E-11 alpha_mix =  0.700 |ddv_scf|^2 =  2.493E-20

        iq =   8   iwann =  10   rPi_q =     0.01020515     0.00000000   uPi_q =     0.03117253    -0.00000000   SH_q =     0.01954974     0.00000000

        Start LR calculation for the wannier # 11   iq =  8   spin =  1

        SYM : iwann=    11 iq =     8 weight =   0.12500000

      iter #   1 total cpu time :   799.1 secs   av.it.:  12.5
      thresh= 1.000E-06 alpha_mix =  0.700 |ddv_scf|^2 =  9.441E-08

      iter #   2 total cpu time :   799.7 secs   av.it.:  12.6
      thresh= 1.000E-06 alpha_mix =  0.700 |ddv_scf|^2 =  4.919E-07

      iter #   3 total cpu time :   800.2 secs   av.it.:  12.2
      thresh= 1.000E-06 alpha_mix =  0.700 |ddv_scf|^2 =  4.027E-10

      iter #   4 total cpu time :   800.8 secs   av.it.:  11.8
      thresh= 2.007E-07 alpha_mix =  0.700 |ddv_scf|^2 =  2.494E-12

      iter #   5 total cpu time :   801.4 secs   av.it.:  11.9
      thresh= 1.579E-08 alpha_mix =  0.700 |ddv_scf|^2 =  2.625E-13

      iter #   6 total cpu time :   802.0 secs   av.it.:  12.8
      thresh= 5.124E-09 alpha_mix =  0.700 |ddv_scf|^2 =  5.031E-15

      iter #   7 total cpu time :   802.5 secs   av.it.:  12.9
      thresh= 7.093E-10 alpha_mix =  0.700 |ddv_scf|^2 =  4.873E-16

      iter #   8 total cpu time :   803.1 secs   av.it.:  12.5
      thresh= 2.208E-10 alpha_mix =  0.700 |ddv_scf|^2 =  1.783E-16

      iter #   9 total cpu time :   803.7 secs   av.it.:  12.4
      thresh= 1.335E-10 alpha_mix =  0.700 |ddv_scf|^2 =  3.227E-17

      iter #  10 total cpu time :   804.2 secs   av.it.:  12.2
      thresh= 5.681E-11 alpha_mix =  0.700 |ddv_scf|^2 =  6.777E-18

      iter #  11 total cpu time :   804.8 secs   av.it.:  11.9
      thresh= 2.603E-11 alpha_mix =  0.700 |ddv_scf|^2 =  4.626E-19

        iq =   8   iwann =  11   rPi_q =     0.00000283    -0.00000000   uPi_q =     0.00568626    -0.00000000   SH_q =     0.00612170    -0.00000000

        Start LR calculation for the wannier # 12   iq =  8   spin =  1

        SYM : iwann=    12 iq =     8 weight =   0.12500000

      iter #   1 total cpu time :   805.3 secs   av.it.:  12.5
      thresh= 1.000E-06 alpha_mix =  0.700 |ddv_scf|^2 =  9.441E-08

      iter #   2 total cpu time :   805.9 secs   av.it.:  12.6
      thresh= 1.000E-06 alpha_mix =  0.700 |ddv_scf|^2 =  4.919E-07

      iter #   3 total cpu time :   806.5 secs   av.it.:  12.2
      thresh= 1.000E-06 alpha_mix =  0.700 |ddv_scf|^2 =  4.027E-10

      iter #   4 total cpu time :   807.0 secs   av.it.:  11.8
      thresh= 2.007E-07 alpha_mix =  0.700 |ddv_scf|^2 =  2.494E-12

      iter #   5 total cpu time :   807.6 secs   av.it.:  11.9
      thresh= 1.579E-08 alpha_mix =  0.700 |ddv_scf|^2 =  2.625E-13

      iter #   6 total cpu time :   808.2 secs   av.it.:  12.8
      thresh= 5.124E-09 alpha_mix =  0.700 |ddv_scf|^2 =  5.031E-15

      iter #   7 total cpu time :   808.7 secs   av.it.:  12.9
      thresh= 7.093E-10 alpha_mix =  0.700 |ddv_scf|^2 =  4.876E-16

      iter #   8 total cpu time :   809.3 secs   av.it.:  12.4
      thresh= 2.208E-10 alpha_mix =  0.700 |ddv_scf|^2 =  1.785E-16

      iter #   9 total cpu time :   809.8 secs   av.it.:  12.2
      thresh= 1.336E-10 alpha_mix =  0.700 |ddv_scf|^2 =  3.225E-17

      iter #  10 total cpu time :   810.4 secs   av.it.:  12.0
      thresh= 5.679E-11 alpha_mix =  0.700 |ddv_scf|^2 =  6.779E-18

      iter #  11 total cpu time :   810.9 secs   av.it.:  12.1
      thresh= 2.604E-11 alpha_mix =  0.700 |ddv_scf|^2 =  4.626E-19

        iq =   8   iwann =  12   rPi_q =     0.00000283    -0.00000000   uPi_q =     0.00568626    -0.00000000   SH_q =     0.00612170    -0.00000000

        Start LR calculation for the wannier # 13   iq =  8   spin =  1

        SYM : iwann=    13 iq =     8 weight =   0.12500000

      iter #   1 total cpu time :   811.5 secs   av.it.:  12.9
      thresh= 1.000E-06 alpha_mix =  0.700 |ddv_scf|^2 =  2.281E-07

      iter #   2 total cpu time :   812.1 secs   av.it.:  12.8
      thresh= 1.000E-06 alpha_mix =  0.700 |ddv_scf|^2 =  1.693E-07

      iter #   3 total cpu time :   812.6 secs   av.it.:  12.2
      thresh= 1.000E-06 alpha_mix =  0.700 |ddv_scf|^2 =  9.353E-12

      iter #   4 total cpu time :   813.2 secs   av.it.:  11.8
      thresh= 3.058E-08 alpha_mix =  0.700 |ddv_scf|^2 =  3.638E-13

      iter #   5 total cpu time :   813.7 secs   av.it.:  12.6
      thresh= 6.031E-09 alpha_mix =  0.700 |ddv_scf|^2 =  5.154E-13

      iter #   6 total cpu time :   814.3 secs   av.it.:  11.9
      thresh= 7.179E-09 alpha_mix =  0.700 |ddv_scf|^2 =  5.669E-14

      iter #   7 total cpu time :   814.8 secs   av.it.:  12.1
      thresh= 2.381E-09 alpha_mix =  0.700 |ddv_scf|^2 =  3.162E-15

      iter #   8 total cpu time :   815.4 secs   av.it.:  12.2
      thresh= 5.624E-10 alpha_mix =  0.700 |ddv_scf|^2 =  2.596E-17

      iter #   9 total cpu time :   815.9 secs   av.it.:  12.5
      thresh= 5.095E-11 alpha_mix =  0.700 |ddv_scf|^2 =  3.486E-18

      iter #  10 total cpu time :   816.5 secs   av.it.:  12.8
      thresh= 1.867E-11 alpha_mix =  0.700 |ddv_scf|^2 =  2.590E-20

        iq =   8   iwann =  13   rPi_q =     0.01019284     0.00000000   uPi_q =     0.03116156    -0.00000000   SH_q =     0.01954974    -0.00000000

        Start LR calculation for the wannier # 14   iq =  8   spin =  1

        SYM : iwann=    14 iq =     8 weight =   0.12500000

      iter #   1 total cpu time :   817.1 secs   av.it.:  12.8
      thresh= 1.000E-06 alpha_mix =  0.700 |ddv_scf|^2 =  2.281E-07

      iter #   2 total cpu time :   817.7 secs   av.it.:  12.8
      thresh= 1.000E-06 alpha_mix =  0.700 |ddv_scf|^2 =  1.693E-07

      iter #   3 total cpu time :   818.2 secs   av.it.:  12.2
      thresh= 1.000E-06 alpha_mix =  0.700 |ddv_scf|^2 =  9.352E-12

      iter #   4 total cpu time :   818.7 secs   av.it.:  11.8
      thresh= 3.058E-08 alpha_mix =  0.700 |ddv_scf|^2 =  3.617E-13

      iter #   5 total cpu time :   819.3 secs   av.it.:  12.6
      thresh= 6.014E-09 alpha_mix =  0.700 |ddv_scf|^2 =  5.093E-13

      iter #   6 total cpu time :   819.8 secs   av.it.:  11.9
      thresh= 7.137E-09 alpha_mix =  0.700 |ddv_scf|^2 =  5.729E-14

      iter #   7 total cpu time :   820.4 secs   av.it.:  12.1
      thresh= 2.394E-09 alpha_mix =  0.700 |ddv_scf|^2 =  3.163E-15

      iter #   8 total cpu time :   820.9 secs   av.it.:  12.2
      thresh= 5.624E-10 alpha_mix =  0.700 |ddv_scf|^2 =  2.596E-17

      iter #   9 total cpu time :   821.5 secs   av.it.:  12.5
      thresh= 5.095E-11 alpha_mix =  0.700 |ddv_scf|^2 =  3.486E-18

      iter #  10 total cpu time :   822.1 secs   av.it.:  12.8
      thresh= 1.867E-11 alpha_mix =  0.700 |ddv_scf|^2 =  2.591E-20

        iq =   8   iwann =  14   rPi_q =     0.01019284     0.00000000   uPi_q =     0.03116156    -0.00000000   SH_q =     0.01954974    -0.00000000

        Start LR calculation for the wannier # 15   iq =  8   spin =  1

        SYM : iwann=    15 iq =     8 weight =   0.12500000

      iter #   1 total cpu time :   822.7 secs   av.it.:  12.8
      thresh= 1.000E-06 alpha_mix =  0.700 |ddv_scf|^2 =  2.281E-07

      iter #   2 total cpu time :   823.2 secs   av.it.:  12.8
      thresh= 1.000E-06 alpha_mix =  0.700 |ddv_scf|^2 =  1.693E-07

      iter #   3 total cpu time :   823.8 secs   av.it.:  12.2
      thresh= 1.000E-06 alpha_mix =  0.700 |ddv_scf|^2 =  9.366E-12

      iter #   4 total cpu time :   824.3 secs   av.it.:  11.8
      thresh= 3.060E-08 alpha_mix =  0.700 |ddv_scf|^2 =  3.647E-13

      iter #   5 total cpu time :   824.9 secs   av.it.:  12.6
      thresh= 6.039E-09 alpha_mix =  0.700 |ddv_scf|^2 =  5.164E-13

      iter #   6 total cpu time :   825.4 secs   av.it.:  11.9
      thresh= 7.186E-09 alpha_mix =  0.700 |ddv_scf|^2 =  5.763E-14

      iter #   7 total cpu time :   826.0 secs   av.it.:  12.1
      thresh= 2.401E-09 alpha_mix =  0.700 |ddv_scf|^2 =  3.175E-15

      iter #   8 total cpu time :   826.5 secs   av.it.:  12.1
      thresh= 5.635E-10 alpha_mix =  0.700 |ddv_scf|^2 =  2.618E-17

      iter #   9 total cpu time :   827.1 secs   av.it.:  12.4
      thresh= 5.117E-11 alpha_mix =  0.700 |ddv_scf|^2 =  3.529E-18

      iter #  10 total cpu time :   827.7 secs   av.it.:  12.6
      thresh= 1.878E-11 alpha_mix =  0.700 |ddv_scf|^2 =  2.658E-20

        iq =   8   iwann =  15   rPi_q =     0.01018136     0.00000000   uPi_q =     0.03115284    -0.00000000   SH_q =     0.01954975     0.00000000

        Start LR calculation for the wannier # 16   iq =  8   spin =  1

        SYM : iwann=    16 iq =     8 weight =   0.12500000

      iter #   1 total cpu time :   828.3 secs   av.it.:  12.6
      thresh= 1.000E-06 alpha_mix =  0.700 |ddv_scf|^2 =  2.281E-07

      iter #   2 total cpu time :   828.9 secs   av.it.:  12.8
      thresh= 1.000E-06 alpha_mix =  0.700 |ddv_scf|^2 =  1.693E-07

      iter #   3 total cpu time :   829.5 secs   av.it.:  12.2
      thresh= 1.000E-06 alpha_mix =  0.700 |ddv_scf|^2 =  9.366E-12

      iter #   4 total cpu time :   830.0 secs   av.it.:  11.8
      thresh= 3.060E-08 alpha_mix =  0.700 |ddv_scf|^2 =  3.650E-13

      iter #   5 total cpu time :   830.6 secs   av.it.:  12.6
      thresh= 6.042E-09 alpha_mix =  0.700 |ddv_scf|^2 =  5.174E-13

      iter #   6 total cpu time :   831.1 secs   av.it.:  11.9
      thresh= 7.193E-09 alpha_mix =  0.700 |ddv_scf|^2 =  5.752E-14

      iter #   7 total cpu time :   831.7 secs   av.it.:  12.1
      thresh= 2.398E-09 alpha_mix =  0.700 |ddv_scf|^2 =  3.175E-15

      iter #   8 total cpu time :   832.3 secs   av.it.:  12.1
      thresh= 5.635E-10 alpha_mix =  0.700 |ddv_scf|^2 =  2.618E-17

      iter #   9 total cpu time :   832.8 secs   av.it.:  12.4
      thresh= 5.117E-11 alpha_mix =  0.700 |ddv_scf|^2 =  3.529E-18

      iter #  10 total cpu time :   833.4 secs   av.it.:  12.6
      thresh= 1.878E-11 alpha_mix =  0.700 |ddv_scf|^2 =  2.658E-20

        iq =   8   iwann =  16   rPi_q =     0.01018136     0.00000000   uPi_q =     0.03115284    -0.00000000   SH_q =     0.01954975     0.00000000


     INFO: LR CALCULATION ... DONE





        iwann  =     1   relaxed =      0.12823042   unrelaxed =      0.41956369   alpha =  0.30562802   self Hartree =  0.27287314

        iwann  =     2   relaxed =      0.12823044   unrelaxed =      0.41956370   alpha =  0.30562805   self Hartree =  0.27287314

        iwann  =     3   relaxed =      0.12821749   unrelaxed =      0.41955008   alpha =  0.30560713   self Hartree =  0.27287313

        iwann  =     4   relaxed =      0.12821746   unrelaxed =      0.41955008   alpha =  0.30560705   self Hartree =  0.27287314

        iwann  =     5   relaxed =      0.12822466   unrelaxed =      0.41955547   alpha =  0.30562028   self Hartree =  0.27287314

        iwann  =     6   relaxed =      0.12822476   unrelaxed =      0.41955547   alpha =  0.30562052   self Hartree =  0.27287314

        iwann  =     7   relaxed =      0.12831162   unrelaxed =      0.41963318   alpha =  0.30577091   self Hartree =  0.27287314

        iwann  =     8   relaxed =      0.12831162   unrelaxed =      0.41963318   alpha =  0.30577091   self Hartree =  0.27287314

        iwann  =     9   relaxed =      0.03121890   unrelaxed =      0.12981834   alpha =  0.24048140   self Hartree =  0.09535598

        iwann  =    10   relaxed =      0.03121891   unrelaxed =      0.12981839   alpha =  0.24048144   self Hartree =  0.09535601

        iwann  =    11   relaxed =      0.03099451   unrelaxed =      0.12963112   alpha =  0.23909778   self Hartree =  0.09535605

        iwann  =    12   relaxed =      0.03099447   unrelaxed =      0.12963107   alpha =  0.23909756   self Hartree =  0.09535602

        iwann  =    13   relaxed =      0.03110215   unrelaxed =      0.12972064   alpha =  0.23976255   self Hartree =  0.09535598

        iwann  =    14   relaxed =      0.03110214   unrelaxed =      0.12972065   alpha =  0.23976247   self Hartree =  0.09535600

        iwann  =    15   relaxed =      0.03101448   unrelaxed =      0.12965267   alpha =  0.23921207   self Hartree =  0.09535604

        iwann  =    16   relaxed =      0.03101447   unrelaxed =      0.12965262   alpha =  0.23921206   self Hartree =  0.09535601





     init_run     :      0.10s CPU      0.11s WALL (       8 calls)
     electrons    :     11.69s CPU     12.07s WALL (       8 calls)

     Called by init_run:
     wfcinit      :      0.00s CPU      0.00s WALL (       8 calls)
     wfcinit:atom :      0.01s CPU      0.01s WALL (     240 calls)
     wfcinit:wfcr :      1.15s CPU      1.21s WALL (     240 calls)
     potinit      :      0.01s CPU      0.01s WALL (       8 calls)
     hinit0       :      0.07s CPU      0.08s WALL (       8 calls)

     Called by electrons:
     c_bands      :     11.69s CPU     12.07s WALL (       8 calls)
     v_of_rho     :      0.01s CPU      0.01s WALL (       9 calls)
     v_h          :      0.00s CPU      0.00s WALL (       9 calls)
     v_xc         :      0.01s CPU      0.01s WALL (       9 calls)

     Called by c_bands:
     init_us_2    :      1.38s CPU      1.46s WALL (   23536 calls)
     cegterg      :      9.90s CPU     10.20s WALL (     240 calls)

     Called by sum_band:

     Called by *egterg:
     cdiaghg      :      1.17s CPU      1.21s WALL (    2790 calls)
     cegterg:over :      0.72s CPU      0.74s WALL (    2550 calls)
     cegterg:upda :      0.43s CPU      0.45s WALL (    2550 calls)
     cegterg:last :      0.30s CPU      0.30s WALL (     930 calls)
     h_psi        :    665.47s CPU    692.75s WALL (  327064 calls)
     g_psi        :      0.03s CPU      0.03s WALL (    2550 calls)

     Called by h_psi:
     h_psi:calbec :     77.37s CPU     80.64s WALL (  327064 calls)
     vloc_psi     :    485.79s CPU    505.81s WALL (  327064 calls)
                                        0.00s GPU  (  327064 calls)
     add_vuspsi   :    100.18s CPU    104.12s WALL (  327064 calls)

     General routines
     calbec       :     76.91s CPU     80.23s WALL (  327064 calls)
     fft          :      0.44s CPU      0.46s WALL (    4431 calls)
     ffts         :      0.15s CPU      0.20s WALL (    2816 calls)
     fftw         :    457.97s CPU    477.47s WALL (11093592 calls)
     davcio       :      3.30s CPU      3.79s WALL (  130424 calls)

     Parallel routines

     KCW          :  13m19.06s CPU  13m53.40s WALL

     INITIALIZATION: 

     init_vloc    :      0.00s CPU      0.00s WALL (       9 calls)
     init_us_1    :      0.00s CPU      0.00s WALL (       9 calls)

     solve_linter :    786.70s CPU    820.52s WALL (     128 calls)
     kcw_run_nscf :     11.95s CPU     12.38s WALL (       8 calls)

     solve_linter :    786.70s CPU    820.52s WALL (     128 calls)
     ortho        :      1.58s CPU      1.68s WALL (   23296 calls)
     cgsolve      :    695.88s CPU    724.42s WALL (   23296 calls)
     incdrhoscf   :     42.59s CPU     44.26s WALL (   23296 calls)
                                        0.00s GPU  (   23296 calls)
     dv_of_drho   :      0.60s CPU      0.63s WALL (    1456 calls)
     mix_pot      :      1.78s CPU      2.30s WALL (    1456 calls)


     cgsolve      :    695.88s CPU    724.42s WALL (   23296 calls)
     ch_psi       :    683.91s CPU    711.94s WALL (  324034 calls)

     ch_psi       :    683.91s CPU    711.94s WALL (  324034 calls)
     h_psi        :    665.47s CPU    692.75s WALL (  327064 calls)
     last         :     23.76s CPU     24.70s WALL (  324034 calls)

     h_psi        :    665.47s CPU    692.75s WALL (  327064 calls)
     add_vuspsi   :    100.18s CPU    104.12s WALL (  327064 calls)

     incdrhoscf   :     42.59s CPU     44.26s WALL (   23296 calls)
                                        0.00s GPU  (   23296 calls)


      General routines
     calbec       :     76.91s CPU     80.23s WALL (  327064 calls)
     fft          :      0.44s CPU      0.46s WALL (    4431 calls)
     ffts         :      0.15s CPU      0.20s WALL (    2816 calls)
     fftw         :    457.97s CPU    477.47s WALL (11093592 calls)
     davcio       :      3.30s CPU      3.79s WALL (  130424 calls)


     KCW          :  13m19.06s CPU  13m53.45s WALL


   This run was terminated on:  20:50:43  16Sep2025            

=------------------------------------------------------------------------------=
   JOB DONE.
=------------------------------------------------------------------------------=
