    0.0000  -71.9863
    0.0194  -71.9863
    0.0389  -71.9863
    0.0583  -71.9863
    0.0778  -71.9863
    0.0972  -71.9862
    0.1166  -71.9862
    0.1361  -71.9862
    0.1555  -71.9861
    0.1750  -71.9861
    0.1944  -71.9860
    0.2138  -71.9859
    0.2333  -71.9859
    0.2527  -71.9858
    0.2722  -71.9857
    0.2916  -71.9857
    0.3111  -71.9856
    0.3305  -71.9855
    0.3499  -71.9854
    0.3694  -71.9854
    0.3888  -71.9853
    0.4083  -71.9852
    0.4277  -71.9851
    0.4471  -71.9850
    0.4666  -71.9850
    0.4860  -71.9849
    0.5055  -71.9848
    0.5249  -71.9848
    0.5443  -71.9848
    0.5638  -71.9848
    0.5832  -71.9847
    0.6084  -71.9847
    0.6336  -71.9848
    0.6587  -71.9848
    0.6839  -71.9848
    0.7091  -71.9849
    0.7343  -71.9849
    0.7595  -71.9850
    0.7846  -71.9850
    0.8098  -71.9850
    0.8350  -71.9850
    0.8602  -71.9850
    0.8853  -71.9850
    0.9105  -71.9850
    0.9357  -71.9850
    0.9609  -71.9849
    0.9860  -71.9848
    1.0112  -71.9847
    1.0364  -71.9846
    1.0616  -71.9845
    1.0867  -71.9843
    1.1119  -71.9842
    1.1371  -71.9841
    1.1623  -71.9839
    1.1874  -71.9838
    1.2126  -71.9836
    1.2378  -71.9835
    1.2630  -71.9834
    1.2881  -71.9833
    1.3133  -71.9833
    1.3385  -71.9833
    1.3610  -71.9833
    1.3836  -71.9833
    1.4061  -71.9834
    1.4286  -71.9834
    1.4512  -71.9835
    1.4737  -71.9836
    1.4962  -71.9837
    1.5188  -71.9838
    1.5413  -71.9839
    1.5638  -71.9840
    1.5864  -71.9842
    1.6089  -71.9843
    1.6314  -71.9845
    1.6540  -71.9847
    1.6765  -71.9849
    1.6990  -71.9851
    1.7216  -71.9854
    1.7441  -71.9857
    1.7666  -71.9861
    1.7892  -71.9864
    1.8117  -71.9868
    1.8343  -71.9872
    1.8568  -71.9875
    1.8793  -71.9878
    1.9019  -71.9880
    1.9244  -71.9882
    1.9469  -71.9884
    1.9695  -71.9885
    1.9920  -71.9886
    2.0145  -71.9886
    2.0397  -71.9885
    2.0649  -71.9884
    2.0901  -71.9882
    2.1152  -71.9880
    2.1404  -71.9876
    2.1656  -71.9873
    2.1908  -71.9869
    2.2159  -71.9864
    2.2411  -71.9860
    2.2663  -71.9856
    2.2915  -71.9854
    2.3166  -71.9852
    2.3418  -71.9850
    2.3670  -71.9850
    2.3922  -71.9849
    2.4173  -71.9849
    2.4425  -71.9850
    2.4677  -71.9850
    2.4929  -71.9851
    2.5180  -71.9852
    2.5432  -71.9854
    2.5684  -71.9855
    2.5936  -71.9857
    2.6187  -71.9858
    2.6439  -71.9859
    2.6691  -71.9861
    2.6943  -71.9862
    2.7194  -71.9862
    2.7446  -71.9863
    2.7698  -71.9863

    0.0000  -71.9794
    0.0194  -71.9794
    0.0389  -71.9794
    0.0583  -71.9794
    0.0778  -71.9794
    0.0972  -71.9795
    0.1166  -71.9795
    0.1361  -71.9796
    0.1555  -71.9797
    0.1750  -71.9797
    0.1944  -71.9798
    0.2138  -71.9799
    0.2333  -71.9800
    0.2527  -71.9801
    0.2722  -71.9802
    0.2916  -71.9803
    0.3111  -71.9804
    0.3305  -71.9806
    0.3499  -71.9807
    0.3694  -71.9808
    0.3888  -71.9809
    0.4083  -71.9810
    0.4277  -71.9811
    0.4471  -71.9812
    0.4666  -71.9813
    0.4860  -71.9814
    0.5055  -71.9815
    0.5249  -71.9815
    0.5443  -71.9816
    0.5638  -71.9816
    0.5832  -71.9816
    0.6084  -71.9816
    0.6336  -71.9817
    0.6587  -71.9817
    0.6839  -71.9818
    0.7091  -71.9820
    0.7343  -71.9821
    0.7595  -71.9822
    0.7846  -71.9824
    0.8098  -71.9825
    0.8350  -71.9826
    0.8602  -71.9827
    0.8853  -71.9828
    0.9105  -71.9828
    0.9357  -71.9827
    0.9609  -71.9827
    0.9860  -71.9825
    1.0112  -71.9824
    1.0364  -71.9822
    1.0616  -71.9819
    1.0867  -71.9817
    1.1119  -71.9814
    1.1371  -71.9811
    1.1623  -71.9808
    1.1874  -71.9806
    1.2126  -71.9803
    1.2378  -71.9801
    1.2630  -71.9800
    1.2881  -71.9798
    1.3133  -71.9798
    1.3385  -71.9797
    1.3610  -71.9798
    1.3836  -71.9798
    1.4061  -71.9800
    1.4286  -71.9801
    1.4512  -71.9803
    1.4737  -71.9806
    1.4962  -71.9809
    1.5188  -71.9812
    1.5413  -71.9815
    1.5638  -71.9819
    1.5864  -71.9823
    1.6089  -71.9827
    1.6314  -71.9832
    1.6540  -71.9836
    1.6765  -71.9840
    1.6990  -71.9844
    1.7216  -71.9847
    1.7441  -71.9850
    1.7666  -71.9852
    1.7892  -71.9853
    1.8117  -71.9855
    1.8343  -71.9856
    1.8568  -71.9857
    1.8793  -71.9858
    1.9019  -71.9859
    1.9244  -71.9860
    1.9469  -71.9861
    1.9695  -71.9861
    1.9920  -71.9861
    2.0145  -71.9861
    2.0397  -71.9861
    2.0649  -71.9861
    2.0901  -71.9860
    2.1152  -71.9859
    2.1404  -71.9857
    2.1656  -71.9856
    2.1908  -71.9854
    2.2159  -71.9852
    2.2411  -71.9850
    2.2663  -71.9847
    2.2915  -71.9843
    2.3166  -71.9838
    2.3418  -71.9834
    2.3670  -71.9829
    2.3922  -71.9824
    2.4173  -71.9820
    2.4425  -71.9816
    2.4677  -71.9812
    2.4929  -71.9808
    2.5180  -71.9805
    2.5432  -71.9803
    2.5684  -71.9801
    2.5936  -71.9799
    2.6187  -71.9797
    2.6439  -71.9796
    2.6691  -71.9795
    2.6943  -71.9795
    2.7194  -71.9794
    2.7446  -71.9794
    2.7698  -71.9794

    0.0000  -43.4984
    0.0194  -43.4984
    0.0389  -43.4984
    0.0583  -43.4984
    0.0778  -43.4984
    0.0972  -43.4984
    0.1166  -43.4984
    0.1361  -43.4984
    0.1555  -43.4984
    0.1750  -43.4984
    0.1944  -43.4984
    0.2138  -43.4984
    0.2333  -43.4984
    0.2527  -43.4984
    0.2722  -43.4984
    0.2916  -43.4984
    0.3111  -43.4984
    0.3305  -43.4984
    0.3499  -43.4984
    0.3694  -43.4984
    0.3888  -43.4984
    0.4083  -43.4984
    0.4277  -43.4985
    0.4471  -43.4985
    0.4666  -43.4985
    0.4860  -43.4985
    0.5055  -43.4985
    0.5249  -43.4985
    0.5443  -43.4985
    0.5638  -43.4985
    0.5832  -43.4985
    0.6084  -43.4985
    0.6336  -43.4985
    0.6587  -43.4986
    0.6839  -43.4986
    0.7091  -43.4987
    0.7343  -43.4988
    0.7595  -43.4988
    0.7846  -43.4989
    0.8098  -43.4989
    0.8350  -43.4989
    0.8602  -43.4989
    0.8853  -43.4988
    0.9105  -43.4986
    0.9357  -43.4984
    0.9609  -43.4981
    0.9860  -43.4978
    1.0112  -43.4974
    1.0364  -43.4969
    1.0616  -43.4964
    1.0867  -43.4959
    1.1119  -43.4953
    1.1371  -43.4947
    1.1623  -43.4941
    1.1874  -43.4935
    1.2126  -43.4929
    1.2378  -43.4924
    1.2630  -43.4918
    1.2881  -43.4913
    1.3133  -43.4909
    1.3385  -43.4907
    1.3610  -43.4907
    1.3836  -43.4909
    1.4061  -43.4912
    1.4286  -43.4915
    1.4512  -43.4919
    1.4737  -43.4923
    1.4962  -43.4927
    1.5188  -43.4931
    1.5413  -43.4936
    1.5638  -43.4940
    1.5864  -43.4945
    1.6089  -43.4949
    1.6314  -43.4953
    1.6540  -43.4958
    1.6765  -43.4962
    1.6990  -43.4966
    1.7216  -43.4970
    1.7441  -43.4974
    1.7666  -43.4977
    1.7892  -43.4981
    1.8117  -43.4984
    1.8343  -43.4986
    1.8568  -43.4989
    1.8793  -43.4991
    1.9019  -43.4993
    1.9244  -43.4994
    1.9469  -43.4995
    1.9695  -43.4996
    1.9920  -43.4997
    2.0145  -43.4997
    2.0397  -43.4997
    2.0649  -43.4996
    2.0901  -43.4994
    2.1152  -43.4993
    2.1404  -43.4990
    2.1656  -43.4988
    2.1908  -43.4985
    2.2159  -43.4982
    2.2411  -43.4979
    2.2663  -43.4976
    2.2915  -43.4974
    2.3166  -43.4972
    2.3418  -43.4970
    2.3670  -43.4968
    2.3922  -43.4967
    2.4173  -43.4967
    2.4425  -43.4967
    2.4677  -43.4968
    2.4929  -43.4968
    2.5180  -43.4970
    2.5432  -43.4971
    2.5684  -43.4973
    2.5936  -43.4975
    2.6187  -43.4977
    2.6439  -43.4979
    2.6691  -43.4980
    2.6943  -43.4982
    2.7194  -43.4983
    2.7446  -43.4983
    2.7698  -43.4984

    0.0000  -43.4911
    0.0194  -43.4910
    0.0389  -43.4908
    0.0583  -43.4905
    0.0778  -43.4901
    0.0972  -43.4895
    0.1166  -43.4889
    0.1361  -43.4881
    0.1555  -43.4873
    0.1750  -43.4863
    0.1944  -43.4853
    0.2138  -43.4843
    0.2333  -43.4831
    0.2527  -43.4820
    0.2722  -43.4808
    0.2916  -43.4796
    0.3111  -43.4784
    0.3305  -43.4772
    0.3499  -43.4761
    0.3694  -43.4749
    0.3888  -43.4743
    0.4083  -43.4748
    0.4277  -43.4753
    0.4471  -43.4758
    0.4666  -43.4762
    0.4860  -43.4765
    0.5055  -43.4768
    0.5249  -43.4771
    0.5443  -43.4773
    0.5638  -43.4774
    0.5832  -43.4774
    0.6084  -43.4774
    0.6336  -43.4775
    0.6587  -43.4775
    0.6839  -43.4776
    0.7091  -43.4777
    0.7343  -43.4778
    0.7595  -43.4779
    0.7846  -43.4781
    0.8098  -43.4782
    0.8350  -43.4783
    0.8602  -43.4784
    0.8853  -43.4785
    0.9105  -43.4786
    0.9357  -43.4789
    0.9609  -43.4799
    0.9860  -43.4809
    1.0112  -43.4818
    1.0364  -43.4827
    1.0616  -43.4835
    1.0867  -43.4843
    1.1119  -43.4850
    1.1371  -43.4857
    1.1623  -43.4863
    1.1874  -43.4868
    1.2126  -43.4874
    1.2378  -43.4879
    1.2630  -43.4883
    1.2881  -43.4888
    1.3133  -43.4892
    1.3385  -43.4894
    1.3610  -43.4893
    1.3836  -43.4892
    1.4061  -43.4891
    1.4286  -43.4890
    1.4512  -43.4889
    1.4737  -43.4888
    1.4962  -43.4888
    1.5188  -43.4888
    1.5413  -43.4888
    1.5638  -43.4888
    1.5864  -43.4889
    1.6089  -43.4890
    1.6314  -43.4891
    1.6540  -43.4893
    1.6765  -43.4894
    1.6990  -43.4896
    1.7216  -43.4898
    1.7441  -43.4900
    1.7666  -43.4902
    1.7892  -43.4904
    1.8117  -43.4906
    1.8343  -43.4908
    1.8568  -43.4910
    1.8793  -43.4912
    1.9019  -43.4913
    1.9244  -43.4914
    1.9469  -43.4915
    1.9695  -43.4916
    1.9920  -43.4916
    2.0145  -43.4917
    2.0397  -43.4916
    2.0649  -43.4915
    2.0901  -43.4914
    2.1152  -43.4912
    2.1404  -43.4910
    2.1656  -43.4907
    2.1908  -43.4905
    2.2159  -43.4902
    2.2411  -43.4899
    2.2663  -43.4897
    2.2915  -43.4894
    2.3166  -43.4892
    2.3418  -43.4891
    2.3670  -43.4890
    2.3922  -43.4889
    2.4173  -43.4889
    2.4425  -43.4890
    2.4677  -43.4891
    2.4929  -43.4892
    2.5180  -43.4894
    2.5432  -43.4896
    2.5684  -43.4898
    2.5936  -43.4901
    2.6187  -43.4903
    2.6439  -43.4905
    2.6691  -43.4907
    2.6943  -43.4909
    2.7194  -43.4910
    2.7446  -43.4911
    2.7698  -43.4911

    0.0000  -43.4735
    0.0194  -43.4735
    0.0389  -43.4735
    0.0583  -43.4735
    0.0778  -43.4734
    0.0972  -43.4734
    0.1166  -43.4733
    0.1361  -43.4732
    0.1555  -43.4731
    0.1750  -43.4730
    0.1944  -43.4730
    0.2138  -43.4729
    0.2333  -43.4728
    0.2527  -43.4727
    0.2722  -43.4726
    0.2916  -43.4726
    0.3111  -43.4727
    0.3305  -43.4729
    0.3499  -43.4733
    0.3694  -43.4737
    0.3888  -43.4743
    0.4083  -43.4748
    0.4277  -43.4753
    0.4471  -43.4757
    0.4666  -43.4762
    0.4860  -43.4765
    0.5055  -43.4768
    0.5249  -43.4771
    0.5443  -43.4772
    0.5638  -43.4774
    0.5832  -43.4774
    0.6084  -43.4774
    0.6336  -43.4774
    0.6587  -43.4775
    0.6839  -43.4776
    0.7091  -43.4776
    0.7343  -43.4777
    0.7595  -43.4778
    0.7846  -43.4778
    0.8098  -43.4778
    0.8350  -43.4777
    0.8602  -43.4777
    0.8853  -43.4775
    0.9105  -43.4778
    0.9357  -43.4786
    0.9609  -43.4786
    0.9860  -43.4786
    1.0112  -43.4786
    1.0364  -43.4786
    1.0616  -43.4785
    1.0867  -43.4784
    1.1119  -43.4783
    1.1371  -43.4782
    1.1623  -43.4780
    1.1874  -43.4779
    1.2126  -43.4778
    1.2378  -43.4777
    1.2630  -43.4776
    1.2881  -43.4776
    1.3133  -43.4775
    1.3385  -43.4775
    1.3610  -43.4775
    1.3836  -43.4776
    1.4061  -43.4777
    1.4286  -43.4778
    1.4512  -43.4780
    1.4737  -43.4782
    1.4962  -43.4784
    1.5188  -43.4787
    1.5413  -43.4790
    1.5638  -43.4793
    1.5864  -43.4796
    1.6089  -43.4799
    1.6314  -43.4803
    1.6540  -43.4807
    1.6765  -43.4811
    1.6990  -43.4814
    1.7216  -43.4818
    1.7441  -43.4822
    1.7666  -43.4826
    1.7892  -43.4830
    1.8117  -43.4834
    1.8343  -43.4837
    1.8568  -43.4840
    1.8793  -43.4843
    1.9019  -43.4845
    1.9244  -43.4847
    1.9469  -43.4849
    1.9695  -43.4850
    1.9920  -43.4851
    2.0145  -43.4851
    2.0397  -43.4851
    2.0649  -43.4850
    2.0901  -43.4848
    2.1152  -43.4845
    2.1404  -43.4842
    2.1656  -43.4839
    2.1908  -43.4834
    2.2159  -43.4829
    2.2411  -43.4824
    2.2663  -43.4818
    2.2915  -43.4812
    2.3166  -43.4806
    2.3418  -43.4800
    2.3670  -43.4793
    2.3922  -43.4787
    2.4173  -43.4781
    2.4425  -43.4775
    2.4677  -43.4769
    2.4929  -43.4764
    2.5180  -43.4759
    2.5432  -43.4755
    2.5684  -43.4751
    2.5936  -43.4747
    2.6187  -43.4744
    2.6439  -43.4741
    2.6691  -43.4739
    2.6943  -43.4737
    2.7194  -43.4736
    2.7446  -43.4735
    2.7698  -43.4735

    0.0000  -43.4735
    0.0194  -43.4735
    0.0389  -43.4735
    0.0583  -43.4734
    0.0778  -43.4734
    0.0972  -43.4733
    0.1166  -43.4733
    0.1361  -43.4732
    0.1555  -43.4731
    0.1750  -43.4730
    0.1944  -43.4729
    0.2138  -43.4729
    0.2333  -43.4728
    0.2527  -43.4727
    0.2722  -43.4726
    0.2916  -43.4726
    0.3111  -43.4727
    0.3305  -43.4729
    0.3499  -43.4733
    0.3694  -43.4737
    0.3888  -43.4739
    0.4083  -43.4729
    0.4277  -43.4719
    0.4471  -43.4711
    0.4666  -43.4710
    0.4860  -43.4709
    0.5055  -43.4709
    0.5249  -43.4709
    0.5443  -43.4708
    0.5638  -43.4708
    0.5832  -43.4708
    0.6084  -43.4708
    0.6336  -43.4708
    0.6587  -43.4709
    0.6839  -43.4709
    0.7091  -43.4710
    0.7343  -43.4711
    0.7595  -43.4717
    0.7846  -43.4726
    0.8098  -43.4735
    0.8350  -43.4746
    0.8602  -43.4757
    0.8853  -43.4767
    0.9105  -43.4774
    0.9357  -43.4771
    0.9609  -43.4769
    0.9860  -43.4766
    1.0112  -43.4763
    1.0364  -43.4759
    1.0616  -43.4756
    1.0867  -43.4752
    1.1119  -43.4748
    1.1371  -43.4744
    1.1623  -43.4741
    1.1874  -43.4737
    1.2126  -43.4734
    1.2378  -43.4732
    1.2630  -43.4730
    1.2881  -43.4728
    1.3133  -43.4727
    1.3385  -43.4727
    1.3610  -43.4727
    1.3836  -43.4727
    1.4061  -43.4728
    1.4286  -43.4728
    1.4512  -43.4729
    1.4737  -43.4731
    1.4962  -43.4733
    1.5188  -43.4735
    1.5413  -43.4738
    1.5638  -43.4741
    1.5864  -43.4744
    1.6089  -43.4748
    1.6314  -43.4752
    1.6540  -43.4755
    1.6765  -43.4759
    1.6990  -43.4763
    1.7216  -43.4766
    1.7441  -43.4769
    1.7666  -43.4773
    1.7892  -43.4775
    1.8117  -43.4778
    1.8343  -43.4781
    1.8568  -43.4783
    1.8793  -43.4785
    1.9019  -43.4787
    1.9244  -43.4790
    1.9469  -43.4792
    1.9695  -43.4794
    1.9920  -43.4795
    2.0145  -43.4795
    2.0397  -43.4795
    2.0649  -43.4793
    2.0901  -43.4790
    2.1152  -43.4785
    2.1404  -43.4780
    2.1656  -43.4773
    2.1908  -43.4766
    2.2159  -43.4760
    2.2411  -43.4755
    2.2663  -43.4749
    2.2915  -43.4743
    2.3166  -43.4737
    2.3418  -43.4732
    2.3670  -43.4727
    2.3922  -43.4722
    2.4173  -43.4719
    2.4425  -43.4716
    2.4677  -43.4714
    2.4929  -43.4714
    2.5180  -43.4714
    2.5432  -43.4716
    2.5684  -43.4718
    2.5936  -43.4721
    2.6187  -43.4724
    2.6439  -43.4727
    2.6691  -43.4730
    2.6943  -43.4732
    2.7194  -43.4734
    2.7446  -43.4735
    2.7698  -43.4735

    0.0000  -43.4638
    0.0194  -43.4638
    0.0389  -43.4639
    0.0583  -43.4641
    0.0778  -43.4644
    0.0972  -43.4647
    0.1166  -43.4650
    0.1361  -43.4655
    0.1555  -43.4660
    0.1750  -43.4665
    0.1944  -43.4671
    0.2138  -43.4677
    0.2333  -43.4683
    0.2527  -43.4689
    0.2722  -43.4695
    0.2916  -43.4701
    0.3111  -43.4706
    0.3305  -43.4710
    0.3499  -43.4712
    0.3694  -43.4712
    0.3888  -43.4712
    0.4083  -43.4712
    0.4277  -43.4711
    0.4471  -43.4711
    0.4666  -43.4710
    0.4860  -43.4709
    0.5055  -43.4709
    0.5249  -43.4708
    0.5443  -43.4708
    0.5638  -43.4708
    0.5832  -43.4708
    0.6084  -43.4708
    0.6336  -43.4706
    0.6587  -43.4704
    0.6839  -43.4701
    0.7091  -43.4700
    0.7343  -43.4707
    0.7595  -43.4711
    0.7846  -43.4712
    0.8098  -43.4713
    0.8350  -43.4713
    0.8602  -43.4714
    0.8853  -43.4714
    0.9105  -43.4714
    0.9357  -43.4713
    0.9609  -43.4713
    0.9860  -43.4712
    1.0112  -43.4710
    1.0364  -43.4709
    1.0616  -43.4707
    1.0867  -43.4705
    1.1119  -43.4703
    1.1371  -43.4701
    1.1623  -43.4699
    1.1874  -43.4698
    1.2126  -43.4696
    1.2378  -43.4695
    1.2630  -43.4693
    1.2881  -43.4692
    1.3133  -43.4692
    1.3385  -43.4692
    1.3610  -43.4692
    1.3836  -43.4691
    1.4061  -43.4691
    1.4286  -43.4690
    1.4512  -43.4689
    1.4737  -43.4688
    1.4962  -43.4687
    1.5188  -43.4685
    1.5413  -43.4684
    1.5638  -43.4683
    1.5864  -43.4682
    1.6089  -43.4683
    1.6314  -43.4686
    1.6540  -43.4690
    1.6765  -43.4696
    1.6990  -43.4704
    1.7216  -43.4712
    1.7441  -43.4721
    1.7666  -43.4730
    1.7892  -43.4739
    1.8117  -43.4748
    1.8343  -43.4756
    1.8568  -43.4763
    1.8793  -43.4770
    1.9019  -43.4775
    1.9244  -43.4780
    1.9469  -43.4782
    1.9695  -43.4784
    1.9920  -43.4785
    2.0145  -43.4785
    2.0397  -43.4785
    2.0649  -43.4784
    2.0901  -43.4781
    2.1152  -43.4778
    2.1404  -43.4775
    2.1656  -43.4770
    2.1908  -43.4765
    2.2159  -43.4758
    2.2411  -43.4750
    2.2663  -43.4742
    2.2915  -43.4733
    2.3166  -43.4724
    2.3418  -43.4715
    2.3670  -43.4707
    2.3922  -43.4698
    2.4173  -43.4690
    2.4425  -43.4683
    2.4677  -43.4676
    2.4929  -43.4670
    2.5180  -43.4664
    2.5432  -43.4659
    2.5684  -43.4654
    2.5936  -43.4650
    2.6187  -43.4647
    2.6439  -43.4644
    2.6691  -43.4642
    2.6943  -43.4640
    2.7194  -43.4639
    2.7446  -43.4638
    2.7698  -43.4638

    0.0000  -43.4638
    0.0194  -43.4638
    0.0389  -43.4639
    0.0583  -43.4641
    0.0778  -43.4643
    0.0972  -43.4647
    0.1166  -43.4650
    0.1361  -43.4655
    0.1555  -43.4659
    0.1750  -43.4665
    0.1944  -43.4670
    0.2138  -43.4676
    0.2333  -43.4683
    0.2527  -43.4689
    0.2722  -43.4695
    0.2916  -43.4701
    0.3111  -43.4706
    0.3305  -43.4710
    0.3499  -43.4711
    0.3694  -43.4712
    0.3888  -43.4712
    0.4083  -43.4712
    0.4277  -43.4711
    0.4471  -43.4710
    0.4666  -43.4703
    0.4860  -43.4697
    0.5055  -43.4691
    0.5249  -43.4687
    0.5443  -43.4684
    0.5638  -43.4682
    0.5832  -43.4682
    0.6084  -43.4682
    0.6336  -43.4685
    0.6587  -43.4688
    0.6839  -43.4693
    0.7091  -43.4698
    0.7343  -43.4694
    0.7595  -43.4689
    0.7846  -43.4684
    0.8098  -43.4678
    0.8350  -43.4672
    0.8602  -43.4665
    0.8853  -43.4658
    0.9105  -43.4651
    0.9357  -43.4643
    0.9609  -43.4635
    0.9860  -43.4627
    1.0112  -43.4619
    1.0364  -43.4611
    1.0616  -43.4603
    1.0867  -43.4595
    1.1119  -43.4587
    1.1371  -43.4580
    1.1623  -43.4574
    1.1874  -43.4568
    1.2126  -43.4562
    1.2378  -43.4558
    1.2630  -43.4555
    1.2881  -43.4552
    1.3133  -43.4550
    1.3385  -43.4550
    1.3610  -43.4550
    1.3836  -43.4552
    1.4061  -43.4555
    1.4286  -43.4559
    1.4512  -43.4563
    1.4737  -43.4569
    1.4962  -43.4575
    1.5188  -43.4581
    1.5413  -43.4588
    1.5638  -43.4595
    1.5864  -43.4601
    1.6089  -43.4607
    1.6314  -43.4611
    1.6540  -43.4613
    1.6765  -43.4613
    1.6990  -43.4612
    1.7216  -43.4610
    1.7441  -43.4608
    1.7666  -43.4605
    1.7892  -43.4601
    1.8117  -43.4598
    1.8343  -43.4595
    1.8568  -43.4592
    1.8793  -43.4589
    1.9019  -43.4587
    1.9244  -43.4585
    1.9469  -43.4583
    1.9695  -43.4582
    1.9920  -43.4581
    2.0145  -43.4581
    2.0397  -43.4581
    2.0649  -43.4582
    2.0901  -43.4583
    2.1152  -43.4584
    2.1404  -43.4586
    2.1656  -43.4588
    2.1908  -43.4591
    2.2159  -43.4594
    2.2411  -43.4597
    2.2663  -43.4601
    2.2915  -43.4605
    2.3166  -43.4609
    2.3418  -43.4614
    2.3670  -43.4618
    2.3922  -43.4623
    2.4173  -43.4627
    2.4425  -43.4631
    2.4677  -43.4634
    2.4929  -43.4636
    2.5180  -43.4638
    2.5432  -43.4639
    2.5684  -43.4640
    2.5936  -43.4640
    2.6187  -43.4640
    2.6439  -43.4639
    2.6691  -43.4639
    2.6943  -43.4638
    2.7194  -43.4638
    2.7446  -43.4638
    2.7698  -43.4638

    0.0000   -8.9924
    0.0194   -8.9920
    0.0389   -8.9909
    0.0583   -8.9891
    0.0778   -8.9865
    0.0972   -8.9833
    0.1166   -8.9793
    0.1361   -8.9746
    0.1555   -8.9693
    0.1750   -8.9633
    0.1944   -8.9567
    0.2138   -8.9496
    0.2333   -8.9418
    0.2527   -8.9336
    0.2722   -8.9250
    0.2916   -8.9159
    0.3111   -8.9065
    0.3305   -8.8969
    0.3499   -8.8871
    0.3694   -8.8773
    0.3888   -8.8676
    0.4083   -8.8580
    0.4277   -8.8488
    0.4471   -8.8401
    0.4666   -8.8321
    0.4860   -8.8249
    0.5055   -8.8187
    0.5249   -8.8137
    0.5443   -8.8100
    0.5638   -8.8077
    0.5832   -8.8069
    0.6084   -8.8067
    0.6336   -8.8060
    0.6587   -8.8049
    0.6839   -8.8032
    0.7091   -8.8010
    0.7343   -8.7983
    0.7595   -8.7949
    0.7846   -8.7909
    0.8098   -8.7862
    0.8350   -8.7808
    0.8602   -8.7747
    0.8853   -8.7677
    0.9105   -8.7599
    0.9357   -8.7513
    0.9609   -8.7419
    0.9860   -8.7316
    1.0112   -8.7204
    1.0364   -8.7085
    1.0616   -8.6958
    1.0867   -8.6824
    1.1119   -8.6684
    1.1371   -8.6539
    1.1623   -8.6392
    1.1874   -8.6244
    1.2126   -8.6100
    1.2378   -8.5964
    1.2630   -8.5843
    1.2881   -8.5745
    1.3133   -8.5681
    1.3385   -8.5658
    1.3610   -8.5659
    1.3836   -8.5662
    1.4061   -8.5667
    1.4286   -8.5673
    1.4512   -8.5679
    1.4737   -8.5684
    1.4962   -8.5687
    1.5188   -8.5689
    1.5413   -8.5687
    1.5638   -8.5681
    1.5864   -8.5671
    1.6089   -8.5657
    1.6314   -8.5637
    1.6540   -8.5613
    1.6765   -8.5583
    1.6990   -8.5548
    1.7216   -8.5508
    1.7441   -8.5463
    1.7666   -8.5414
    1.7892   -8.5362
    1.8117   -8.5307
    1.8343   -8.5250
    1.8568   -8.5192
    1.8793   -8.5136
    1.9019   -8.5083
    1.9244   -8.5035
    1.9469   -8.4994
    1.9695   -8.4963
    1.9920   -8.4944
    2.0145   -8.4937
    2.0397   -8.4982
    2.0649   -8.5107
    2.0901   -8.5291
    2.1152   -8.5513
    2.1404   -8.5757
    2.1656   -8.6014
    2.1908   -8.6277
    2.2159   -8.6542
    2.2411   -8.6806
    2.2663   -8.7065
    2.2915   -8.7319
    2.3166   -8.7566
    2.3418   -8.7804
    2.3670   -8.8033
    2.3922   -8.8252
    2.4173   -8.8459
    2.4425   -8.8654
    2.4677   -8.8837
    2.4929   -8.9007
    2.5180   -8.9163
    2.5432   -8.9305
    2.5684   -8.9434
    2.5936   -8.9548
    2.6187   -8.9647
    2.6439   -8.9731
    2.6691   -8.9800
    2.6943   -8.9854
    2.7194   -8.9893
    2.7446   -8.9916
    2.7698   -8.9924

    0.0000   -8.0095
    0.0194   -8.0101
    0.0389   -8.0118
    0.0583   -8.0147
    0.0778   -8.0187
    0.0972   -8.0238
    0.1166   -8.0300
    0.1361   -8.0372
    0.1555   -8.0454
    0.1750   -8.0546
    0.1944   -8.0646
    0.2138   -8.0754
    0.2333   -8.0869
    0.2527   -8.0990
    0.2722   -8.1117
    0.2916   -8.1248
    0.3111   -8.1383
    0.3305   -8.1519
    0.3499   -8.1656
    0.3694   -8.1792
    0.3888   -8.1926
    0.4083   -8.2055
    0.4277   -8.2179
    0.4471   -8.2295
    0.4666   -8.2401
    0.4860   -8.2495
    0.5055   -8.2575
    0.5249   -8.2640
    0.5443   -8.2687
    0.5638   -8.2716
    0.5832   -8.2726
    0.6084   -8.2718
    0.6336   -8.2694
    0.6587   -8.2653
    0.6839   -8.2597
    0.7091   -8.2526
    0.7343   -8.2441
    0.7595   -8.2342
    0.7846   -8.2230
    0.8098   -8.2106
    0.8350   -8.1972
    0.8602   -8.1828
    0.8853   -8.1676
    0.9105   -8.1517
    0.9357   -8.1353
    0.9609   -8.1191
    0.9860   -8.1050
    1.0112   -8.1049
    1.0364   -8.1230
    1.0616   -8.1453
    1.0867   -8.1684
    1.1119   -8.1917
    1.1371   -8.2149
    1.1623   -8.2375
    1.1874   -8.2592
    1.2126   -8.2797
    1.2378   -8.2983
    1.2630   -8.3143
    1.2881   -8.3269
    1.3133   -8.3350
    1.3385   -8.3379
    1.3610   -8.3371
    1.3836   -8.3349
    1.4061   -8.3312
    1.4286   -8.3263
    1.4512   -8.3201
    1.4737   -8.3129
    1.4962   -8.3047
    1.5188   -8.2959
    1.5413   -8.2865
    1.5638   -8.2768
    1.5864   -8.2670
    1.6089   -8.2573
    1.6314   -8.2482
    1.6540   -8.2398
    1.6765   -8.2325
    1.6990   -8.2269
    1.7216   -8.2231
    1.7441   -8.2215
    1.7666   -8.2221
    1.7892   -8.2248
    1.8117   -8.2293
    1.8343   -8.2351
    1.8568   -8.2418
    1.8793   -8.2488
    1.9019   -8.2557
    1.9244   -8.2620
    1.9469   -8.2674
    1.9695   -8.2716
    1.9920   -8.2742
    2.0145   -8.2751
    2.0397   -8.2707
    2.0649   -8.2586
    2.0901   -8.2408
    2.1152   -8.2195
    2.1404   -8.1962
    2.1656   -8.1719
    2.1908   -8.1472
    2.2159   -8.1226
    2.2411   -8.0984
    2.2663   -8.0748
    2.2915   -8.0520
    2.3166   -8.0302
    2.3418   -8.0097
    2.3670   -8.0001
    2.3922   -8.0012
    2.4173   -8.0024
    2.4425   -8.0036
    2.4677   -8.0046
    2.4929   -8.0055
    2.5180   -8.0063
    2.5432   -8.0070
    2.5684   -8.0075
    2.5936   -8.0080
    2.6187   -8.0084
    2.6439   -8.0088
    2.6691   -8.0090
    2.6943   -8.0092
    2.7194   -8.0094
    2.7446   -8.0094
    2.7698   -8.0095

    0.0000   -7.8303
    0.0194   -7.8304
    0.0389   -7.8306
    0.0583   -7.8309
    0.0778   -7.8313
    0.0972   -7.8318
    0.1166   -7.8324
    0.1361   -7.8331
    0.1555   -7.8338
    0.1750   -7.8347
    0.1944   -7.8355
    0.2138   -7.8365
    0.2333   -7.8374
    0.2527   -7.8383
    0.2722   -7.8393
    0.2916   -7.8403
    0.3111   -7.8412
    0.3305   -7.8421
    0.3499   -7.8430
    0.3694   -7.8438
    0.3888   -7.8446
    0.4083   -7.8453
    0.4277   -7.8459
    0.4471   -7.8465
    0.4666   -7.8471
    0.4860   -7.8475
    0.5055   -7.8479
    0.5249   -7.8482
    0.5443   -7.8484
    0.5638   -7.8485
    0.5832   -7.8485
    0.6084   -7.8497
    0.6336   -7.8531
    0.6587   -7.8587
    0.6839   -7.8663
    0.7091   -7.8758
    0.7343   -7.8871
    0.7595   -7.9001
    0.7846   -7.9145
    0.8098   -7.9303
    0.8350   -7.9474
    0.8602   -7.9657
    0.8853   -7.9849
    0.9105   -8.0050
    0.9357   -8.0258
    0.9609   -8.0466
    0.9860   -8.0654
    1.0112   -8.0704
    1.0364   -8.0573
    1.0616   -8.0401
    1.0867   -8.0221
    1.1119   -8.0038
    1.1371   -7.9857
    1.1623   -7.9677
    1.1874   -7.9502
    1.2126   -7.9332
    1.2378   -7.9169
    1.2630   -7.9019
    1.2881   -7.8980
    1.3133   -7.8980
    1.3385   -7.8980
    1.3610   -7.8989
    1.3836   -7.9018
    1.4061   -7.9066
    1.4286   -7.9132
    1.4512   -7.9212
    1.4737   -7.9303
    1.4962   -7.9401
    1.5188   -7.9503
    1.5413   -7.9609
    1.5638   -7.9715
    1.5864   -7.9820
    1.6089   -7.9922
    1.6314   -8.0019
    1.6540   -8.0107
    1.6765   -8.0183
    1.6990   -8.0245
    1.7216   -8.0288
    1.7441   -8.0310
    1.7666   -8.0311
    1.7892   -8.0291
    1.8117   -8.0255
    1.8343   -8.0205
    1.8568   -8.0147
    1.8793   -8.0083
    1.9019   -8.0019
    1.9244   -7.9955
    1.9469   -7.9895
    1.9695   -7.9842
    1.9920   -7.9799
    2.0145   -7.9779
    2.0397   -7.9776
    2.0649   -7.9770
    2.0901   -7.9765
    2.1152   -7.9771
    2.1404   -7.9791
    2.1656   -7.9815
    2.1908   -7.9841
    2.2159   -7.9867
    2.2411   -7.9892
    2.2663   -7.9916
    2.2915   -7.9937
    2.3166   -7.9957
    2.3418   -7.9971
    2.3670   -7.9886
    2.3922   -7.9704
    2.4173   -7.9529
    2.4425   -7.9366
    2.4677   -7.9214
    2.4929   -7.9074
    2.5180   -7.8945
    2.5432   -7.8827
    2.5684   -7.8721
    2.5936   -7.8626
    2.6187   -7.8543
    2.6439   -7.8471
    2.6691   -7.8412
    2.6943   -7.8365
    2.7194   -7.8331
    2.7446   -7.8310
    2.7698   -7.8303

    0.0000   -7.8303
    0.0194   -7.8304
    0.0389   -7.8306
    0.0583   -7.8309
    0.0778   -7.8313
    0.0972   -7.8318
    0.1166   -7.8324
    0.1361   -7.8331
    0.1555   -7.8338
    0.1750   -7.8347
    0.1944   -7.8355
    0.2138   -7.8365
    0.2333   -7.8374
    0.2527   -7.8383
    0.2722   -7.8393
    0.2916   -7.8403
    0.3111   -7.8412
    0.3305   -7.8421
    0.3499   -7.8430
    0.3694   -7.8438
    0.3888   -7.8446
    0.4083   -7.8453
    0.4277   -7.8459
    0.4471   -7.8465
    0.4666   -7.8471
    0.4860   -7.8475
    0.5055   -7.8479
    0.5249   -7.8482
    0.5443   -7.8484
    0.5638   -7.8485
    0.5832   -7.8485
    0.6084   -7.8489
    0.6336   -7.8498
    0.6587   -7.8513
    0.6839   -7.8532
    0.7091   -7.8557
    0.7343   -7.8584
    0.7595   -7.8614
    0.7846   -7.8646
    0.8098   -7.8678
    0.8350   -7.8711
    0.8602   -7.8743
    0.8853   -7.8774
    0.9105   -7.8804
    0.9357   -7.8833
    0.9609   -7.8859
    0.9860   -7.8882
    1.0112   -7.8904
    1.0364   -7.8922
    1.0616   -7.8938
    1.0867   -7.8951
    1.1119   -7.8961
    1.1371   -7.8969
    1.1623   -7.8974
    1.1874   -7.8978
    1.2126   -7.8980
    1.2378   -7.8980
    1.2630   -7.8980
    1.2881   -7.8884
    1.3133   -7.8782
    1.3385   -7.8742
    1.3610   -7.8753
    1.3836   -7.8783
    1.4061   -7.8823
    1.4286   -7.8866
    1.4512   -7.8911
    1.4737   -7.8956
    1.4962   -7.9002
    1.5188   -7.9049
    1.5413   -7.9096
    1.5638   -7.9143
    1.5864   -7.9189
    1.6089   -7.9234
    1.6314   -7.9276
    1.6540   -7.9317
    1.6765   -7.9355
    1.6990   -7.9390
    1.7216   -7.9422
    1.7441   -7.9450
    1.7666   -7.9476
    1.7892   -7.9499
    1.8117   -7.9519
    1.8343   -7.9538
    1.8568   -7.9555
    1.8793   -7.9571
    1.9019   -7.9589
    1.9244   -7.9607
    1.9469   -7.9628
    1.9695   -7.9653
    1.9920   -7.9677
    2.0145   -7.9691
    2.0397   -7.9695
    2.0649   -7.9703
    2.0901   -7.9712
    2.1152   -7.9706
    2.1404   -7.9685
    2.1656   -7.9654
    2.1908   -7.9615
    2.2159   -7.9571
    2.2411   -7.9522
    2.2663   -7.9468
    2.2915   -7.9409
    2.3166   -7.9346
    2.3418   -7.9279
    2.3670   -7.9210
    2.3922   -7.9137
    2.4173   -7.9063
    2.4425   -7.8988
    2.4677   -7.8912
    2.4929   -7.8837
    2.5180   -7.8762
    2.5432   -7.8690
    2.5684   -7.8620
    2.5936   -7.8555
    2.6187   -7.8494
    2.6439   -7.8440
    2.6691   -7.8393
    2.6943   -7.8355
    2.7194   -7.8327
    2.7446   -7.8309
    2.7698   -7.8303

    0.0000   -7.7501
    0.0194   -7.7500
    0.0389   -7.7499
    0.0583   -7.7496
    0.0778   -7.7492
    0.0972   -7.7488
    0.1166   -7.7482
    0.1361   -7.7476
    0.1555   -7.7469
    0.1750   -7.7462
    0.1944   -7.7454
    0.2138   -7.7446
    0.2333   -7.7438
    0.2527   -7.7430
    0.2722   -7.7421
    0.2916   -7.7413
    0.3111   -7.7405
    0.3305   -7.7397
    0.3499   -7.7390
    0.3694   -7.7383
    0.3888   -7.7376
    0.4083   -7.7370
    0.4277   -7.7364
    0.4471   -7.7359
    0.4666   -7.7355
    0.4860   -7.7351
    0.5055   -7.7348
    0.5249   -7.7345
    0.5443   -7.7343
    0.5638   -7.7342
    0.5832   -7.7342
    0.6084   -7.7342
    0.6336   -7.7344
    0.6587   -7.7347
    0.6839   -7.7352
    0.7091   -7.7361
    0.7343   -7.7373
    0.7595   -7.7389
    0.7846   -7.7410
    0.8098   -7.7435
    0.8350   -7.7465
    0.8602   -7.7500
    0.8853   -7.7538
    0.9105   -7.7580
    0.9357   -7.7624
    0.9609   -7.7672
    0.9860   -7.7721
    1.0112   -7.7772
    1.0364   -7.7823
    1.0616   -7.7874
    1.0867   -7.7925
    1.1119   -7.7974
    1.1371   -7.8021
    1.1623   -7.8065
    1.1874   -7.8106
    1.2126   -7.8142
    1.2378   -7.8173
    1.2630   -7.8198
    1.2881   -7.8216
    1.3133   -7.8229
    1.3385   -7.8235
    1.3610   -7.8239
    1.3836   -7.8243
    1.4061   -7.8246
    1.4286   -7.8251
    1.4512   -7.8258
    1.4737   -7.8267
    1.4962   -7.8278
    1.5188   -7.8294
    1.5413   -7.8312
    1.5638   -7.8335
    1.5864   -7.8361
    1.6089   -7.8390
    1.6314   -7.8422
    1.6540   -7.8458
    1.6765   -7.8496
    1.6990   -7.8536
    1.7216   -7.8578
    1.7441   -7.8621
    1.7666   -7.8665
    1.7892   -7.8709
    1.8117   -7.8753
    1.8343   -7.8795
    1.8568   -7.8836
    1.8793   -7.8874
    1.9019   -7.8908
    1.9244   -7.8937
    1.9469   -7.8961
    1.9695   -7.8979
    1.9920   -7.8990
    2.0145   -7.8993
    2.0397   -7.8986
    2.0649   -7.8963
    2.0901   -7.8928
    2.1152   -7.8881
    2.1404   -7.8826
    2.1656   -7.8764
    2.1908   -7.8696
    2.2159   -7.8623
    2.2411   -7.8547
    2.2663   -7.8469
    2.2915   -7.8390
    2.3166   -7.8309
    2.3418   -7.8229
    2.3670   -7.8151
    2.3922   -7.8074
    2.4173   -7.7999
    2.4425   -7.7928
    2.4677   -7.7862
    2.4929   -7.7800
    2.5180   -7.7744
    2.5432   -7.7693
    2.5684   -7.7649
    2.5936   -7.7611
    2.6187   -7.7579
    2.6439   -7.7553
    2.6691   -7.7533
    2.6943   -7.7519
    2.7194   -7.7509
    2.7446   -7.7503
    2.7698   -7.7501

    0.0000   -7.7501
    0.0194   -7.7500
    0.0389   -7.7499
    0.0583   -7.7496
    0.0778   -7.7492
    0.0972   -7.7488
    0.1166   -7.7482
    0.1361   -7.7476
    0.1555   -7.7469
    0.1750   -7.7462
    0.1944   -7.7454
    0.2138   -7.7446
    0.2333   -7.7438
    0.2527   -7.7430
    0.2722   -7.7421
    0.2916   -7.7413
    0.3111   -7.7405
    0.3305   -7.7397
    0.3499   -7.7390
    0.3694   -7.7383
    0.3888   -7.7376
    0.4083   -7.7370
    0.4277   -7.7364
    0.4471   -7.7359
    0.4666   -7.7355
    0.4860   -7.7351
    0.5055   -7.7348
    0.5249   -7.7345
    0.5443   -7.7343
    0.5638   -7.7342
    0.5832   -7.7342
    0.6084   -7.7340
    0.6336   -7.7333
    0.6587   -7.7323
    0.6839   -7.7310
    0.7091   -7.7295
    0.7343   -7.7279
    0.7595   -7.7263
    0.7846   -7.7248
    0.8098   -7.7235
    0.8350   -7.7225
    0.8602   -7.7219
    0.8853   -7.7217
    0.9105   -7.7220
    0.9357   -7.7229
    0.9609   -7.7244
    0.9860   -7.7266
    1.0112   -7.7295
    1.0364   -7.7331
    1.0616   -7.7376
    1.0867   -7.7428
    1.1119   -7.7488
    1.1371   -7.7557
    1.1623   -7.7634
    1.1874   -7.7718
    1.2126   -7.7809
    1.2378   -7.7906
    1.2630   -7.8006
    1.2881   -7.8102
    1.3133   -7.8180
    1.3385   -7.8211
    1.3610   -7.8193
    1.3836   -7.8153
    1.4061   -7.8097
    1.4286   -7.8034
    1.4512   -7.7968
    1.4737   -7.7900
    1.4962   -7.7834
    1.5188   -7.7770
    1.5413   -7.7710
    1.5638   -7.7653
    1.5864   -7.7601
    1.6089   -7.7554
    1.6314   -7.7512
    1.6540   -7.7476
    1.6765   -7.7445
    1.6990   -7.7419
    1.7216   -7.7399
    1.7441   -7.7384
    1.7666   -7.7374
    1.7892   -7.7369
    1.8117   -7.7368
    1.8343   -7.7370
    1.8568   -7.7376
    1.8793   -7.7383
    1.9019   -7.7391
    1.9244   -7.7400
    1.9469   -7.7407
    1.9695   -7.7414
    1.9920   -7.7418
    2.0145   -7.7419
    2.0397   -7.7419
    2.0649   -7.7418
    2.0901   -7.7417
    2.1152   -7.7415
    2.1404   -7.7413
    2.1656   -7.7411
    2.1908   -7.7409
    2.2159   -7.7406
    2.2411   -7.7404
    2.2663   -7.7401
    2.2915   -7.7399
    2.3166   -7.7398
    2.3418   -7.7397
    2.3670   -7.7397
    2.3922   -7.7397
    2.4173   -7.7399
    2.4425   -7.7402
    2.4677   -7.7406
    2.4929   -7.7412
    2.5180   -7.7419
    2.5432   -7.7427
    2.5684   -7.7436
    2.5936   -7.7446
    2.6187   -7.7456
    2.6439   -7.7467
    2.6691   -7.7478
    2.6943   -7.7487
    2.7194   -7.7494
    2.7446   -7.7499
    2.7698   -7.7501

    0.0000   -0.4340
    0.0194   -0.4346
    0.0389   -0.4361
    0.0583   -0.4384
    0.0778   -0.4413
    0.0972   -0.4449
    0.1166   -0.4491
    0.1361   -0.4537
    0.1555   -0.4588
    0.1750   -0.4641
    0.1944   -0.4696
    0.2138   -0.4752
    0.2333   -0.4807
    0.2527   -0.4862
    0.2722   -0.4914
    0.2916   -0.4965
    0.3111   -0.5012
    0.3305   -0.5056
    0.3499   -0.5097
    0.3694   -0.5134
    0.3888   -0.5167
    0.4083   -0.5196
    0.4277   -0.5222
    0.4471   -0.5244
    0.4666   -0.5262
    0.4860   -0.5278
    0.5055   -0.5290
    0.5249   -0.5299
    0.5443   -0.5306
    0.5638   -0.5310
    0.5832   -0.5311
    0.6084   -0.5316
    0.6336   -0.5329
    0.6587   -0.5350
    0.6839   -0.5375
    0.7091   -0.5403
    0.7343   -0.5430
    0.7595   -0.5454
    0.7846   -0.5471
    0.8098   -0.5480
    0.8350   -0.5479
    0.8602   -0.5468
    0.8853   -0.5448
    0.9105   -0.5418
    0.9357   -0.5382
    0.9609   -0.5341
    0.9860   -0.5299
    1.0112   -0.5257
    1.0364   -0.5218
    1.0616   -0.5185
    1.0867   -0.5157
    1.1119   -0.5137
    1.1371   -0.5122
    1.1623   -0.5114
    1.1874   -0.5110
    1.2126   -0.5109
    1.2378   -0.5110
    1.2630   -0.5112
    1.2881   -0.5114
    1.3133   -0.5116
    1.3385   -0.5116
    1.3610   -0.5106
    1.3836   -0.5075
    1.4061   -0.5024
    1.4286   -0.4953
    1.4512   -0.4863
    1.4737   -0.4756
    1.4962   -0.4633
    1.5188   -0.4497
    1.5413   -0.4351
    1.5638   -0.4197
    1.5864   -0.4040
    1.6089   -0.3886
    1.6314   -0.3740
    1.6540   -0.3611
    1.6765   -0.3504
    1.6990   -0.3426
    1.7216   -0.3382
    1.7441   -0.3373
    1.7666   -0.3396
    1.7892   -0.3445
    1.8117   -0.3515
    1.8343   -0.3597
    1.8568   -0.3685
    1.8793   -0.3772
    1.9019   -0.3853
    1.9244   -0.3924
    1.9469   -0.3982
    1.9695   -0.4025
    1.9920   -0.4052
    2.0145   -0.4061
    2.0397   -0.4072
    2.0649   -0.4107
    2.0901   -0.4165
    2.1152   -0.4243
    2.1404   -0.4341
    2.1656   -0.4455
    2.1908   -0.4581
    2.2159   -0.4716
    2.2411   -0.4854
    2.2663   -0.4990
    2.2915   -0.5120
    2.3166   -0.5238
    2.3418   -0.5339
    2.3670   -0.5419
    2.3922   -0.5476
    2.4173   -0.5507
    2.4425   -0.5510
    2.4677   -0.5487
    2.4929   -0.5436
    2.5180   -0.5361
    2.5432   -0.5263
    2.5684   -0.5147
    2.5936   -0.5017
    2.6187   -0.4881
    2.6439   -0.4744
    2.6691   -0.4615
    2.6943   -0.4503
    2.7194   -0.4416
    2.7446   -0.4359
    2.7698   -0.4340

    0.0000   -0.4230
    0.0194   -0.4214
    0.0389   -0.4166
    0.0583   -0.4088
    0.0778   -0.3981
    0.0972   -0.3844
    0.1166   -0.3677
    0.1361   -0.3480
    0.1555   -0.3254
    0.1750   -0.2998
    0.1944   -0.2713
    0.2138   -0.2400
    0.2333   -0.2059
    0.2527   -0.1691
    0.2722   -0.1298
    0.2916   -0.0881
    0.3111   -0.0442
    0.3305    0.0017
    0.3499    0.0491
    0.3694    0.0977
    0.3888    0.1471
    0.4083    0.1965
    0.4277    0.2454
    0.4471    0.2928
    0.4666    0.3378
    0.4860    0.3791
    0.5055    0.4155
    0.5249    0.4456
    0.5443    0.4683
    0.5638    0.4824
    0.5832    0.4872
    0.6084    0.4822
    0.6336    0.4681
    0.6587    0.4468
    0.6839    0.4205
    0.7091    0.3910
    0.7343    0.3597
    0.7595    0.3275
    0.7846    0.2954
    0.8098    0.2639
    0.8350    0.2337
    0.8602    0.2052
    0.8853    0.1788
    0.9105    0.1548
    0.9357    0.1337
    0.9609    0.1156
    0.9860    0.1006
    1.0112    0.0888
    1.0364    0.0801
    1.0616    0.0742
    1.0867    0.0708
    1.1119    0.0695
    1.1371    0.0699
    1.1623    0.0713
    1.1874    0.0734
    1.2126    0.0757
    1.2378    0.0780
    1.2630    0.0800
    1.2881    0.0815
    1.3133    0.0824
    1.3385    0.0828
    1.3610    0.0828
    1.3836    0.0829
    1.4061    0.0830
    1.4286    0.0830
    1.4512    0.0828
    1.4737    0.0822
    1.4962    0.0811
    1.5188    0.0793
    1.5413    0.0767
    1.5638    0.0733
    1.5864    0.0692
    1.6089    0.0647
    1.6314    0.0601
    1.6540    0.0563
    1.6765    0.0540
    1.6990    0.0539
    1.7216    0.0566
    1.7441    0.0623
    1.7666    0.0708
    1.7892    0.0816
    1.8117    0.0941
    1.8343    0.1074
    1.8568    0.1206
    1.8793    0.1333
    1.9019    0.1447
    1.9244    0.1545
    1.9469    0.1624
    1.9695    0.1681
    1.9920    0.1717
    2.0145    0.1728
    2.0397    0.1703
    2.0649    0.1628
    2.0901    0.1503
    2.1152    0.1334
    2.1404    0.1124
    2.1656    0.0881
    2.1908    0.0613
    2.2159    0.0326
    2.2411    0.0028
    2.2663   -0.0277
    2.2915   -0.0583
    2.3166   -0.0888
    2.3418   -0.1191
    2.3670   -0.1489
    2.3922   -0.1780
    2.4173   -0.2062
    2.4425   -0.2334
    2.4677   -0.2594
    2.4929   -0.2839
    2.5180   -0.3069
    2.5432   -0.3281
    2.5684   -0.3474
    2.5936   -0.3647
    2.6187   -0.3799
    2.6439   -0.3929
    2.6691   -0.4036
    2.6943   -0.4120
    2.7194   -0.4181
    2.7446   -0.4218
    2.7698   -0.4230

    0.0000    0.4914
    0.0194    0.4908
    0.0389    0.4891
    0.0583    0.4867
    0.0778    0.4840
    0.0972    0.4814
    0.1166    0.4792
    0.1361    0.4776
    0.1555    0.4767
    0.1750    0.4767
    0.1944    0.4774
    0.2138    0.4791
    0.2333    0.4818
    0.2527    0.4854
    0.2722    0.4899
    0.2916    0.4954
    0.3111    0.5017
    0.3305    0.5090
    0.3499    0.5171
    0.3694    0.5261
    0.3888    0.5358
    0.4083    0.5462
    0.4277    0.5573
    0.4471    0.5690
    0.4666    0.5812
    0.4860    0.5937
    0.5055    0.6066
    0.5249    0.6195
    0.5443    0.6323
    0.5638    0.6438
    0.5832    0.6498
    0.6084    0.6459
    0.6336    0.6374
    0.6587    0.6266
    0.6839    0.6140
    0.7091    0.6000
    0.7343    0.5848
    0.7595    0.5686
    0.7846    0.5516
    0.8098    0.5339
    0.8350    0.5159
    0.8602    0.4975
    0.8853    0.4790
    0.9105    0.4604
    0.9357    0.4419
    0.9609    0.4234
    0.9860    0.4051
    1.0112    0.3871
    1.0364    0.3694
    1.0616    0.3523
    1.0867    0.3358
    1.1119    0.3201
    1.1371    0.3055
    1.1623    0.2921
    1.1874    0.2800
    1.2126    0.2695
    1.2378    0.2608
    1.2630    0.2538
    1.2881    0.2488
    1.3133    0.2457
    1.3385    0.2447
    1.3610    0.2454
    1.3836    0.2474
    1.4061    0.2507
    1.4286    0.2554
    1.4512    0.2614
    1.4737    0.2686
    1.4962    0.2771
    1.5188    0.2868
    1.5413    0.2976
    1.5638    0.3094
    1.5864    0.3222
    1.6089    0.3359
    1.6314    0.3503
    1.6540    0.3654
    1.6765    0.3809
    1.6990    0.3968
    1.7216    0.4128
    1.7441    0.4288
    1.7666    0.4446
    1.7892    0.4599
    1.8117    0.4746
    1.8343    0.4884
    1.8568    0.5012
    1.8793    0.5127
    1.9019    0.5227
    1.9244    0.5311
    1.9469    0.5378
    1.9695    0.5426
    1.9920    0.5455
    2.0145    0.5464
    2.0397    0.5420
    2.0649    0.5298
    2.0901    0.5125
    2.1152    0.4930
    2.1404    0.4734
    2.1656    0.4551
    2.1908    0.4388
    2.2159    0.4247
    2.2411    0.4129
    2.2663    0.4034
    2.2915    0.3961
    2.3166    0.3907
    2.3418    0.3873
    2.3670    0.3857
    2.3922    0.3858
    2.4173    0.3877
    2.4425    0.3913
    2.4677    0.3965
    2.4929    0.4032
    2.5180    0.4114
    2.5432    0.4208
    2.5684    0.4311
    2.5936    0.4418
    2.6187    0.4526
    2.6439    0.4630
    2.6691    0.4723
    2.6943    0.4803
    2.7194    0.4863
    2.7446    0.4901
    2.7698    0.4914

    0.0000    0.4914
    0.0194    0.4908
    0.0389    0.4891
    0.0583    0.4867
    0.0778    0.4840
    0.0972    0.4815
    0.1166    0.4793
    0.1361    0.4777
    0.1555    0.4768
    0.1750    0.4767
    0.1944    0.4775
    0.2138    0.4792
    0.2333    0.4818
    0.2527    0.4854
    0.2722    0.4899
    0.2916    0.4954
    0.3111    0.5018
    0.3305    0.5090
    0.3499    0.5172
    0.3694    0.5261
    0.3888    0.5358
    0.4083    0.5463
    0.4277    0.5573
    0.4471    0.5690
    0.4666    0.5812
    0.4860    0.5938
    0.5055    0.6066
    0.5249    0.6196
    0.5443    0.6323
    0.5638    0.6438
    0.5832    0.6498
    0.6084    0.6487
    0.6336    0.6470
    0.6587    0.6462
    0.6839    0.6458
    0.7091    0.6448
    0.7343    0.6426
    0.7595    0.6390
    0.7846    0.6340
    0.8098    0.6280
    0.8350    0.6213
    0.8602    0.6142
    0.8853    0.6073
    0.9105    0.6010
    0.9357    0.5957
    0.9609    0.5920
    0.9860    0.5903
    1.0112    0.5910
    1.0364    0.5944
    1.0616    0.6008
    1.0867    0.6102
    1.1119    0.6224
    1.1371    0.6370
    1.1623    0.6533
    1.1874    0.6706
    1.2126    0.6879
    1.2378    0.7044
    1.2630    0.7194
    1.2881    0.7328
    1.3133    0.7442
    1.3385    0.7511
    1.3610    0.7501
    1.3836    0.7474
    1.4061    0.7434
    1.4286    0.7382
    1.4512    0.7318
    1.4737    0.7238
    1.4962    0.7143
    1.5188    0.7032
    1.5413    0.6907
    1.5638    0.6776
    1.5864    0.6648
    1.6089    0.6534
    1.6314    0.6443
    1.6540    0.6380
    1.6765    0.6349
    1.6990    0.6349
    1.7216    0.6378
    1.7441    0.6433
    1.7666    0.6509
    1.7892    0.6601
    1.8117    0.6702
    1.8343    0.6800
    1.8568    0.6855
    1.8793    0.6849
    1.9019    0.6828
    1.9244    0.6808
    1.9469    0.6793
    1.9695    0.6782
    1.9920    0.6776
    2.0145    0.6774
    2.0397    0.6765
    2.0649    0.6736
    2.0901    0.6684
    2.1152    0.6600
    2.1404    0.6469
    2.1656    0.6282
    2.1908    0.6050
    2.2159    0.5796
    2.2411    0.5540
    2.2663    0.5297
    2.2915    0.5077
    2.3166    0.4887
    2.3418    0.4730
    2.3670    0.4609
    2.3922    0.4525
    2.4173    0.4477
    2.4425    0.4463
    2.4677    0.4482
    2.4929    0.4529
    2.5180    0.4601
    2.5432    0.4694
    2.5684    0.4805
    2.5936    0.4929
    2.6187    0.5056
    2.6439    0.5172
    2.6691    0.5232
    2.6943    0.5168
    2.7194    0.5042
    2.7446    0.4948
    2.7698    0.4914

    0.0000    0.5792
    0.0194    0.5807
    0.0389    0.5850
    0.0583    0.5917
    0.0778    0.6002
    0.0972    0.6103
    0.1166    0.6214
    0.1361    0.6334
    0.1555    0.6458
    0.1750    0.6586
    0.1944    0.6714
    0.2138    0.6840
    0.2333    0.6961
    0.2527    0.7075
    0.2722    0.7180
    0.2916    0.7272
    0.3111    0.7350
    0.3305    0.7412
    0.3499    0.7455
    0.3694    0.7478
    0.3888    0.7482
    0.4083    0.7465
    0.4277    0.7428
    0.4471    0.7374
    0.4666    0.7302
    0.4860    0.7216
    0.5055    0.7119
    0.5249    0.7012
    0.5443    0.6900
    0.5638    0.6794
    0.5832    0.6736
    0.6084    0.6755
    0.6336    0.6793
    0.6587    0.6836
    0.6839    0.6876
    0.7091    0.6914
    0.7343    0.6949
    0.7595    0.6983
    0.7846    0.7015
    0.8098    0.7046
    0.8350    0.7077
    0.8602    0.7109
    0.8853    0.7145
    0.9105    0.7186
    0.9357    0.7233
    0.9609    0.7288
    0.9860    0.7351
    1.0112    0.7424
    1.0364    0.7506
    1.0616    0.7597
    1.0867    0.7693
    1.1119    0.7789
    1.1371    0.7876
    1.1623    0.7939
    1.1874    0.7965
    1.2126    0.7948
    1.2378    0.7898
    1.2630    0.7828
    1.2881    0.7748
    1.3133    0.7665
    1.3385    0.7606
    1.3610    0.7609
    1.3836    0.7616
    1.4061    0.7622
    1.4286    0.7626
    1.4512    0.7625
    1.4737    0.7621
    1.4962    0.7610
    1.5188    0.7594
    1.5413    0.7570
    1.5638    0.7538
    1.5864    0.7500
    1.6089    0.7456
    1.6314    0.7409
    1.6540    0.7360
    1.6765    0.7308
    1.6990    0.7256
    1.7216    0.7203
    1.7441    0.7150
    1.7666    0.7098
    1.7892    0.7050
    1.8117    0.7006
    1.8343    0.6976
    1.8568    0.6991
    1.8793    0.7066
    1.9019    0.7152
    1.9244    0.7227
    1.9469    0.7287
    1.9695    0.7331
    1.9920    0.7357
    2.0145    0.7366
    2.0397    0.7358
    2.0649    0.7325
    2.0901    0.7253
    2.1152    0.7141
    2.1404    0.7012
    2.1656    0.6893
    2.1908    0.6792
    2.2159    0.6704
    2.2411    0.6624
    2.2663    0.6547
    2.2915    0.6472
    2.3166    0.6400
    2.3418    0.6331
    2.3670    0.6264
    2.3922    0.6201
    2.4173    0.6142
    2.4425    0.6088
    2.4677    0.6039
    2.4929    0.5995
    2.5180    0.5956
    2.5432    0.5921
    2.5684    0.5891
    2.5936    0.5864
    2.6187    0.5838
    2.6439    0.5802
    2.6691    0.5707
    2.6943    0.5671
    2.7194    0.5721
    2.7446    0.5772
    2.7698    0.5792

    0.0000    0.5793
    0.0194    0.5807
    0.0389    0.5850
    0.0583    0.5917
    0.0778    0.6002
    0.0972    0.6103
    0.1166    0.6214
    0.1361    0.6334
    0.1555    0.6459
    0.1750    0.6586
    0.1944    0.6714
    0.2138    0.6840
    0.2333    0.6961
    0.2527    0.7075
    0.2722    0.7180
    0.2916    0.7273
    0.3111    0.7351
    0.3305    0.7412
    0.3499    0.7455
    0.3694    0.7479
    0.3888    0.7482
    0.4083    0.7465
    0.4277    0.7429
    0.4471    0.7374
    0.4666    0.7303
    0.4860    0.7217
    0.5055    0.7119
    0.5249    0.7012
    0.5443    0.6900
    0.5638    0.6794
    0.5832    0.6737
    0.6084    0.6793
    0.6336    0.6924
    0.6587    0.7093
    0.6839    0.7291
    0.7091    0.7515
    0.7343    0.7764
    0.7595    0.8034
    0.7846    0.8322
    0.8098    0.8621
    0.8350    0.8924
    0.8602    0.9223
    0.8853    0.9509
    0.9105    0.9766
    0.9357    0.9978
    0.9609    1.0119
    0.9860    1.0168
    1.0112    1.0124
    1.0364    1.0013
    1.0616    0.9865
    1.0867    0.9710
    1.1119    0.9568
    1.1371    0.9462
    1.1623    0.9415
    1.1874    0.9445
    1.2126    0.9558
    1.2378    0.9739
    1.2630    0.9958
    1.2881    1.0174
    1.3133    1.0339
    1.3385    1.0402
    1.3610    1.0357
    1.3836    1.0229
    1.4061    1.0034
    1.4286    0.9796
    1.4512    0.9536
    1.4737    0.9275
    1.4962    0.9033
    1.5188    0.8824
    1.5413    0.8660
    1.5638    0.8544
    1.5864    0.8472
    1.6089    0.8437
    1.6314    0.8435
    1.6540    0.8457
    1.6765    0.8502
    1.6990    0.8565
    1.7216    0.8647
    1.7441    0.8745
    1.7666    0.8860
    1.7892    0.8992
    1.8117    0.9143
    1.8343    0.9313
    1.8568    0.9503
    1.8793    0.9713
    1.9019    0.9940
    1.9244    1.0178
    1.9469    1.0413
    1.9695    1.0625
    1.9920    1.0781
    2.0145    1.0840
    2.0397    1.0807
    2.0649    1.0740
    2.0901    1.0694
    2.1152    1.0701
    2.1404    1.0763
    2.1656    1.0865
    2.1908    1.0986
    2.2159    1.1103
    2.2411    1.1187
    2.2663    1.1197
    2.2915    1.1104
    2.3166    1.0916
    2.3418    1.0657
    2.3670    1.0348
    2.3922    0.9999
    2.4173    0.9619
    2.4425    0.9214
    2.4677    0.8792
    2.4929    0.8358
    2.5180    0.7920
    2.5432    0.7485
    2.5684    0.7062
    2.5936    0.6660
    2.6187    0.6294
    2.6439    0.5992
    2.6691    0.5849
    2.6943    0.5818
    2.7194    0.5803
    2.7446    0.5795
    2.7698    0.5793

    0.0000    0.8976
    0.0194    0.8984
    0.0389    0.9009
    0.0583    0.9049
    0.0778    0.9103
    0.0972    0.9171
    0.1166    0.9250
    0.1361    0.9339
    0.1555    0.9435
    0.1750    0.9536
    0.1944    0.9640
    0.2138    0.9744
    0.2333    0.9846
    0.2527    0.9943
    0.2722    1.0033
    0.2916    1.0115
    0.3111    1.0186
    0.3305    1.0247
    0.3499    1.0297
    0.3694    1.0336
    0.3888    1.0365
    0.4083    1.0385
    0.4277    1.0398
    0.4471    1.0405
    0.4666    1.0408
    0.4860    1.0409
    0.5055    1.0408
    0.5249    1.0408
    0.5443    1.0407
    0.5638    1.0407
    0.5832    1.0407
    0.6084    1.0427
    0.6336    1.0486
    0.6587    1.0575
    0.6839    1.0688
    0.7091    1.0814
    0.7343    1.0948
    0.7595    1.1084
    0.7846    1.1222
    0.8098    1.1365
    0.8350    1.1513
    0.8602    1.1669
    0.8853    1.1830
    0.9105    1.1969
    0.9357    1.1975
    0.9609    1.1893
    0.9860    1.1851
    1.0112    1.1868
    1.0364    1.1919
    1.0616    1.1970
    1.0867    1.2000
    1.1119    1.1999
    1.1371    1.1973
    1.1623    1.1928
    1.1874    1.1872
    1.2126    1.1812
    1.2378    1.1752
    1.2630    1.1698
    1.2881    1.1653
    1.3133    1.1622
    1.3385    1.1610
    1.3610    1.1605
    1.3836    1.1588
    1.4061    1.1562
    1.4286    1.1525
    1.4512    1.1482
    1.4737    1.1432
    1.4962    1.1380
    1.5188    1.1326
    1.5413    1.1275
    1.5638    1.1228
    1.5864    1.1190
    1.6089    1.1162
    1.6314    1.1146
    1.6540    1.1146
    1.6765    1.1164
    1.6990    1.1200
    1.7216    1.1257
    1.7441    1.1334
    1.7666    1.1433
    1.7892    1.1550
    1.8117    1.1684
    1.8343    1.1829
    1.8568    1.1980
    1.8793    1.2123
    1.9019    1.2246
    1.9244    1.2330
    1.9469    1.2361
    1.9695    1.2343
    1.9920    1.2300
    2.0145    1.2278
    2.0397    1.2314
    2.0649    1.2387
    2.0901    1.2447
    2.1152    1.2468
    2.1404    1.2450
    2.1656    1.2399
    2.1908    1.2321
    2.2159    1.2229
    2.2411    1.2139
    2.2663    1.2078
    2.2915    1.2065
    2.3166    1.2076
    2.3418    1.2070
    2.3670    1.2015
    2.3922    1.1903
    2.4173    1.1739
    2.4425    1.1538
    2.4677    1.1314
    2.4929    1.1075
    2.5180    1.0829
    2.5432    1.0579
    2.5684    1.0329
    2.5936    1.0084
    2.6187    0.9846
    2.6439    0.9620
    2.6691    0.9414
    2.6943    0.9236
    2.7194    0.9097
    2.7446    0.9007
    2.7698    0.8976

    0.0000    1.5359
    0.0194    1.5353
    0.0389    1.5335
    0.0583    1.5306
    0.0778    1.5267
    0.0972    1.5219
    0.1166    1.5163
    0.1361    1.5102
    0.1555    1.5035
    0.1750    1.4967
    0.1944    1.4898
    0.2138    1.4824
    0.2333    1.4731
    0.2527    1.4641
    0.2722    1.4557
    0.2916    1.4481
    0.3111    1.4416
    0.3305    1.4362
    0.3499    1.4322
    0.3694    1.4296
    0.3888    1.4284
    0.4083    1.4285
    0.4277    1.4297
    0.4471    1.4319
    0.4666    1.4346
    0.4860    1.4376
    0.5055    1.4406
    0.5249    1.4433
    0.5443    1.4455
    0.5638    1.4468
    0.5832    1.4473
    0.6084    1.4450
    0.6336    1.4381
    0.6587    1.4271
    0.6839    1.4129
    0.7091    1.3962
    0.7343    1.3776
    0.7595    1.3575
    0.7846    1.3363
    0.8098    1.3142
    0.8350    1.2917
    0.8602    1.2694
    0.8853    1.2484
    0.9105    1.2326
    0.9357    1.2348
    0.9609    1.2524
    0.9860    1.2735
    1.0112    1.2939
    1.0364    1.3083
    1.0616    1.3166
    1.0867    1.3239
    1.1119    1.3320
    1.1371    1.3406
    1.1623    1.3485
    1.1874    1.3543
    1.2126    1.3567
    1.2378    1.3549
    1.2630    1.3488
    1.2881    1.3399
    1.3133    1.3316
    1.3385    1.3282
    1.3610    1.3300
    1.3836    1.3353
    1.4061    1.3429
    1.4286    1.3519
    1.4512    1.3613
    1.4737    1.3705
    1.4962    1.3792
    1.5188    1.3873
    1.5413    1.3946
    1.5638    1.4014
    1.5864    1.4078
    1.6089    1.4141
    1.6314    1.4202
    1.6540    1.4266
    1.6765    1.4332
    1.6990    1.4403
    1.7216    1.4477
    1.7441    1.4555
    1.7666    1.4635
    1.7892    1.4709
    1.8117    1.4761
    1.8343    1.4764
    1.8568    1.4701
    1.8793    1.4593
    1.9019    1.4471
    1.9244    1.4360
    1.9469    1.4278
    1.9695    1.4232
    1.9920    1.4214
    2.0145    1.4210
    2.0397    1.4275
    2.0649    1.4462
    2.0901    1.4732
    2.1152    1.5002
    2.1404    1.5186
    2.1656    1.5249
    2.1908    1.5198
    2.2159    1.5044
    2.2411    1.4823
    2.2663    1.4586
    2.2915    1.4361
    2.3166    1.4171
    2.3418    1.4034
    2.3670    1.3967
    2.3922    1.3969
    2.4173    1.4029
    2.4425    1.4130
    2.4677    1.4255
    2.4929    1.4393
    2.5180    1.4538
    2.5432    1.4683
    2.5684    1.4824
    2.5936    1.4958
    2.6187    1.5082
    2.6439    1.5193
    2.6691    1.5289
    2.6943    1.5367
    2.7194    1.5421
    2.7446    1.5389
    2.7698    1.5359

    0.0000    1.5476
    0.0194    1.5469
    0.0389    1.5450
    0.0583    1.5418
    0.0778    1.5375
    0.0972    1.5319
    0.1166    1.5254
    0.1361    1.5180
    0.1555    1.5097
    0.1750    1.5009
    0.1944    1.4918
    0.2138    1.4824
    0.2333    1.4731
    0.2527    1.4641
    0.2722    1.4557
    0.2916    1.4481
    0.3111    1.4416
    0.3305    1.4362
    0.3499    1.4322
    0.3694    1.4296
    0.3888    1.4284
    0.4083    1.4285
    0.4277    1.4298
    0.4471    1.4319
    0.4666    1.4346
    0.4860    1.4376
    0.5055    1.4406
    0.5249    1.4433
    0.5443    1.4455
    0.5638    1.4468
    0.5832    1.4473
    0.6084    1.4463
    0.6336    1.4434
    0.6587    1.4385
    0.6839    1.4319
    0.7091    1.4240
    0.7343    1.4150
    0.7595    1.4055
    0.7846    1.3957
    0.8098    1.3860
    0.8350    1.3766
    0.8602    1.3676
    0.8853    1.3592
    0.9105    1.3515
    0.9357    1.3447
    0.9609    1.3393
    0.9860    1.3363
    1.0112    1.3384
    1.0364    1.3507
    1.0616    1.3736
    1.0867    1.4018
    1.1119    1.4324
    1.1371    1.4643
    1.1623    1.4965
    1.1874    1.5283
    1.2126    1.5590
    1.2378    1.5874
    1.2630    1.6121
    1.2881    1.6125
    1.3133    1.6077
    1.3385    1.6061
    1.3610    1.5976
    1.3836    1.5832
    1.4061    1.5704
    1.4286    1.5607
    1.4512    1.5544
    1.4737    1.5511
    1.4962    1.5504
    1.5188    1.5519
    1.5413    1.5547
    1.5638    1.5582
    1.5864    1.5618
    1.6089    1.5648
    1.6314    1.5669
    1.6540    1.5675
    1.6765    1.5667
    1.6990    1.5642
    1.7216    1.5601
    1.7441    1.5545
    1.7666    1.5477
    1.7892    1.5404
    1.8117    1.5345
    1.8343    1.5330
    1.8568    1.5380
    1.8793    1.5479
    1.9019    1.5608
    1.9244    1.5753
    1.9469    1.5907
    1.9695    1.6056
    1.9920    1.6179
    2.0145    1.6231
    2.0397    1.6240
    2.0649    1.6276
    2.0901    1.6361
    2.1152    1.6497
    2.1404    1.6228
    2.1656    1.5969
    2.1908    1.5751
    2.2159    1.5602
    2.2411    1.5509
    2.2663    1.5443
    2.2915    1.5389
    2.3166    1.5345
    2.3418    1.5310
    2.3670    1.5283
    2.3922    1.5264
    2.4173    1.5254
    2.4425    1.5252
    2.4677    1.5256
    2.4929    1.5268
    2.5180    1.5284
    2.5432    1.5305
    2.5684    1.5329
    2.5936    1.5355
    2.6187    1.5381
    2.6439    1.5406
    2.6691    1.5429
    2.6943    1.5447
    2.7194    1.5459
    2.7446    1.5465
    2.7698    1.5476

    0.0000    1.5476
    0.0194    1.5469
    0.0389    1.5450
    0.0583    1.5418
    0.0778    1.5375
    0.0972    1.5320
    0.1166    1.5254
    0.1361    1.5180
    0.1555    1.5098
    0.1750    1.5010
    0.1944    1.4918
    0.2138    1.4830
    0.2333    1.4767
    0.2527    1.4708
    0.2722    1.4657
    0.2916    1.4615
    0.3111    1.4582
    0.3305    1.4560
    0.3499    1.4549
    0.3694    1.4548
    0.3888    1.4557
    0.4083    1.4574
    0.4277    1.4598
    0.4471    1.4628
    0.4666    1.4662
    0.4860    1.4697
    0.5055    1.4732
    0.5249    1.4763
    0.5443    1.4789
    0.5638    1.4806
    0.5832    1.4812
    0.6084    1.4835
    0.6336    1.4906
    0.6587    1.5031
    0.6839    1.5212
    0.7091    1.5451
    0.7343    1.5747
    0.7595    1.6096
    0.7846    1.6491
    0.8098    1.6917
    0.8350    1.7347
    0.8602    1.7715
    0.8853    1.7904
    0.9105    1.7912
    0.9357    1.7841
    0.9609    1.7738
    0.9860    1.7620
    1.0112    1.7494
    1.0364    1.7363
    1.0616    1.7230
    1.0867    1.7094
    1.1119    1.6958
    1.1371    1.6822
    1.1623    1.6687
    1.1874    1.6554
    1.2126    1.6425
    1.2378    1.6306
    1.2630    1.6203
    1.2881    1.6315
    1.3133    1.6439
    1.3385    1.6481
    1.3610    1.6596
    1.3836    1.6824
    1.4061    1.7081
    1.4286    1.7334
    1.4512    1.7469
    1.4737    1.7465
    1.4962    1.7450
    1.5188    1.7441
    1.5413    1.7442
    1.5638    1.7456
    1.5864    1.7483
    1.6089    1.7523
    1.6314    1.7575
    1.6540    1.7638
    1.6765    1.7708
    1.6990    1.7783
    1.7216    1.7860
    1.7441    1.7937
    1.7666    1.8012
    1.7892    1.8085
    1.8117    1.8153
    1.8343    1.8215
    1.8568    1.8252
    1.8793    1.8206
    1.9019    1.8052
    1.9244    1.7847
    1.9469    1.7627
    1.9695    1.7416
    1.9920    1.7251
    2.0145    1.7184
    2.0397    1.7127
    2.0649    1.6973
    2.0901    1.6753
    2.1152    1.6540
    2.1404    1.6857
    2.1656    1.7293
    2.1908    1.7777
    2.2159    1.8241
    2.2411    1.8636
    2.2663    1.8940
    2.2915    1.9157
    2.3166    1.9309
    2.3418    1.9413
    2.3670    1.9480
    2.3922    1.9512
    2.4173    1.9483
    2.4425    1.9270
    2.4677    1.8885
    2.4929    1.8456
    2.5180    1.8020
    2.5432    1.7592
    2.5684    1.7181
    2.5936    1.6795
    2.6187    1.6442
    2.6439    1.6129
    2.6691    1.5863
    2.6943    1.5649
    2.7194    1.5499
    2.7446    1.5473
    2.7698    1.5476

    0.0000    1.9387
    0.0194    1.9386
    0.0389    1.9381
    0.0583    1.9374
    0.0778    1.9365
    0.0972    1.9353
    0.1166    1.9340
    0.1361    1.9325
    0.1555    1.9310
    0.1750    1.9295
    0.1944    1.9280
    0.2138    1.9265
    0.2333    1.9251
    0.2527    1.9236
    0.2722    1.9223
    0.2916    1.9209
    0.3111    1.9196
    0.3305    1.9183
    0.3499    1.9169
    0.3694    1.9156
    0.3888    1.9142
    0.4083    1.9128
    0.4277    1.9113
    0.4471    1.9099
    0.4666    1.9085
    0.4860    1.9072
    0.5055    1.9061
    0.5249    1.9051
    0.5443    1.9043
    0.5638    1.9039
    0.5832    1.9037
    0.6084    1.9032
    0.6336    1.9016
    0.6587    1.8990
    0.6839    1.8953
    0.7091    1.8907
    0.7343    1.8852
    0.7595    1.8790
    0.7846    1.8725
    0.8098    1.8664
    0.8350    1.8625
    0.8602    1.8668
    0.8853    1.8899
    0.9105    1.9307
    0.9357    1.9779
    0.9609    2.0248
    0.9860    2.0672
    1.0112    2.1007
    1.0364    2.1203
    1.0616    2.1217
    1.0867    2.1040
    1.1119    2.0705
    1.1371    2.0265
    1.1623    1.9772
    1.1874    1.9269
    1.2126    1.8794
    1.2378    1.8377
    1.2630    1.8043
    1.2881    1.7804
    1.3133    1.7664
    1.3385    1.7619
    1.3610    1.7613
    1.3836    1.7598
    1.4061    1.7577
    1.4286    1.7563
    1.4512    1.7662
    1.4737    1.7890
    1.4962    1.8115
    1.5188    1.8321
    1.5413    1.8504
    1.5638    1.8662
    1.5864    1.8796
    1.6089    1.8903
    1.6314    1.8986
    1.6540    1.9044
    1.6765    1.9077
    1.6990    1.9086
    1.7216    1.9072
    1.7441    1.9037
    1.7666    1.8979
    1.7892    1.8901
    1.8117    1.8803
    1.8343    1.8689
    1.8568    1.8575
    1.8793    1.8522
    1.9019    1.8560
    1.9244    1.8637
    1.9469    1.8731
    1.9695    1.8829
    1.9920    1.8913
    2.0145    1.8948
    2.0397    1.8974
    2.0649    1.9040
    2.0901    1.9126
    2.1152    1.9221
    2.1404    1.9324
    2.1656    1.9438
    2.1908    1.9565
    2.2159    1.9706
    2.2411    1.9859
    2.2663    2.0012
    2.2915    2.0147
    2.3166    2.0249
    2.3418    2.0313
    2.3670    2.0341
    2.3922    2.0234
    2.4173    1.9906
    2.4425    1.9716
    2.4677    1.9666
    2.4929    1.9643
    2.5180    1.9621
    2.5432    1.9596
    2.5684    1.9567
    2.5936    1.9537
    2.6187    1.9505
    2.6439    1.9474
    2.6691    1.9446
    2.6943    1.9422
    2.7194    1.9403
    2.7446    1.9391
    2.7698    1.9387

    0.0000    1.9388
    0.0194    1.9386
    0.0389    1.9382
    0.0583    1.9374
    0.0778    1.9365
    0.0972    1.9353
    0.1166    1.9340
    0.1361    1.9325
    0.1555    1.9310
    0.1750    1.9295
    0.1944    1.9280
    0.2138    1.9265
    0.2333    1.9251
    0.2527    1.9237
    0.2722    1.9223
    0.2916    1.9209
    0.3111    1.9196
    0.3305    1.9183
    0.3499    1.9170
    0.3694    1.9156
    0.3888    1.9142
    0.4083    1.9128
    0.4277    1.9113
    0.4471    1.9099
    0.4666    1.9085
    0.4860    1.9072
    0.5055    1.9061
    0.5249    1.9051
    0.5443    1.9043
    0.5638    1.9039
    0.5832    1.9037
    0.6084    1.9061
    0.6336    1.9132
    0.6587    1.9248
    0.6839    1.9407
    0.7091    1.9606
    0.7343    1.9842
    0.7595    2.0111
    0.7846    2.0410
    0.8098    2.0734
    0.8350    2.1081
    0.8602    2.1447
    0.8853    2.1829
    0.9105    2.2222
    0.9357    2.2623
    0.9609    2.3027
    0.9860    2.3407
    1.0112    2.3437
    1.0364    2.3292
    1.0616    2.3102
    1.0867    2.2869
    1.1119    2.2604
    1.1371    2.2317
    1.1623    2.2020
    1.1874    2.1722
    1.2126    2.1432
    1.2378    2.1159
    1.2630    2.0918
    1.2881    2.0725
    1.3133    2.0599
    1.3385    2.0554
    1.3610    2.0589
    1.3836    2.0693
    1.4061    2.0861
    1.4286    2.1090
    1.4512    2.1371
    1.4737    2.1698
    1.4962    2.2059
    1.5188    2.2444
    1.5413    2.2842
    1.5638    2.3239
    1.5864    2.3619
    1.6089    2.3960
    1.6314    2.4227
    1.6540    2.4361
    1.6765    2.4301
    1.6990    2.4062
    1.7216    2.3726
    1.7441    2.3346
    1.7666    2.2947
    1.7892    2.2543
    1.8117    2.2145
    1.8343    2.1761
    1.8568    2.1403
    1.8793    2.1077
    1.9019    2.0791
    1.9244    2.0547
    1.9469    2.0335
    1.9695    2.0144
    1.9920    1.9989
    2.0145    1.9927
    2.0397    1.9943
    2.0649    1.9994
    2.0901    2.0084
    2.1152    2.0206
    2.1404    2.0351
    2.1656    2.0509
    2.1908    2.0672
    2.2159    2.0830
    2.2411    2.0967
    2.2663    2.1061
    2.2915    2.1080
    2.3166    2.1002
    2.3418    2.0822
    2.3670    2.0557
    2.3922    2.0338
    2.4173    2.0308
    2.4425    2.0258
    2.4677    2.0191
    2.4929    2.0113
    2.5180    2.0026
    2.5432    1.9935
    2.5684    1.9843
    2.5936    1.9753
    2.6187    1.9668
    2.6439    1.9590
    2.6691    1.9521
    2.6943    1.9465
    2.7194    1.9423
    2.7446    1.9396
    2.7698    1.9388

    0.0000    2.2884
    0.0194    2.2890
    0.0389    2.2910
    0.0583    2.2941
    0.0778    2.2985
    0.0972    2.3038
    0.1166    2.3101
    0.1361    2.3172
    0.1555    2.3249
    0.1750    2.3329
    0.1944    2.3412
    0.2138    2.3494
    0.2333    2.3574
    0.2527    2.3647
    0.2722    2.3711
    0.2916    2.3761
    0.3111    2.3791
    0.3305    2.3795
    0.3499    2.3762
    0.3694    2.3682
    0.3888    2.3543
    0.4083    2.3333
    0.4277    2.3050
    0.4471    2.2703
    0.4666    2.2316
    0.4860    2.1916
    0.5055    2.1535
    0.5249    2.1203
    0.5443    2.0945
    0.5638    2.0781
    0.5832    2.0725
    0.6084    2.0765
    0.6336    2.0881
    0.6587    2.1064
    0.6839    2.1302
    0.7091    2.1578
    0.7343    2.1878
    0.7595    2.2188
    0.7846    2.2496
    0.8098    2.2788
    0.8350    2.3053
    0.8602    2.3281
    0.8853    2.3459
    0.9105    2.3580
    0.9357    2.3638
    0.9609    2.3637
    0.9860    2.3603
    1.0112    2.3871
    1.0364    2.4267
    1.0616    2.4665
    1.0867    2.5061
    1.1119    2.5453
    1.1371    2.5833
    1.1623    2.6190
    1.1874    2.6508
    1.2126    2.6781
    1.2378    2.7007
    1.2630    2.7184
    1.2881    2.7313
    1.3133    2.7390
    1.3385    2.7416
    1.3610    2.7402
    1.3836    2.7359
    1.4061    2.7291
    1.4286    2.7199
    1.4512    2.7087
    1.4737    2.6956
    1.4962    2.6808
    1.5188    2.6644
    1.5413    2.6463
    1.5638    2.6261
    1.5864    2.6036
    1.6089    2.5789
    1.6314    2.5529
    1.6540    2.5277
    1.6765    2.5063
    1.6990    2.4859
    1.7216    2.4612
    1.7441    2.4303
    1.7666    2.3940
    1.7892    2.3535
    1.8117    2.3102
    1.8343    2.2655
    1.8568    2.2207
    1.8793    2.1772
    1.9019    2.1361
    1.9244    2.0989
    1.9469    2.0680
    1.9695    2.0462
    1.9920    2.0343
    2.0145    2.0306
    2.0397    2.0356
    2.0649    2.0495
    2.0901    2.0706
    2.1152    2.0968
    2.1404    2.1264
    2.1656    2.1580
    2.1908    2.1902
    2.2159    2.2220
    2.2411    2.2527
    2.2663    2.2815
    2.2915    2.3078
    2.3166    2.3311
    2.3418    2.3511
    2.3670    2.3675
    2.3922    2.3800
    2.4173    2.3884
    2.4425    2.3926
    2.4677    2.3927
    2.4929    2.3890
    2.5180    2.3820
    2.5432    2.3723
    2.5684    2.3607
    2.5936    2.3479
    2.6187    2.3349
    2.6439    2.3224
    2.6691    2.3110
    2.6943    2.3015
    2.7194    2.2943
    2.7446    2.2899
    2.7698    2.2884

    0.0000    2.9766
    0.0194    2.9766
    0.0389    2.9768
    0.0583    2.9770
    0.0778    2.9773
    0.0972    2.9775
    0.1166    2.9775
    0.1361    2.9773
    0.1555    2.9767
    0.1750    2.9757
    0.1944    2.9741
    0.2138    2.9719
    0.2333    2.9690
    0.2527    2.9654
    0.2722    2.9610
    0.2916    2.9558
    0.3111    2.9500
    0.3305    2.9434
    0.3499    2.9057
    0.3694    2.8510
    0.3888    2.8011
    0.4083    2.7579
    0.4277    2.7229
    0.4471    2.6962
    0.4666    2.6769
    0.4860    2.6635
    0.5055    2.6545
    0.5249    2.6486
    0.5443    2.6450
    0.5638    2.6431
    0.5832    2.6425
    0.6084    2.6428
    0.6336    2.6438
    0.6587    2.6453
    0.6839    2.6468
    0.7091    2.6483
    0.7343    2.6494
    0.7595    2.6501
    0.7846    2.6504
    0.8098    2.6506
    0.8350    2.6512
    0.8602    2.6529
    0.8853    2.6563
    0.9105    2.6620
    0.9357    2.6675
    0.9609    2.6562
    0.9860    2.6327
    1.0112    2.6079
    1.0364    2.5883
    1.0616    2.5799
    1.0867    2.5857
    1.1119    2.6033
    1.1371    2.6284
    1.1623    2.6573
    1.1874    2.6876
    1.2126    2.7171
    1.2378    2.7436
    1.2630    2.7656
    1.2881    2.7818
    1.3133    2.7916
    1.3385    2.7948
    1.3610    2.7929
    1.3836    2.7875
    1.4061    2.7795
    1.4286    2.7697
    1.4512    2.7582
    1.4737    2.7454
    1.4962    2.7312
    1.5188    2.7158
    1.5413    2.6994
    1.5638    2.6822
    1.5864    2.6650
    1.6089    2.6490
    1.6314    2.6358
    1.6540    2.6275
    1.6765    2.6259
    1.6990    2.6297
    1.7216    2.6338
    1.7441    2.6345
    1.7666    2.6317
    1.7892    2.6277
    1.8117    2.6242
    1.8343    2.6219
    1.8568    2.6210
    1.8793    2.6213
    1.9019    2.6224
    1.9244    2.6240
    1.9469    2.6258
    1.9695    2.6274
    1.9920    2.6285
    2.0145    2.6289
    2.0397    2.6279
    2.0649    2.6248
    2.0901    2.6199
    2.1152    2.6132
    2.1404    2.6045
    2.1656    2.5938
    2.1908    2.5818
    2.2159    2.5702
    2.2411    2.5619
    2.2663    2.5600
    2.2915    2.5673
    2.3166    2.5843
    2.3418    2.6097
    2.3670    2.6406
    2.3922    2.6742
    2.4173    2.7084
    2.4425    2.7417
    2.4677    2.7735
    2.4929    2.8032
    2.5180    2.8308
    2.5432    2.8560
    2.5684    2.8790
    2.5936    2.8999
    2.6187    2.9186
    2.6439    2.9351
    2.6691    2.9493
    2.6943    2.9608
    2.7194    2.9694
    2.7446    2.9748
    2.7698    2.9766

    0.0000    2.9767
    0.0194    2.9767
    0.0389    2.9769
    0.0583    2.9771
    0.0778    2.9774
    0.0972    2.9776
    0.1166    2.9776
    0.1361    2.9774
    0.1555    2.9768
    0.1750    2.9758
    0.1944    2.9743
    0.2138    2.9721
    0.2333    2.9692
    0.2527    2.9655
    0.2722    2.9611
    0.2916    2.9559
    0.3111    2.9500
    0.3305    2.9435
    0.3499    2.9364
    0.3694    2.9289
    0.3888    2.9212
    0.4083    2.9134
    0.4277    2.9057
    0.4471    2.8982
    0.4666    2.8913
    0.4860    2.8851
    0.5055    2.8797
    0.5249    2.8753
    0.5443    2.8721
    0.5638    2.8702
    0.5832    2.8695
    0.6084    2.8672
    0.6336    2.8607
    0.6587    2.8507
    0.6839    2.8382
    0.7091    2.8243
    0.7343    2.8094
    0.7595    2.7943
    0.7846    2.7791
    0.8098    2.7641
    0.8350    2.7493
    0.8602    2.7345
    0.8853    2.7192
    0.9105    2.7032
    0.9357    2.6880
    0.9609    2.6898
    0.9860    2.7039
    1.0112    2.7212
    1.0364    2.7400
    1.0616    2.7593
    1.0867    2.7779
    1.1119    2.7946
    1.1371    2.8085
    1.1623    2.8195
    1.1874    2.8287
    1.2126    2.8369
    1.2378    2.8444
    1.2630    2.8511
    1.2881    2.8566
    1.3133    2.8603
    1.3385    2.8616
    1.3610    2.8630
    1.3836    2.8668
    1.4061    2.8718
    1.4286    2.8769
    1.4512    2.8811
    1.4737    2.8832
    1.4962    2.8807
    1.5188    2.8712
    1.5413    2.8575
    1.5638    2.8430
    1.5864    2.8294
    1.6089    2.8171
    1.6314    2.8053
    1.6540    2.7906
    1.6765    2.7718
    1.6990    2.7536
    1.7216    2.7402
    1.7441    2.7326
    1.7666    2.7292
    1.7892    2.7271
    1.8117    2.7247
    1.8343    2.7216
    1.8568    2.7179
    1.8793    2.7137
    1.9019    2.7094
    1.9244    2.7053
    1.9469    2.7016
    1.9695    2.6988
    1.9920    2.6969
    2.0145    2.6963
    2.0397    2.6960
    2.0649    2.6951
    2.0901    2.6938
    2.1152    2.6926
    2.1404    2.6926
    2.1656    2.6956
    2.1908    2.7026
    2.2159    2.7141
    2.2411    2.7296
    2.2663    2.7478
    2.2915    2.7665
    2.3166    2.7838
    2.3418    2.7990
    2.3670    2.8130
    2.3922    2.8264
    2.4173    2.8400
    2.4425    2.8539
    2.4677    2.8681
    2.4929    2.8824
    2.5180    2.8967
    2.5432    2.9105
    2.5684    2.9236
    2.5936    2.9356
    2.6187    2.9463
    2.6439    2.9555
    2.6691    2.9631
    2.6943    2.9690
    2.7194    2.9732
    2.7446    2.9758
    2.7698    2.9767

    0.0000    3.1425
    0.0194    3.1423
    0.0389    3.1417
    0.0583    3.1406
    0.0778    3.1392
    0.0972    3.1374
    0.1166    3.1352
    0.1361    3.1327
    0.1555    3.1299
    0.1750    3.1269
    0.1944    3.1235
    0.2138    3.1200
    0.2333    3.1163
    0.2527    3.1124
    0.2722    3.1084
    0.2916    3.0780
    0.3111    3.0210
    0.3305    2.9630
    0.3499    2.9365
    0.3694    2.9290
    0.3888    2.9213
    0.4083    2.9134
    0.4277    2.9057
    0.4471    2.8983
    0.4666    2.8914
    0.4860    2.8852
    0.5055    2.8798
    0.5249    2.8754
    0.5443    2.8722
    0.5638    2.8702
    0.5832    2.8696
    0.6084    2.8712
    0.6336    2.8762
    0.6587    2.8846
    0.6839    2.8968
    0.7091    2.9128
    0.7343    2.9327
    0.7595    2.9562
    0.7846    2.9829
    0.8098    3.0112
    0.8350    3.0374
    0.8602    3.0489
    0.8853    3.0302
    0.9105    2.9939
    0.9357    2.9538
    0.9609    2.9168
    0.9860    2.8866
    1.0112    2.8648
    1.0364    2.8510
    1.0616    2.8442
    1.0867    2.8434
    1.1119    2.8481
    1.1371    2.8581
    1.1623    2.8723
    1.1874    2.8887
    1.2126    2.9059
    1.2378    2.9227
    1.2630    2.9382
    1.2881    2.9511
    1.3133    2.9600
    1.3385    2.9633
    1.3610    2.9618
    1.3836    2.9574
    1.4061    2.9501
    1.4286    2.9404
    1.4512    2.9286
    1.4737    2.9158
    1.4962    2.9043
    1.5188    2.8964
    1.5413    2.8893
    1.5638    2.8795
    1.5864    2.8657
    1.6089    2.8484
    1.6314    2.8297
    1.6540    2.8150
    1.6765    2.8079
    1.6990    2.8061
    1.7216    2.8085
    1.7441    2.8142
    1.7666    2.8222
    1.7892    2.8312
    1.8117    2.8396
    1.8343    2.8467
    1.8568    2.8527
    1.8793    2.8575
    1.9019    2.8615
    1.9244    2.8647
    1.9469    2.8672
    1.9695    2.8690
    1.9920    2.8701
    2.0145    2.8705
    2.0397    2.8691
    2.0649    2.8654
    2.0901    2.8602
    2.1152    2.8543
    2.1404    2.8490
    2.1656    2.8450
    2.1908    2.8430
    2.2159    2.8440
    2.2411    2.8488
    2.2663    2.8590
    2.2915    2.8762
    2.3166    2.9017
    2.3418    2.9343
    2.3670    2.9717
    2.3922    3.0106
    2.4173    3.0482
    2.4425    3.0820
    2.4677    3.1102
    2.4929    3.1317
    2.5180    3.1463
    2.5432    3.1549
    2.5684    3.1589
    2.5936    3.1597
    2.6187    3.1582
    2.6439    3.1554
    2.6691    3.1519
    2.6943    3.1484
    2.7194    3.1453
    2.7446    3.1432
    2.7698    3.1425

    0.0000    3.4498
    0.0194    3.4488
    0.0389    3.4456
    0.0583    3.4401
    0.0778    3.4322
    0.0972    3.4214
    0.1166    3.4074
    0.1361    3.3897
    0.1555    3.3679
    0.1750    3.3414
    0.1944    3.3098
    0.2138    3.2731
    0.2333    3.2311
    0.2527    3.1842
    0.2722    3.1331
    0.2916    3.1049
    0.3111    3.1008
    0.3305    3.0969
    0.3499    3.0931
    0.3694    3.0894
    0.3888    3.0859
    0.4083    3.0826
    0.4277    3.0795
    0.4471    3.0768
    0.4666    3.0743
    0.4860    3.0722
    0.5055    3.0704
    0.5249    3.0690
    0.5443    3.0680
    0.5638    3.0674
    0.5832    3.0672
    0.6084    3.0690
    0.6336    3.0742
    0.6587    3.0819
    0.6839    3.0911
    0.7091    3.1007
    0.7343    3.1101
    0.7595    3.1182
    0.7846    3.1243
    0.8098    3.1269
    0.8350    3.1253
    0.8602    3.1265
    0.8853    3.1449
    0.9105    3.1705
    0.9357    3.1862
    0.9609    3.1905
    0.9860    3.1908
    1.0112    3.1893
    1.0364    3.1866
    1.0616    3.1825
    1.0867    3.1773
    1.1119    3.1709
    1.1371    3.1634
    1.1623    3.1549
    1.1874    3.1454
    1.2126    3.1353
    1.2378    3.1247
    1.2630    3.1143
    1.2881    3.1051
    1.3133    3.0985
    1.3385    3.0960
    1.3610    3.0949
    1.3836    3.0916
    1.4061    3.0862
    1.4286    3.0787
    1.4512    3.0694
    1.4737    3.0585
    1.4962    3.0464
    1.5188    3.0338
    1.5413    3.0213
    1.5638    3.0097
    1.5864    2.9995
    1.6089    2.9905
    1.6314    2.9826
    1.6540    2.9755
    1.6765    2.9693
    1.6990    2.9645
    1.7216    2.9617
    1.7441    2.9617
    1.7666    2.9652
    1.7892    2.9729
    1.8117    2.9844
    1.8343    2.9991
    1.8568    3.0157
    1.8793    3.0328
    1.9019    3.0494
    1.9244    3.0644
    1.9469    3.0771
    1.9695    3.0867
    1.9920    3.0927
    2.0145    3.0947
    2.0397    3.0963
    2.0649    3.1008
    2.0901    3.1077
    2.1152    3.1167
    2.1404    3.1269
    2.1656    3.1380
    2.1908    3.1496
    2.2159    3.1612
    2.2411    3.1727
    2.2663    3.1837
    2.2915    3.1941
    2.3166    3.2039
    2.3418    3.2130
    2.3670    3.2214
    2.3922    3.2295
    2.4173    3.2376
    2.4425    3.2463
    2.4677    3.2563
    2.4929    3.2685
    2.5180    3.2833
    2.5432    3.3003
    2.5684    3.3189
    2.5936    3.3382
    2.6187    3.3577
    2.6439    3.3769
    2.6691    3.3955
    2.6943    3.4131
    2.7194    3.4293
    2.7446    3.4431
    2.7698    3.4498

    0.0000    3.4773
    0.0194    3.4774
    0.0389    3.4777
    0.0583    3.4781
    0.0778    3.4787
    0.0972    3.4794
    0.1166    3.4804
    0.1361    3.4815
    0.1555    3.4829
    0.1750    3.4845
    0.1944    3.4864
    0.2138    3.4885
    0.2333    3.4909
    0.2527    3.4935
    0.2722    3.4965
    0.2916    3.4997
    0.3111    3.5031
    0.3305    3.5068
    0.3499    3.5107
    0.3694    3.5147
    0.3888    3.5189
    0.4083    3.5232
    0.4277    3.5274
    0.4471    3.5316
    0.4666    3.5357
    0.4860    3.5394
    0.5055    3.5428
    0.5249    3.5456
    0.5443    3.5477
    0.5638    3.5491
    0.5832    3.5495
    0.6084    3.5447
    0.6336    3.5304
    0.6587    3.5081
    0.6839    3.4792
    0.7091    3.4450
    0.7343    3.4067
    0.7595    3.3654
    0.7846    3.3228
    0.8098    3.2815
    0.8350    3.2463
    0.8602    3.2229
    0.8853    3.2127
    0.9105    3.2137
    0.9357    3.2303
    0.9609    3.2584
    0.9860    3.2875
    1.0112    3.3134
    1.0364    3.3340
    1.0616    3.3484
    1.0867    3.3566
    1.1119    3.3591
    1.1371    3.3571
    1.1623    3.3518
    1.1874    3.3444
    1.2126    3.3360
    1.2378    3.3275
    1.2630    3.3199
    1.2881    3.3138
    1.3133    3.3098
    1.3385    3.3085
    1.3610    3.3062
    1.3836    3.2999
    1.4061    3.2905
    1.4286    3.2790
    1.4512    3.2662
    1.4737    3.2529
    1.4962    3.2394
    1.5188    3.2261
    1.5413    3.2133
    1.5638    3.2016
    1.5864    3.1914
    1.6089    3.1831
    1.6314    3.1772
    1.6540    3.1739
    1.6765    3.1732
    1.6990    3.1748
    1.7216    3.1785
    1.7441    3.1840
    1.7666    3.1909
    1.7892    3.1990
    1.8117    3.2080
    1.8343    3.2177
    1.8568    3.2278
    1.8793    3.2381
    1.9019    3.2483
    1.9244    3.2580
    1.9469    3.2668
    1.9695    3.2741
    1.9920    3.2790
    2.0145    3.2807
    2.0397    3.2819
    2.0649    3.2856
    2.0901    3.2916
    2.1152    3.2996
    2.1404    3.3093
    2.1656    3.3204
    2.1908    3.3323
    2.2159    3.3446
    2.2411    3.3568
    2.2663    3.3686
    2.2915    3.3796
    2.3166    3.3896
    2.3418    3.3985
    2.3670    3.4064
    2.3922    3.4135
    2.4173    3.4203
    2.4425    3.4269
    2.4677    3.4335
    2.4929    3.4400
    2.5180    3.4463
    2.5432    3.4521
    2.5684    3.4575
    2.5936    3.4622
    2.6187    3.4663
    2.6439    3.4698
    2.6691    3.4726
    2.6943    3.4748
    2.7194    3.4763
    2.7446    3.4772
    2.7698    3.4773

    0.0000    3.4775
    0.0194    3.4776
    0.0389    3.4779
    0.0583    3.4783
    0.0778    3.4788
    0.0972    3.4796
    0.1166    3.4806
    0.1361    3.4817
    0.1555    3.4831
    0.1750    3.4847
    0.1944    3.4866
    0.2138    3.4887
    0.2333    3.4911
    0.2527    3.4937
    0.2722    3.4966
    0.2916    3.4998
    0.3111    3.5033
    0.3305    3.5070
    0.3499    3.5108
    0.3694    3.5149
    0.3888    3.5191
    0.4083    3.5233
    0.4277    3.5276
    0.4471    3.5318
    0.4666    3.5358
    0.4860    3.5396
    0.5055    3.5429
    0.5249    3.5458
    0.5443    3.5479
    0.5638    3.5492
    0.5832    3.5497
    0.6084    3.5493
    0.6336    3.5484
    0.6587    3.5468
    0.6839    3.5446
    0.7091    3.5418
    0.7343    3.5384
    0.7595    3.5345
    0.7846    3.5299
    0.8098    3.5249
    0.8350    3.5195
    0.8602    3.5138
    0.8853    3.5080
    0.9105    3.5023
    0.9357    3.4968
    0.9609    3.4917
    0.9860    3.4872
    1.0112    3.4832
    1.0364    3.4798
    1.0616    3.4769
    1.0867    3.4743
    1.1119    3.4716
    1.1371    3.4685
    1.1623    3.4646
    1.1874    3.4599
    1.2126    3.4544
    1.2378    3.4486
    1.2630    3.4433
    1.2881    3.4389
    1.3133    3.4361
    1.3385    3.4351
    1.3610    3.4362
    1.3836    3.4391
    1.4061    3.4429
    1.4286    3.4467
    1.4512    3.4497
    1.4737    3.4518
    1.4962    3.4529
    1.5188    3.4529
    1.5413    3.4523
    1.5638    3.4511
    1.5864    3.4497
    1.6089    3.4480
    1.6314    3.4463
    1.6540    3.4443
    1.6765    3.4422
    1.6990    3.4398
    1.7216    3.4370
    1.7441    3.4338
    1.7666    3.4300
    1.7892    3.4257
    1.8117    3.4207
    1.8343    3.4152
    1.8568    3.4090
    1.8793    3.4024
    1.9019    3.3955
    1.9244    3.3886
    1.9469    3.3820
    1.9695    3.3764
    1.9920    3.3725
    2.0145    3.3711
    2.0397    3.3717
    2.0649    3.3736
    2.0901    3.3767
    2.1152    3.3809
    2.1404    3.3862
    2.1656    3.3925
    2.1908    3.3997
    2.2159    3.4077
    2.2411    3.4163
    2.2663    3.4253
    2.2915    3.4346
    2.3166    3.4441
    2.3418    3.4541
    2.3670    3.4648
    2.3922    3.4762
    2.4173    3.4881
    2.4425    3.4999
    2.4677    3.5107
    2.4929    3.5197
    2.5180    3.5262
    2.5432    3.5299
    2.5684    3.5308
    2.5936    3.5292
    2.6187    3.5253
    2.6439    3.5194
    2.6691    3.5119
    2.6943    3.5029
    2.7194    3.4929
    2.7446    3.4829
    2.7698    3.4775

    0.0000    3.8517
    0.0194    3.8511
    0.0389    3.8494
    0.0583    3.8466
    0.0778    3.8427
    0.0972    3.8379
    0.1166    3.8321
    0.1361    3.8256
    0.1555    3.8184
    0.1750    3.8106
    0.1944    3.8024
    0.2138    3.7938
    0.2333    3.7850
    0.2527    3.7760
    0.2722    3.7670
    0.2916    3.7580
    0.3111    3.7491
    0.3305    3.7403
    0.3499    3.7318
    0.3694    3.7235
    0.3888    3.7156
    0.4083    3.7080
    0.4277    3.7008
    0.4471    3.6941
    0.4666    3.6880
    0.4860    3.6825
    0.5055    3.6777
    0.5249    3.6738
    0.5443    3.6709
    0.5638    3.6691
    0.5832    3.6685
    0.6084    3.6678
    0.6336    3.6658
    0.6587    3.6623
    0.6839    3.6573
    0.7091    3.6510
    0.7343    3.6436
    0.7595    3.6355
    0.7846    3.6269
    0.8098    3.6182
    0.8350    3.6097
    0.8602    3.6015
    0.8853    3.5939
    0.9105    3.5871
    0.9357    3.5810
    0.9609    3.5759
    0.9860    3.5716
    1.0112    3.5679
    1.0364    3.5640
    1.0616    3.5589
    1.0867    3.5524
    1.1119    3.5447
    1.1371    3.5370
    1.1623    3.5301
    1.1874    3.5246
    1.2126    3.5208
    1.2378    3.5183
    1.2630    3.5169
    1.2881    3.5162
    1.3133    3.5159
    1.3385    3.5158
    1.3610    3.5166
    1.3836    3.5192
    1.4061    3.5235
    1.4286    3.5292
    1.4512    3.5364
    1.4737    3.5447
    1.4962    3.5540
    1.5188    3.5640
    1.5413    3.5745
    1.5638    3.5854
    1.5864    3.5963
    1.6089    3.6072
    1.6314    3.6179
    1.6540    3.6283
    1.6765    3.6382
    1.6990    3.6476
    1.7216    3.6565
    1.7441    3.6647
    1.7666    3.6723
    1.7892    3.6791
    1.8117    3.6853
    1.8343    3.6906
    1.8568    3.6946
    1.8793    3.6953
    1.9019    3.6869
    1.9244    3.6727
    1.9469    3.6594
    1.9695    3.6491
    1.9920    3.6426
    2.0145    3.6403
    2.0397    3.6406
    2.0649    3.6414
    2.0901    3.6422
    2.1152    3.6426
    2.1404    3.6419
    2.1656    3.6399
    2.1908    3.6366
    2.2159    3.6329
    2.2411    3.6298
    2.2663    3.6281
    2.2915    3.6289
    2.3166    3.6328
    2.3418    3.6399
    2.3670    3.6500
    2.3922    3.6628
    2.4173    3.6776
    2.4425    3.6938
    2.4677    3.7109
    2.4929    3.7283
    2.5180    3.7456
    2.5432    3.7625
    2.5684    3.7788
    2.5936    3.7940
    2.6187    3.8080
    2.6439    3.8205
    2.6691    3.8313
    2.6943    3.8400
    2.7194    3.8465
    2.7446    3.8504
    2.7698    3.8517

    0.0000    3.8518
    0.0194    3.8512
    0.0389    3.8495
    0.0583    3.8467
    0.0778    3.8428
    0.0972    3.8379
    0.1166    3.8322
    0.1361    3.8257
    0.1555    3.8185
    0.1750    3.8107
    0.1944    3.8025
    0.2138    3.7939
    0.2333    3.7851
    0.2527    3.7761
    0.2722    3.7671
    0.2916    3.7581
    0.3111    3.7492
    0.3305    3.7404
    0.3499    3.7319
    0.3694    3.7236
    0.3888    3.7157
    0.4083    3.7081
    0.4277    3.7009
    0.4471    3.6942
    0.4666    3.6881
    0.4860    3.6826
    0.5055    3.6778
    0.5249    3.6739
    0.5443    3.6710
    0.5638    3.6692
    0.5832    3.6686
    0.6084    3.6693
    0.6336    3.6713
    0.6587    3.6740
    0.6839    3.6772
    0.7091    3.6807
    0.7343    3.6843
    0.7595    3.6879
    0.7846    3.6911
    0.8098    3.6936
    0.8350    3.6945
    0.8602    3.6932
    0.8853    3.6894
    0.9105    3.6832
    0.9357    3.6751
    0.9609    3.6662
    0.9860    3.6574
    1.0112    3.6501
    1.0364    3.6460
    1.0616    3.6466
    1.0867    3.6524
    1.1119    3.6625
    1.1371    3.6753
    1.1623    3.6894
    1.1874    3.7037
    1.2126    3.7174
    1.2378    3.7300
    1.2630    3.7412
    1.2881    3.7505
    1.3133    3.7569
    1.3385    3.7592
    1.3610    3.7600
    1.3836    3.7624
    1.4061    3.7664
    1.4286    3.7718
    1.4512    3.7786
    1.4737    3.7865
    1.4962    3.7949
    1.5188    3.8026
    1.5413    3.8077
    1.5638    3.8105
    1.5864    3.8123
    1.6089    3.8137
    1.6314    3.8148
    1.6540    3.8155
    1.6765    3.8155
    1.6990    3.8145
    1.7216    3.8118
    1.7441    3.8066
    1.7666    3.7980
    1.7892    3.7858
    1.8117    3.7702
    1.8343    3.7523
    1.8568    3.7338
    1.8793    3.7178
    1.9019    3.7114
    1.9244    3.7119
    1.9469    3.7135
    1.9695    3.7150
    1.9920    3.7159
    2.0145    3.7162
    2.0397    3.7156
    2.0649    3.7142
    2.0901    3.7122
    2.1152    3.7104
    2.1404    3.7097
    2.1656    3.7107
    2.1908    3.7135
    2.2159    3.7179
    2.2411    3.7236
    2.2663    3.7302
    2.2915    3.7375
    2.3166    3.7455
    2.3418    3.7544
    2.3670    3.7644
    2.3922    3.7762
    2.4173    3.7903
    2.4425    3.8072
    2.4677    3.8263
    2.4929    3.8429
    2.5180    3.8494
    2.5432    3.8509
    2.5684    3.8513
    2.5936    3.8514
    2.6187    3.8515
    2.6439    3.8516
    2.6691    3.8516
    2.6943    3.8517
    2.7194    3.8517
    2.7446    3.8517
    2.7698    3.8518

    0.0000    4.0373
    0.0194    4.0353
    0.0389    4.0295
    0.0583    4.0199
    0.0778    4.0070
    0.0972    3.9911
    0.1166    3.9729
    0.1361    3.9530
    0.1555    3.9322
    0.1750    3.9113
    0.1944    3.8911
    0.2138    3.8721
    0.2333    3.8548
    0.2527    3.8396
    0.2722    3.8263
    0.2916    3.8151
    0.3111    3.8058
    0.3305    3.7981
    0.3499    3.7919
    0.3694    3.7868
    0.3888    3.7828
    0.4083    3.7796
    0.4277    3.7771
    0.4471    3.7752
    0.4666    3.7737
    0.4860    3.7726
    0.5055    3.7718
    0.5249    3.7712
    0.5443    3.7708
    0.5638    3.7706
    0.5832    3.7705
    0.6084    3.7709
    0.6336    3.7720
    0.6587    3.7734
    0.6839    3.7744
    0.7091    3.7748
    0.7343    3.7743
    0.7595    3.7730
    0.7846    3.7710
    0.8098    3.7690
    0.8350    3.7675
    0.8602    3.7673
    0.8853    3.7689
    0.9105    3.7724
    0.9357    3.7774
    0.9609    3.7834
    0.9860    3.7901
    1.0112    3.7971
    1.0364    3.8041
    1.0616    3.8108
    1.0867    3.8168
    1.1119    3.8219
    1.1371    3.8256
    1.1623    3.8278
    1.1874    3.8283
    1.2126    3.8271
    1.2378    3.8243
    1.2630    3.8205
    1.2881    3.8163
    1.3133    3.8128
    1.3385    3.8114
    1.3610    3.8115
    1.3836    3.8116
    1.4061    3.8118
    1.4286    3.8122
    1.4512    3.8127
    1.4737    3.8137
    1.4962    3.8154
    1.5188    3.8190
    1.5413    3.8259
    1.5638    3.8354
    1.5864    3.8461
    1.6089    3.8570
    1.6314    3.8674
    1.6540    3.8769
    1.6765    3.8851
    1.6990    3.8915
    1.7216    3.8956
    1.7441    3.8973
    1.7666    3.8970
    1.7892    3.8959
    1.8117    3.8950
    1.8343    3.8946
    1.8568    3.8950
    1.8793    3.8958
    1.9019    3.8968
    1.9244    3.8978
    1.9469    3.8988
    1.9695    3.8995
    1.9920    3.9000
    2.0145    3.9001
    2.0397    3.9004
    2.0649    3.9010
    2.0901    3.9018
    2.1152    3.9025
    2.1404    3.9027
    2.1656    3.9020
    2.1908    3.9004
    2.2159    3.8977
    2.2411    3.8940
    2.2663    3.8897
    2.2915    3.8850
    2.3166    3.8803
    2.3418    3.8757
    2.3670    3.8714
    2.3922    3.8678
    2.4173    3.8650
    2.4425    3.8632
    2.4677    3.8635
    2.4929    3.8704
    2.5180    3.8909
    2.5432    3.9182
    2.5684    3.9465
    2.5936    3.9729
    2.6187    3.9951
    2.6439    4.0121
    2.6691    4.0237
    2.6943    4.0308
    2.7194    4.0348
    2.7446    4.0368
    2.7698    4.0373

    0.0000    4.2025
    0.0194    4.2024
    0.0389    4.2020
    0.0583    4.2013
    0.0778    4.2004
    0.0972    4.1991
    0.1166    4.1975
    0.1361    4.1956
    0.1555    4.1933
    0.1750    4.1907
    0.1944    4.1877
    0.2138    4.1843
    0.2333    4.1807
    0.2527    4.1767
    0.2722    4.1725
    0.2916    4.1681
    0.3111    4.1635
    0.3305    4.1589
    0.3499    4.1542
    0.3694    4.1496
    0.3888    4.1450
    0.4083    4.1407
    0.4277    4.1366
    0.4471    4.1328
    0.4666    4.1294
    0.4860    4.1265
    0.5055    4.1240
    0.5249    4.1220
    0.5443    4.1205
    0.5638    4.1197
    0.5832    4.1194
    0.6084    4.1196
    0.6336    4.1202
    0.6587    4.1213
    0.6839    4.1227
    0.7091    4.1244
    0.7343    4.1265
    0.7595    4.1289
    0.7846    4.1313
    0.8098    4.1338
    0.8350    4.1359
    0.8602    4.1375
    0.8853    4.1384
    0.9105    4.1383
    0.9357    4.1372
    0.9609    4.1351
    0.9860    4.1321
    1.0112    4.1284
    1.0364    4.1243
    1.0616    4.1200
    1.0867    4.1160
    1.1119    4.1125
    1.1371    4.1097
    1.1623    4.1080
    1.1874    4.1072
    1.2126    4.1073
    1.2378    4.1081
    1.2630    4.1093
    1.2881    4.1104
    1.3133    4.1112
    1.3385    4.1115
    1.3610    4.1116
    1.3836    4.1118
    1.4061    4.1123
    1.4286    4.1129
    1.4512    4.1137
    1.4737    4.1147
    1.4962    4.1159
    1.5188    4.1170
    1.5413    4.1179
    1.5638    4.1180
    1.5864    4.1164
    1.6089    4.1110
    1.6314    4.0999
    1.6540    4.0838
    1.6765    4.0655
    1.6990    4.0476
    1.7216    4.0320
    1.7441    4.0201
    1.7666    4.0128
    1.7892    4.0095
    1.8117    4.0092
    1.8343    4.0107
    1.8568    4.0133
    1.8793    4.0162
    1.9019    4.0190
    1.9244    4.0216
    1.9469    4.0238
    1.9695    4.0254
    1.9920    4.0263
    2.0145    4.0267
    2.0397    4.0265
    2.0649    4.0259
    2.0901    4.0252
    2.1152    4.0248
    2.1404    4.0249
    2.1656    4.0262
    2.1908    4.0287
    2.2159    4.0326
    2.2411    4.0380
    2.2663    4.0446
    2.2915    4.0522
    2.3166    4.0608
    2.3418    4.0700
    2.3670    4.0798
    2.3922    4.0900
    2.4173    4.1003
    2.4425    4.1108
    2.4677    4.1212
    2.4929    4.1313
    2.5180    4.1407
    2.5432    4.1479
    2.5684    4.1517
    2.5936    4.1550
    2.6187    4.1602
    2.6439    4.1679
    2.6691    4.1773
    2.6943    4.1869
    2.7194    4.1952
    2.7446    4.2006
    2.7698    4.2025

    0.0000    4.2025
    0.0194    4.2024
    0.0389    4.2020
    0.0583    4.2013
    0.0778    4.2004
    0.0972    4.1991
    0.1166    4.1975
    0.1361    4.1956
    0.1555    4.1933
    0.1750    4.1907
    0.1944    4.1877
    0.2138    4.1844
    0.2333    4.1807
    0.2527    4.1767
    0.2722    4.1725
    0.2916    4.1681
    0.3111    4.1636
    0.3305    4.1589
    0.3499    4.1542
    0.3694    4.1496
    0.3888    4.1451
    0.4083    4.1407
    0.4277    4.1366
    0.4471    4.1329
    0.4666    4.1295
    0.4860    4.1265
    0.5055    4.1240
    0.5249    4.1220
    0.5443    4.1206
    0.5638    4.1197
    0.5832    4.1194
    0.6084    4.1202
    0.6336    4.1227
    0.6587    4.1267
    0.6839    4.1318
    0.7091    4.1377
    0.7343    4.1442
    0.7595    4.1509
    0.7846    4.1578
    0.8098    4.1646
    0.8350    4.1715
    0.8602    4.1785
    0.8853    4.1858
    0.9105    4.1936
    0.9357    4.2017
    0.9609    4.2104
    0.9860    4.2194
    1.0112    4.2287
    1.0364    4.2381
    1.0616    4.2475
    1.0867    4.2567
    1.1119    4.2655
    1.1371    4.2739
    1.1623    4.2817
    1.1874    4.2887
    1.2126    4.2948
    1.2378    4.2999
    1.2630    4.3040
    1.2881    4.3070
    1.3133    4.3088
    1.3385    4.3094
    1.3610    4.3082
    1.3836    4.3045
    1.4061    4.2984
    1.4286    4.2900
    1.4512    4.2794
    1.4737    4.2667
    1.4962    4.2521
    1.5188    4.2358
    1.5413    4.2183
    1.5638    4.2004
    1.5864    4.1833
    1.6089    4.1692
    1.6314    4.1605
    1.6540    4.1572
    1.6765    4.1570
    1.6990    4.1585
    1.7216    4.1607
    1.7441    4.1633
    1.7666    4.1661
    1.7892    4.1689
    1.8117    4.1716
    1.8343    4.1741
    1.8568    4.1765
    1.8793    4.1786
    1.9019    4.1804
    1.9244    4.1820
    1.9469    4.1832
    1.9695    4.1841
    1.9920    4.1846
    2.0145    4.1848
    2.0397    4.1850
    2.0649    4.1854
    2.0901    4.1860
    2.1152    4.1867
    2.1404    4.1873
    2.1656    4.1877
    2.1908    4.1878
    2.2159    4.1875
    2.2411    4.1868
    2.2663    4.1855
    2.2915    4.1838
    2.3166    4.1816
    2.3418    4.1790
    2.3670    4.1761
    2.3922    4.1728
    2.4173    4.1694
    2.4425    4.1660
    2.4677    4.1628
    2.4929    4.1600
    2.5180    4.1584
    2.5432    4.1595
    2.5684    4.1649
    2.5936    4.1724
    2.6187    4.1797
    2.6439    4.1863
    2.6691    4.1920
    2.6943    4.1965
    2.7194    4.1998
    2.7446    4.2019
    2.7698    4.2025

    0.0000    6.4590
    0.0194    6.4578
    0.0389    6.4544
    0.0583    6.4488
    0.0778    6.4414
    0.0972    6.4322
    0.1166    6.4217
    0.1361    6.4101
    0.1555    6.3977
    0.1750    6.3846
    0.1944    6.3712
    0.2138    6.3577
    0.2333    6.3441
    0.2527    6.3308
    0.2722    6.3177
    0.2916    6.3051
    0.3111    6.2930
    0.3305    6.2816
    0.3499    6.2708
    0.3694    6.2608
    0.3888    6.2516
    0.4083    6.2432
    0.4277    6.2357
    0.4471    6.2290
    0.4666    6.2233
    0.4860    6.2184
    0.5055    6.2144
    0.5249    6.2113
    0.5443    6.2091
    0.5638    6.2078
    0.5832    6.2073
    0.6084    6.2077
    0.6336    6.2087
    0.6587    6.2103
    0.6839    6.2127
    0.7091    6.2158
    0.7343    6.2197
    0.7595    6.2244
    0.7846    6.2301
    0.8098    6.2367
    0.8350    6.2443
    0.8602    6.2529
    0.8853    6.2625
    0.9105    6.2731
    0.9357    6.2845
    0.9609    6.2967
    0.9860    6.3094
    1.0112    6.3222
    1.0364    6.3344
    1.0616    6.3451
    1.0867    6.3536
    1.1119    6.3592
    1.1371    6.3617
    1.1623    6.3615
    1.1874    6.3592
    1.2126    6.3557
    1.2378    6.3518
    1.2630    6.3482
    1.2881    6.3454
    1.3133    6.3436
    1.3385    6.3430
    1.3610    6.3425
    1.3836    6.3413
    1.4061    6.3392
    1.4286    6.3362
    1.4512    6.3324
    1.4737    6.3277
    1.4962    6.3222
    1.5188    6.3159
    1.5413    6.3089
    1.5638    6.3015
    1.5864    6.2936
    1.6089    6.2857
    1.6314    6.2777
    1.6540    6.2699
    1.6765    6.2625
    1.6990    6.2556
    1.7216    6.2492
    1.7441    6.2435
    1.7666    6.2384
    1.7892    6.2339
    1.8117    6.2301
    1.8343    6.2268
    1.8568    6.2241
    1.8793    6.2218
    1.9019    6.2201
    1.9244    6.2187
    1.9469    6.2176
    1.9695    6.2169
    1.9920    6.2165
    2.0145    6.2163
    2.0397    6.2172
    2.0649    6.2198
    2.0901    6.2240
    2.1152    6.2296
    2.1404    6.2362
    2.1656    6.2436
    2.1908    6.2514
    2.2159    6.2594
    2.2411    6.2674
    2.2663    6.2754
    2.2915    6.2835
    2.3166    6.2919
    2.3418    6.3006
    2.3670    6.3098
    2.3922    6.3195
    2.4173    6.3297
    2.4425    6.3406
    2.4677    6.3519
    2.4929    6.3636
    2.5180    6.3755
    2.5432    6.3876
    2.5684    6.3996
    2.5936    6.4112
    2.6187    6.4222
    2.6439    6.4324
    2.6691    6.4414
    2.6943    6.4488
    2.7194    6.4543
    2.7446    6.4578
    2.7698    6.4590

    0.0000    6.4590
    0.0194    6.4578
    0.0389    6.4544
    0.0583    6.4488
    0.0778    6.4414
    0.0972    6.4323
    0.1166    6.4218
    0.1361    6.4102
    0.1555    6.3977
    0.1750    6.3847
    0.1944    6.3713
    0.2138    6.3578
    0.2333    6.3443
    0.2527    6.3309
    0.2722    6.3179
    0.2916    6.3052
    0.3111    6.2932
    0.3305    6.2817
    0.3499    6.2709
    0.3694    6.2609
    0.3888    6.2517
    0.4083    6.2433
    0.4277    6.2357
    0.4471    6.2291
    0.4666    6.2233
    0.4860    6.2184
    0.5055    6.2144
    0.5249    6.2113
    0.5443    6.2091
    0.5638    6.2078
    0.5832    6.2074
    0.6084    6.2079
    0.6336    6.2097
    0.6587    6.2127
    0.6839    6.2168
    0.7091    6.2220
    0.7343    6.2283
    0.7595    6.2357
    0.7846    6.2440
    0.8098    6.2532
    0.8350    6.2632
    0.8602    6.2740
    0.8853    6.2854
    0.9105    6.2972
    0.9357    6.3095
    0.9609    6.3221
    0.9860    6.3348
    1.0112    6.3479
    1.0364    6.3613
    1.0616    6.3753
    1.0867    6.3900
    1.1119    6.4050
    1.1371    6.4199
    1.1623    6.4338
    1.1874    6.4460
    1.2126    6.4560
    1.2378    6.4637
    1.2630    6.4693
    1.2881    6.4732
    1.3133    6.4755
    1.3385    6.4763
    1.3610    6.4760
    1.3836    6.4752
    1.4061    6.4737
    1.4286    6.4716
    1.4512    6.4684
    1.4737    6.4642
    1.4962    6.4586
    1.5188    6.4518
    1.5413    6.4443
    1.5638    6.4365
    1.5864    6.4289
    1.6089    6.4216
    1.6314    6.4149
    1.6540    6.4087
    1.6765    6.4031
    1.6990    6.3980
    1.7216    6.3933
    1.7441    6.3891
    1.7666    6.3853
    1.7892    6.3819
    1.8117    6.3788
    1.8343    6.3761
    1.8568    6.3737
    1.8793    6.3716
    1.9019    6.3699
    1.9244    6.3685
    1.9469    6.3674
    1.9695    6.3666
    1.9920    6.3661
    2.0145    6.3659
    2.0397    6.3662
    2.0649    6.3672
    2.0901    6.3690
    2.1152    6.3720
    2.1404    6.3766
    2.1656    6.3830
    2.1908    6.3917
    2.2159    6.4028
    2.2411    6.4164
    2.2663    6.4323
    2.2915    6.4500
    2.3166    6.4689
    2.3418    6.4876
    2.3670    6.5017
    2.3922    6.5061
    2.4173    6.5044
    2.4425    6.5007
    2.4677    6.4964
    2.4929    6.4917
    2.5180    6.4871
    2.5432    6.4825
    2.5684    6.4781
    2.5936    6.4740
    2.6187    6.4702
    2.6439    6.4669
    2.6691    6.4641
    2.6943    6.4619
    2.7194    6.4603
    2.7446    6.4593
    2.7698    6.4590

    0.0000    6.7676
    0.0194    6.7682
    0.0389    6.7698
    0.0583    6.7723
    0.0778    6.7755
    0.0972    6.7793
    0.1166    6.7834
    0.1361    6.7875
    0.1555    6.7916
    0.1750    6.7955
    0.1944    6.7990
    0.2138    6.8021
    0.2333    6.8046
    0.2527    6.8066
    0.2722    6.8080
    0.2916    6.8088
    0.3111    6.8092
    0.3305    6.8090
    0.3499    6.8084
    0.3694    6.8074
    0.3888    6.8062
    0.4083    6.8047
    0.4277    6.8031
    0.4471    6.8014
    0.4666    6.7997
    0.4860    6.7982
    0.5055    6.7969
    0.5249    6.7957
    0.5443    6.7949
    0.5638    6.7944
    0.5832    6.7942
    0.6084    6.7930
    0.6336    6.7895
    0.6587    6.7837
    0.6839    6.7757
    0.7091    6.7656
    0.7343    6.7535
    0.7595    6.7397
    0.7846    6.7243
    0.8098    6.7074
    0.8350    6.6895
    0.8602    6.6706
    0.8853    6.6511
    0.9105    6.6313
    0.9357    6.6115
    0.9609    6.5921
    0.9860    6.5733
    1.0112    6.5556
    1.0364    6.5396
    1.0616    6.5258
    1.0867    6.5150
    1.1119    6.5077
    1.1371    6.5047
    1.1623    6.5061
    1.1874    6.5119
    1.2126    6.5214
    1.2378    6.5333
    1.2630    6.5461
    1.2881    6.5580
    1.3133    6.5669
    1.3385    6.5703
    1.3610    6.5672
    1.3836    6.5593
    1.4061    6.5485
    1.4286    6.5368
    1.4512    6.5253
    1.4737    6.5149
    1.4962    6.5063
    1.5188    6.4996
    1.5413    6.4947
    1.5638    6.4911
    1.5864    6.4885
    1.6089    6.4866
    1.6314    6.4854
    1.6540    6.4849
    1.6765    6.4849
    1.6990    6.4856
    1.7216    6.4870
    1.7441    6.4891
    1.7666    6.4921
    1.7892    6.4959
    1.8117    6.5005
    1.8343    6.5061
    1.8568    6.5125
    1.8793    6.5197
    1.9019    6.5275
    1.9244    6.5357
    1.9469    6.5438
    1.9695    6.5510
    1.9920    6.5562
    2.0145    6.5582
    2.0397    6.5580
    2.0649    6.5572
    2.0901    6.5559
    2.1152    6.5543
    2.1404    6.5524
    2.1656    6.5501
    2.1908    6.5476
    2.2159    6.5448
    2.2411    6.5418
    2.2663    6.5386
    2.2915    6.5355
    2.3166    6.5326
    2.3418    6.5312
    2.3670    6.5351
    2.3922    6.5491
    2.4173    6.5692
    2.4425    6.5911
    2.4677    6.6133
    2.4929    6.6350
    2.5180    6.6558
    2.5432    6.6755
    2.5684    6.6937
    2.5936    6.7103
    2.6187    6.7251
    2.6439    6.7378
    2.6691    6.7484
    2.6943    6.7568
    2.7194    6.7628
    2.7446    6.7664
    2.7698    6.7676

    0.0000    6.7677
    0.0194    6.7682
    0.0389    6.7698
    0.0583    6.7723
    0.0778    6.7755
    0.0972    6.7793
    0.1166    6.7834
    0.1361    6.7876
    0.1555    6.7917
    0.1750    6.7956
    0.1944    6.7991
    0.2138    6.8022
    0.2333    6.8047
    0.2527    6.8067
    0.2722    6.8081
    0.2916    6.8090
    0.3111    6.8093
    0.3305    6.8091
    0.3499    6.8085
    0.3694    6.8075
    0.3888    6.8062
    0.4083    6.8047
    0.4277    6.8031
    0.4471    6.8014
    0.4666    6.7998
    0.4860    6.7982
    0.5055    6.7969
    0.5249    6.7958
    0.5443    6.7949
    0.5638    6.7944
    0.5832    6.7942
    0.6084    6.7943
    0.6336    6.7945
    0.6587    6.7948
    0.6839    6.7951
    0.7091    6.7955
    0.7343    6.7959
    0.7595    6.7962
    0.7846    6.7964
    0.8098    6.7963
    0.8350    6.7959
    0.8602    6.7952
    0.8853    6.7939
    0.9105    6.7922
    0.9357    6.7898
    0.9609    6.7867
    0.9860    6.7828
    1.0112    6.7781
    1.0364    6.7726
    1.0616    6.7661
    1.0867    6.7586
    1.1119    6.7502
    1.1371    6.7408
    1.1623    6.7306
    1.1874    6.7195
    1.2126    6.7078
    1.2378    6.6957
    1.2630    6.6839
    1.2881    6.6731
    1.3133    6.6651
    1.3385    6.6621
    1.3610    6.6650
    1.3836    6.6729
    1.4061    6.6835
    1.4286    6.6954
    1.4512    6.7074
    1.4737    6.7191
    1.4962    6.7299
    1.5188    6.7397
    1.5413    6.7482
    1.5638    6.7552
    1.5864    6.7607
    1.6089    6.7646
    1.6314    6.7669
    1.6540    6.7675
    1.6765    6.7664
    1.6990    6.7637
    1.7216    6.7594
    1.7441    6.7536
    1.7666    6.7464
    1.7892    6.7380
    1.8117    6.7284
    1.8343    6.7179
    1.8568    6.7066
    1.8793    6.6949
    1.9019    6.6829
    1.9244    6.6712
    1.9469    6.6602
    1.9695    6.6508
    1.9920    6.6443
    2.0145    6.6419
    2.0397    6.6431
    2.0649    6.6467
    2.0901    6.6526
    2.1152    6.6603
    2.1404    6.6696
    2.1656    6.6800
    2.1908    6.6911
    2.2159    6.7028
    2.2411    6.7145
    2.2663    6.7261
    2.2915    6.7372
    2.3166    6.7476
    2.3418    6.7572
    2.3670    6.7657
    2.3922    6.7730
    2.4173    6.7790
    2.4425    6.7836
    2.4677    6.7869
    2.4929    6.7888
    2.5180    6.7894
    2.5432    6.7889
    2.5684    6.7873
    2.5936    6.7849
    2.6187    6.7819
    2.6439    6.7786
    2.6691    6.7753
    2.6943    6.7722
    2.7194    6.7698
    2.7446    6.7682
    2.7698    6.7677

