
     =--------------------------------------------------------------------------------=
                      :::    :::           ::::::::         :::       ::: 
                     :+:   :+:           :+:    :+:        :+:       :+:  
                    +:+  +:+            +:+               +:+       +:+   
                   +#++:++             +#+               +#+  +:+  +#+    
                  +#+  +#+            +#+               +#+ +#+#+ +#+     
                 #+#   #+#           #+#    #+#         #+#+# #+#+#       
                ###    ###           ########           ###   ###         

       Koopmans functional implementation based on DFPT; please cite this program as

        N.Colonna, R. De Gennaro, E. Linscott, and N. Marzari, JCTC 18, 5435 (2022) 

                                                                                    

       If you use the non-collinear mode (with/without spin-orbit coupling) please cite

        A. Marrazzo and N. Colonna, Phys. Rev. Research 6, 033085 (2024)  
     =--------------------------------------------------------------------------------=

     Program KCW v.7.5 starts on 16Sep2025 at 20:54:50 
        Git branch: develop
        Last git commit: 7e86c4d7f8b367fcfbff0156d653f13ca55b1b03-dirty
        Last git commit date: Tue Sep 16 17:33:36 2025 +0000
        Last git commit subject: Merge branch 'vhpsi' into 'develop'

     This program is part of the open-source Quantum ESPRESSO suite
     for quantum simulation of materials; please cite
         "P. Giannozzi et al., J. Phys.:Condens. Matter 21 395502 (2009);
         "P. Giannozzi et al., J. Phys.:Condens. Matter 29 465901 (2017);
         "P. Giannozzi et al., J. Chem. Phys. 152 154105 (2020);
          URL http://www.quantum-espresso.org", 
     in publications or presentations arising from this work. More details at
     http://www.quantum-espresso.org/quote

     Parallel version (MPI), running on     4 processors

     MPI processes distributed on     1 nodes
     R & G space division:  proc/nbgrp/npool/nimage =       4
     4242 MiB available memory on the printing compute node when the environment starts


     KCW INPUT SUMMARY 
     ============================================

      CONTROL 
       # title               =            KI H2O
       # out_dir             =/home/nicola/CODES
       # prefix              =              cri3
       # calculation         =               ham
       # kcw_iverbosity      =                 1
       # kcw_at_ks           =                 F
       # MP grid             =     2     2     2
       # spin_component      =                 1
       # homo_only           =                 F
       # read_unitary_matrix =                 T
       # check_ks            =                 T
       # l_vcut              =                 F
       # assume_isolated     =              none
       # io_sp               =                 F
       # io_real_space       =                 F
       # irr_bz              =                 F
           # use_wct         =                 F

      WANNIER 
       # seedname            =              wann
       # num_wann_occ        =                38
       # num_wann_emp        =                 4
       # have_empty          =                 T
       # has_disentangle     =                 F
       # l_unique_manifold   =                 F

      HAM 
       # qp_symm             =                 F
       # kipz_corr           =                 F
       # MP grid             =     2     2     2
       # do_bands            =                 T
       # use_ws_distance     =                 T
       # write_hr            =                 T
       # l_alpha_corr        =                 F
       # on_site_only        =                 T
     ============================================

     INFO: Reading pwscf data

     Reading xml data from directory:

     /home/nicola/CODES/q-e-kcw/tempdir/cri3.save/

     IMPORTANT: XC functional enforced from input :
     Exchange-correlation= PW
                           (   1   4   0   0   0   0   0)
     Any further DFT definition will be discarded
     Please, verify this is what you really want


     Parallelization info
     --------------------
     sticks:   dense  smooth     PW     G-vecs:    dense   smooth      PW
     Min         539     539    147                15534    15534    2263
     Max         540     540    148                15535    15535    2267
     Sum        2159    2159    591                62139    62139    9063

     Using Slab Decomposition


     Check: negative core charge=   -0.000182
     Reading collected, re-writing distributed wavefunctions

     INFO: total number of primitive cell    8

     READING SCREENING PARAMETERS

     INFO: alphas read from:file_alpharef.txt                                                                                                                                                                                                                                               
     iwann =     1   alpha =      0.12200000
     iwann =     2   alpha =      0.12200000
     iwann =     3   alpha =      0.12200000
     iwann =     4   alpha =      0.12200000
     iwann =     5   alpha =      0.12200000
     iwann =     6   alpha =      0.12200000
     iwann =     7   alpha =      0.12200000
     iwann =     8   alpha =      0.12200000
     iwann =     9   alpha =      0.12200000
     iwann =    10   alpha =      0.12200000
     iwann =    11   alpha =      0.12200000
     iwann =    12   alpha =      0.12200000
     iwann =    13   alpha =      0.12200000
     iwann =    14   alpha =      0.12200000
     iwann =    15   alpha =      0.12200000
     iwann =    16   alpha =      0.12200000
     iwann =    17   alpha =      0.12200000
     iwann =    18   alpha =      0.12200000
     iwann =    19   alpha =      0.12200000
     iwann =    20   alpha =      0.12200000
     iwann =    21   alpha =      0.12200000
     iwann =    22   alpha =      0.12200000
     iwann =    23   alpha =      0.12200000
     iwann =    24   alpha =      0.12200000
     iwann =    25   alpha =      0.12200000
     iwann =    26   alpha =      0.12200000
     iwann =    27   alpha =      0.12200000
     iwann =    28   alpha =      0.12200000
     iwann =    29   alpha =      0.12200000
     iwann =    30   alpha =      0.12200000
     iwann =    31   alpha =      0.12200000
     iwann =    32   alpha =      0.12200000
     iwann =    33   alpha =      0.12200000
     iwann =    34   alpha =      0.12200000
     iwann =    35   alpha =      0.12200000
     iwann =    36   alpha =      0.12200000
     iwann =    37   alpha =      0.12200000
     iwann =    38   alpha =      0.12200000
     iwann =    39   alpha =      0.12200000
     iwann =    40   alpha =      0.12200000
     iwann =    41   alpha =      0.12200000
     iwann =    42   alpha =      0.12200000

     INFO: MLWF read from file: Reading collected, re-writing distributed wavefunctions

        KS Hamiltonian calculation at k=      0.0000      0.0000      0.0000   ...    DONE 

        WANN     -70.5807   -70.5737   -42.1327   -42.1254   -42.1085   -42.1085   -42.0987   -42.0987
        WANN      -8.4968    -7.5138    -7.3347    -7.3347    -7.2545    -7.2545    -0.0625    -0.0311
        WANN       0.8887     0.8887     1.0134     1.0134     1.2570     1.9221     1.9221     1.9667
        WANN       2.3166     2.3166     2.6571     3.5612     3.5612     3.9123     4.0869     4.0869
        WANN       4.1440     4.3695     4.3695     4.4037     4.6552     4.6552     6.1168     6.1168
        WANN       6.4255     6.4255
        PWSCF    -70.5807   -70.5738   -42.1327   -42.1255   -42.1085   -42.1085   -42.0988   -42.0988
        PWSCF     -8.4968    -7.5138    -7.3347    -7.3347    -7.2545    -7.2545    -0.0625    -0.0311
        PWSCF      0.8887     0.8887     1.0134     1.0134     1.2570     1.9221     1.9221     1.9667
        PWSCF      2.3165     2.3165     2.6571     3.5612     3.5612     3.9123     4.0869     4.0869
        PWSCF      4.1440     4.3695     4.3695     4.4037     4.6551     4.6551     6.1168     6.1168
        PWSCF      6.4255     6.4255

        KS Hamiltonian calculation at k=      0.0000     -0.6475      0.1944   ...    DONE 

        WANN     -70.5777   -70.5741   -42.1250   -42.1237   -42.1125   -42.1077   -42.1041   -42.0900
        WANN      -8.0702    -7.8422    -7.4023    -7.3785    -7.3279    -7.3254    -0.1276     0.4717
        WANN       0.6087     1.1535     1.1665     1.4843     1.5478     1.7763     1.9978     2.0644
        WANN       2.1469     2.5212     3.1240     3.2236     3.2903     3.5040     3.7138     3.8404
        WANN       3.9509     4.1116     4.3927     4.4519     4.6084     4.8625     6.0008     6.1341
        WANN       6.2281     6.3199
        PWSCF    -70.5777   -70.5742   -42.1251   -42.1238   -42.1125   -42.1078   -42.1042   -42.0900
        PWSCF     -8.0702    -7.8422    -7.4023    -7.3785    -7.3279    -7.3254    -0.1276     0.4717
        PWSCF      0.6087     1.1535     1.1665     1.4843     1.5478     1.7763     1.9978     2.0644
        PWSCF      2.1469     2.5211     3.1240     3.2236     3.2903     3.5039     3.7138     3.8404
        PWSCF      3.9508     4.1116     4.3927     4.4519     4.6084     4.8625     6.0008     6.1341
        PWSCF      6.2281     6.3199

        KS Hamiltonian calculation at k=     -0.5607      0.3237      0.1944   ...    DONE 

        WANN     -70.5777   -70.5741   -42.1250   -42.1237   -42.1125   -42.1077   -42.1041   -42.0900
        WANN      -8.0702    -7.8422    -7.4023    -7.3785    -7.3279    -7.3254    -0.1276     0.4717
        WANN       0.6087     1.1535     1.1665     1.4843     1.5478     1.7763     1.9978     2.0644
        WANN       2.1469     2.5212     3.1240     3.2236     3.2903     3.5040     3.7138     3.8404
        WANN       3.9509     4.1116     4.3927     4.4519     4.6084     4.8625     6.0008     6.1341
        WANN       6.2281     6.3199
        PWSCF    -70.5777   -70.5742   -42.1251   -42.1238   -42.1125   -42.1078   -42.1042   -42.0900
        PWSCF     -8.0702    -7.8422    -7.4023    -7.3785    -7.3279    -7.3254    -0.1276     0.4717
        PWSCF      0.6087     1.1535     1.1665     1.4843     1.5478     1.7763     1.9978     2.0644
        PWSCF      2.1469     2.5211     3.1240     3.2236     3.2903     3.5039     3.7138     3.8404
        PWSCF      3.9508     4.1116     4.3927     4.4519     4.6084     4.8625     6.0008     6.1341
        PWSCF      6.2281     6.3199

        KS Hamiltonian calculation at k=     -0.5607     -0.3237      0.3888   ...    DONE 

        WANN     -70.5829   -70.5805   -42.1340   -42.1260   -42.1201   -42.1145   -42.1135   -42.0931
        WANN      -7.9981    -7.7795    -7.4822    -7.4735    -7.4037    -7.2463    -0.0216     0.5579
        WANN       0.9533     1.0442     1.1175     1.4747     1.6591     1.9229     2.0318     2.1460
        WANN       2.2685     2.3679     2.5295     3.0605     3.0753     3.3712     3.6507     3.8543
        WANN       3.9559     4.1693     4.3841     4.5092     4.5290     4.7679     5.8742     6.0238
        WANN       6.2161     6.2997
        PWSCF    -70.5830   -70.5806   -42.1341   -42.1261   -42.1201   -42.1146   -42.1136   -42.0932
        PWSCF     -7.9981    -7.7795    -7.4822    -7.4735    -7.4037    -7.2463    -0.0216     0.5579
        PWSCF      0.9533     1.0442     1.1175     1.4747     1.6591     1.9229     2.0318     2.1460
        PWSCF      2.2685     2.3679     2.5295     3.0605     3.0753     3.3712     3.6507     3.8543
        PWSCF      3.9559     4.1692     4.3841     4.5091     4.5289     4.7679     5.8742     6.0238
        PWSCF      6.2160     6.2997

        KS Hamiltonian calculation at k=      0.5607      0.3237      0.1944   ...    DONE 

        WANN     -70.5777   -70.5741   -42.1250   -42.1237   -42.1125   -42.1077   -42.1041   -42.0900
        WANN      -8.0702    -7.8422    -7.4023    -7.3785    -7.3279    -7.3254    -0.1276     0.4717
        WANN       0.6087     1.1535     1.1665     1.4843     1.5478     1.7763     1.9978     2.0644
        WANN       2.1469     2.5212     3.1240     3.2236     3.2903     3.5040     3.7138     3.8404
        WANN       3.9509     4.1116     4.3927     4.4519     4.6084     4.8625     6.0008     6.1341
        WANN       6.2281     6.3199
        PWSCF    -70.5777   -70.5742   -42.1251   -42.1238   -42.1125   -42.1078   -42.1042   -42.0900
        PWSCF     -8.0702    -7.8422    -7.4023    -7.3785    -7.3279    -7.3254    -0.1276     0.4717
        PWSCF      0.6087     1.1535     1.1665     1.4843     1.5478     1.7763     1.9978     2.0644
        PWSCF      2.1469     2.5211     3.1240     3.2236     3.2903     3.5039     3.7138     3.8404
        PWSCF      3.9508     4.1116     4.3927     4.4519     4.6084     4.8625     6.0008     6.1341
        PWSCF      6.2281     6.3199

        KS Hamiltonian calculation at k=      0.5607     -0.3237      0.3888   ...    DONE 

        WANN     -70.5829   -70.5805   -42.1340   -42.1260   -42.1201   -42.1145   -42.1135   -42.0931
        WANN      -7.9981    -7.7795    -7.4822    -7.4735    -7.4037    -7.2463    -0.0216     0.5579
        WANN       0.9533     1.0442     1.1175     1.4747     1.6591     1.9229     2.0318     2.1460
        WANN       2.2685     2.3679     2.5295     3.0605     3.0753     3.3712     3.6507     3.8543
        WANN       3.9559     4.1693     4.3841     4.5092     4.5290     4.7679     5.8742     6.0238
        WANN       6.2161     6.2997
        PWSCF    -70.5830   -70.5806   -42.1341   -42.1261   -42.1201   -42.1146   -42.1136   -42.0932
        PWSCF     -7.9981    -7.7795    -7.4822    -7.4735    -7.4037    -7.2463    -0.0216     0.5579
        PWSCF      0.9533     1.0442     1.1175     1.4747     1.6591     1.9229     2.0318     2.1460
        PWSCF      2.2685     2.3679     2.5295     3.0605     3.0753     3.3712     3.6507     3.8543
        PWSCF      3.9559     4.1692     4.3841     4.5091     4.5289     4.7679     5.8742     6.0238
        PWSCF      6.2160     6.2997

        KS Hamiltonian calculation at k=      0.0000      0.6475      0.3888   ...    DONE 

        WANN     -70.5829   -70.5805   -42.1340   -42.1260   -42.1201   -42.1145   -42.1135   -42.0931
        WANN      -7.9981    -7.7795    -7.4822    -7.4735    -7.4037    -7.2463    -0.0216     0.5579
        WANN       0.9533     1.0442     1.1175     1.4747     1.6591     1.9229     2.0318     2.1460
        WANN       2.2685     2.3679     2.5295     3.0605     3.0753     3.3712     3.6507     3.8543
        WANN       3.9559     4.1693     4.3841     4.5092     4.5290     4.7679     5.8742     6.0238
        WANN       6.2161     6.2997
        PWSCF    -70.5830   -70.5806   -42.1341   -42.1261   -42.1201   -42.1146   -42.1136   -42.0932
        PWSCF     -7.9981    -7.7795    -7.4822    -7.4735    -7.4037    -7.2463    -0.0216     0.5579
        PWSCF      0.9533     1.0442     1.1175     1.4747     1.6591     1.9229     2.0318     2.1460
        PWSCF      2.2685     2.3679     2.5295     3.0605     3.0753     3.3712     3.6507     3.8543
        PWSCF      3.9559     4.1692     4.3841     4.5091     4.5289     4.7679     5.8742     6.0238
        PWSCF      6.2160     6.2997

        KS Hamiltonian calculation at k=      0.0000      0.0000      0.5832   ...    DONE 

        WANN     -70.5791   -70.5760   -42.1328   -42.1124   -42.1124   -42.1058   -42.1058   -42.1025
        WANN      -8.3113    -7.7770    -7.3529    -7.3529    -7.2386    -7.2386    -0.1597     0.8907
        WANN       1.0776     1.0776     1.0797     1.0797     1.4118     1.8261     1.8261     1.9202
        WANN       2.3056     2.3056     2.4316     3.0188     3.3837     3.3837     3.8367     4.0827
        WANN       4.0827     4.2458     4.2458     4.4331     4.6287     4.6287     5.8652     5.8652
        WANN       6.4521     6.4521
        PWSCF    -70.5792   -70.5760   -42.1329   -42.1124   -42.1124   -42.1058   -42.1058   -42.1026
        PWSCF     -8.3113    -7.7770    -7.3529    -7.3529    -7.2386    -7.2386    -0.1597     0.8907
        PWSCF      1.0775     1.0775     1.0797     1.0797     1.4118     1.8261     1.8261     1.9202
        PWSCF      2.3055     2.3055     2.4316     3.0188     3.3836     3.3836     3.8366     4.0826
        PWSCF      4.0826     4.2458     4.2458     4.4331     4.6287     4.6287     5.8652     5.8652
        PWSCF      6.4520     6.4520

     INFO: Coulomb q+G=0 treatment:
     INFO: Divergence            none    
     INFO: q-grid dimension         2   2   2
     INFO: cell volume              1819.528131144983
     INFO: Gamma Extrapolation       F
     INFO: extrapolation q->0 term not estimated
     INFO: Bare Coulomb q+G=0            0.00000E+00

     INFO: READING Wannier-orbital Densities ...

        ==============================================================================
        iq =     1
        The  Wannier density at  q =    0.0000000   0.0000000   0.0000000  [Cart ]
        The  Wannier density at  q =    0.0000000   0.0000000   0.0000000  [Cryst]
        ==============================================================================


        ==============================================================================
        iq =     2
        The  Wannier density at  q =    0.0000000  -0.6474914   0.1944075  [Cart ]
        The  Wannier density at  q =   -0.0000000  -0.0000000   0.5000000  [Cryst]
        ==============================================================================


        ==============================================================================
        iq =     3
        The  Wannier density at  q =   -0.5607440   0.3237457   0.1944075  [Cart ]
        The  Wannier density at  q =    0.0000000   0.5000000  -0.0000000  [Cryst]
        ==============================================================================


        ==============================================================================
        iq =     4
        The  Wannier density at  q =   -0.5607440  -0.3237457   0.3888149  [Cart ]
        The  Wannier density at  q =   -0.0000000   0.5000000   0.5000000  [Cryst]
        ==============================================================================


        ==============================================================================
        iq =     5
        The  Wannier density at  q =    0.5607440   0.3237457   0.1944075  [Cart ]
        The  Wannier density at  q =    0.5000000   0.0000000  -0.0000000  [Cryst]
        ==============================================================================


        ==============================================================================
        iq =     6
        The  Wannier density at  q =    0.5607440  -0.3237457   0.3888149  [Cart ]
        The  Wannier density at  q =    0.5000000  -0.0000000   0.5000000  [Cryst]
        ==============================================================================


        ==============================================================================
        iq =     7
        The  Wannier density at  q =    0.0000000   0.6474914   0.3888149  [Cart ]
        The  Wannier density at  q =    0.5000000   0.5000000  -0.0000000  [Cryst]
        ==============================================================================


        ==============================================================================
        iq =     8
        The  Wannier density at  q =    0.0000000   0.0000000   0.5832224  [Cart ]
        The  Wannier density at  q =    0.5000000   0.5000000   0.5000000  [Cryst]
        ==============================================================================

     INFO: total number of wannier to compute   42 from     1 to    42
     INFO: PREPARING THE KCW CALCULATION ... DONE



     INFO: Skipping off-diag: only R=0 and i=j

     INFO: KC SCALAR TERM CALCULATION ... START

     INFO: KC SCALAR TERM CALCULATION ... END

          k = 0.0000 0.0000 0.0000     band energies (ev):

          KS     -70.5807   -70.5737   -42.1327   -42.1254   -42.1085   -42.1085   -42.0987   -42.0987
          KS      -8.4968    -7.5138    -7.3347    -7.3347    -7.2545    -7.2545    -0.0625    -0.0311
          KS       0.8887     0.8887     1.0134     1.0134     1.2570     1.9221     1.9221     1.9667
          KS       2.3166     2.3166     2.6571     3.5612     3.5612     3.9123     4.0869     4.0869
          KS       4.1440     4.3695     4.3695     4.4037     4.6552     4.6552     6.1168     6.1168
          KS       6.4255     6.4255
          KI     -71.9863   -71.9794   -43.4984   -43.4911   -43.4735   -43.4735   -43.4638   -43.4638
          KI      -8.9924    -8.0095    -7.8303    -7.8303    -7.7501    -7.7501    -0.4340    -0.4230
          KI       0.4914     0.4914     0.5792     0.5793     0.8976     1.5359     1.5476     1.5476
          KI       1.9387     1.9388     2.2884     2.9766     2.9767     3.1425     3.4498     3.4773
          KI       3.4775     3.8517     3.8518     4.0373     4.2025     4.2025     6.4590     6.4590
          KI       6.7676     6.7677

          k = 0.0000-0.6475 0.1944     band energies (ev):

          KS     -70.5777   -70.5741   -42.1250   -42.1237   -42.1125   -42.1077   -42.1041   -42.0900
          KS      -8.0702    -7.8422    -7.4023    -7.3785    -7.3279    -7.3254    -0.1276     0.4717
          KS       0.6087     1.1535     1.1665     1.4843     1.5478     1.7763     1.9978     2.0644
          KS       2.1469     2.5212     3.1240     3.2236     3.2903     3.5040     3.7138     3.8404
          KS       3.9509     4.1116     4.3927     4.4519     4.6084     4.8625     6.0008     6.1341
          KS       6.2281     6.3199
          KI     -71.9833   -71.9797   -43.4907   -43.4894   -43.4775   -43.4727   -43.4692   -43.4550
          KI      -8.5658    -8.3379    -7.8980    -7.8742    -7.8235    -7.8211    -0.5116     0.0828
          KI       0.2447     0.7508     0.7605     1.0404     1.1611     1.3283     1.6062     1.6481
          KI       1.7619     2.0552     2.7416     2.7949     2.8614     2.9636     3.0958     3.3085
          KI       3.4348     3.5158     3.7591     3.8113     4.1116     4.3096     6.3430     6.4763
          KI       6.5703     6.6621

          k =-0.5607 0.3237 0.1944     band energies (ev):

          KS     -70.5777   -70.5741   -42.1250   -42.1237   -42.1125   -42.1077   -42.1041   -42.0900
          KS      -8.0702    -7.8422    -7.4023    -7.3785    -7.3279    -7.3254    -0.1276     0.4717
          KS       0.6087     1.1535     1.1665     1.4843     1.5478     1.7763     1.9978     2.0644
          KS       2.1469     2.5212     3.1240     3.2236     3.2903     3.5040     3.7138     3.8404
          KS       3.9509     4.1116     4.3927     4.4519     4.6084     4.8625     6.0008     6.1341
          KS       6.2281     6.3199
          KI     -71.9833   -71.9797   -43.4907   -43.4894   -43.4775   -43.4727   -43.4692   -43.4550
          KI      -8.5658    -8.3379    -7.8980    -7.8742    -7.8235    -7.8211    -0.5119     0.0828
          KI       0.2447     0.7510     0.7606     1.0403     1.1610     1.3285     1.6062     1.6481
          KI       1.7619     2.0554     2.7416     2.7950     2.8615     2.9635     3.0952     3.3085
          KI       3.4352     3.5159     3.7587     3.8118     4.1115     4.3096     6.3430     6.4763
          KI       6.5703     6.6621

          k =-0.5607-0.3237 0.3888     band energies (ev):

          KS     -70.5829   -70.5805   -42.1340   -42.1260   -42.1201   -42.1145   -42.1135   -42.0931
          KS      -7.9981    -7.7795    -7.4822    -7.4735    -7.4037    -7.2463    -0.0216     0.5579
          KS       0.9533     1.0442     1.1175     1.4747     1.6591     1.9229     2.0318     2.1460
          KS       2.2685     2.3679     2.5295     3.0605     3.0753     3.3712     3.6507     3.8543
          KS       3.9559     4.1693     4.3841     4.5092     4.5290     4.7679     5.8742     6.0238
          KS       6.2161     6.2997
          KI     -71.9886   -71.9861   -43.4997   -43.4917   -43.4851   -43.4795   -43.4785   -43.4581
          KI      -8.4937    -8.2751    -7.9779    -7.9691    -7.8993    -7.7419    -0.4058     0.1728
          KI       0.5463     0.6774     0.7366     1.0840     1.2279     1.4206     1.6230     1.7184
          KI       1.8948     1.9927     2.0306     2.6288     2.6963     2.8704     3.0954     3.2807
          KI       3.3710     3.6401     3.7167     3.8997     4.0266     4.1848     6.2164     6.3659
          KI       6.5582     6.6418

          k = 0.5607 0.3237 0.1944     band energies (ev):

          KS     -70.5777   -70.5741   -42.1250   -42.1237   -42.1125   -42.1077   -42.1041   -42.0900
          KS      -8.0702    -7.8422    -7.4023    -7.3785    -7.3279    -7.3254    -0.1276     0.4717
          KS       0.6087     1.1535     1.1665     1.4843     1.5478     1.7763     1.9978     2.0644
          KS       2.1469     2.5212     3.1240     3.2236     3.2903     3.5040     3.7138     3.8404
          KS       3.9509     4.1116     4.3927     4.4519     4.6084     4.8625     6.0008     6.1341
          KS       6.2281     6.3199
          KI     -71.9833   -71.9797   -43.4907   -43.4894   -43.4775   -43.4727   -43.4692   -43.4550
          KI      -8.5658    -8.3379    -7.8980    -7.8742    -7.8235    -7.8211    -0.5116     0.0828
          KI       0.2447     0.7511     0.7606     1.0402     1.1610     1.3282     1.6061     1.6481
          KI       1.7619     2.0554     2.7416     2.7948     2.8616     2.9633     3.0960     3.3085
          KI       3.4351     3.5158     3.7592     3.8114     4.1115     4.3094     6.3430     6.4763
          KI       6.5703     6.6621

          k = 0.5607-0.3237 0.3888     band energies (ev):

          KS     -70.5829   -70.5805   -42.1340   -42.1260   -42.1201   -42.1145   -42.1135   -42.0931
          KS      -7.9981    -7.7795    -7.4822    -7.4735    -7.4037    -7.2463    -0.0216     0.5579
          KS       0.9533     1.0442     1.1175     1.4747     1.6591     1.9229     2.0318     2.1460
          KS       2.2685     2.3679     2.5295     3.0605     3.0753     3.3712     3.6507     3.8543
          KS       3.9559     4.1693     4.3841     4.5092     4.5290     4.7679     5.8742     6.0238
          KS       6.2161     6.2997
          KI     -71.9886   -71.9861   -43.4997   -43.4917   -43.4851   -43.4795   -43.4785   -43.4581
          KI      -8.4937    -8.2751    -7.9779    -7.9691    -7.8993    -7.7419    -0.4061     0.1728
          KI       0.5464     0.6774     0.7366     1.0840     1.2278     1.4210     1.6231     1.7184
          KI       1.8948     1.9927     2.0306     2.6289     2.6963     2.8705     3.0947     3.2807
          KI       3.3711     3.6403     3.7162     3.9001     4.0267     4.1848     6.2163     6.3659
          KI       6.5582     6.6419

          k = 0.0000 0.6475 0.3888     band energies (ev):

          KS     -70.5829   -70.5805   -42.1340   -42.1260   -42.1201   -42.1145   -42.1135   -42.0931
          KS      -7.9981    -7.7795    -7.4822    -7.4735    -7.4037    -7.2463    -0.0216     0.5579
          KS       0.9533     1.0442     1.1175     1.4747     1.6591     1.9229     2.0318     2.1460
          KS       2.2685     2.3679     2.5295     3.0605     3.0753     3.3712     3.6507     3.8543
          KS       3.9559     4.1693     4.3841     4.5092     4.5290     4.7679     5.8742     6.0238
          KS       6.2161     6.2997
          KI     -71.9886   -71.9861   -43.4997   -43.4917   -43.4851   -43.4795   -43.4785   -43.4581
          KI      -8.4937    -8.2751    -7.9779    -7.9691    -7.8993    -7.7419    -0.4058     0.1727
          KI       0.5465     0.6774     0.7366     1.0840     1.2276     1.4206     1.6230     1.7184
          KI       1.8948     1.9926     2.0306     2.6289     2.6963     2.8703     3.0954     3.2807
          KI       3.3711     3.6403     3.7167     3.9002     4.0264     4.1844     6.2163     6.3659
          KI       6.5582     6.6418

          k = 0.0000 0.0000 0.5832     band energies (ev):

          KS     -70.5791   -70.5760   -42.1328   -42.1124   -42.1124   -42.1058   -42.1058   -42.1025
          KS      -8.3113    -7.7770    -7.3529    -7.3529    -7.2386    -7.2386    -0.1597     0.8907
          KS       1.0776     1.0776     1.0797     1.0797     1.4118     1.8261     1.8261     1.9202
          KS       2.3056     2.3056     2.4316     3.0188     3.3837     3.3837     3.8367     4.0827
          KS       4.0827     4.2458     4.2458     4.4331     4.6287     4.6287     5.8652     5.8652
          KS       6.4521     6.4521
          KI     -71.9847   -71.9816   -43.4985   -43.4774   -43.4774   -43.4708   -43.4708   -43.4682
          KI      -8.8069    -8.2726    -7.8485    -7.8485    -7.7342    -7.7342    -0.5311     0.4872
          KI       0.6498     0.6498     0.6736     0.6737     1.0407     1.4473     1.4473     1.4812
          KI       1.9037     1.9037     2.0725     2.6425     2.8695     2.8696     3.0672     3.5495
          KI       3.5497     3.6685     3.6686     3.7705     4.1194     4.1194     6.2073     6.2074
          KI       6.7942     6.7942

        KS       highest occupied, lowest unoccupied level (ev):     4.8625    5.8652
        KI[2nd]  highest occupied, lowest unoccupied level (ev):     4.3096    6.2073

     ====================================
     STARTING BAND STRUCTURE INTERPOLATION
     ====================================

        KC interpolated eigenvalues at k=      0.0000      0.0000      0.0000

         -71.9863   -71.9794   -43.4984   -43.4911   -43.4735   -43.4735   -43.4638   -43.4638
          -8.9924    -8.0095    -7.8303    -7.8303    -7.7501    -7.7501    -0.4340    -0.4230
           0.4914     0.4914     0.5792     0.5793     0.8976     1.5359     1.5476     1.5476
           1.9387     1.9388     2.2884     2.9766     2.9767     3.1425     3.4498     3.4773
           3.4775     3.8517     3.8518     4.0373     4.2025     4.2025     6.4590     6.4590
           6.7676     6.7677

        KC interpolated eigenvalues at k=      0.0167      0.0167      0.0167

         -71.9863   -71.9794   -43.4984   -43.4910   -43.4735   -43.4735   -43.4638   -43.4638
          -8.9920    -8.0101    -7.8304    -7.8304    -7.7500    -7.7500    -0.4346    -0.4214
           0.4908     0.4908     0.5807     0.5807     0.8984     1.5353     1.5469     1.5469
           1.9386     1.9386     2.2890     2.9766     2.9767     3.1423     3.4488     3.4774
           3.4776     3.8511     3.8512     4.0353     4.2024     4.2024     6.4578     6.4578
           6.7682     6.7682

        KC interpolated eigenvalues at k=      0.0333      0.0333      0.0333

         -71.9863   -71.9794   -43.4984   -43.4908   -43.4735   -43.4735   -43.4639   -43.4639
          -8.9909    -8.0118    -7.8306    -7.8306    -7.7499    -7.7499    -0.4361    -0.4166
           0.4891     0.4891     0.5850     0.5850     0.9009     1.5335     1.5450     1.5450
           1.9381     1.9382     2.2910     2.9768     2.9769     3.1417     3.4456     3.4777
           3.4779     3.8494     3.8495     4.0295     4.2020     4.2020     6.4544     6.4544
           6.7698     6.7698

        KC interpolated eigenvalues at k=      0.0500      0.0500      0.0500

         -71.9863   -71.9794   -43.4984   -43.4905   -43.4735   -43.4734   -43.4641   -43.4641
          -8.9891    -8.0147    -7.8309    -7.8309    -7.7496    -7.7496    -0.4384    -0.4088
           0.4867     0.4867     0.5917     0.5917     0.9049     1.5306     1.5418     1.5418
           1.9374     1.9374     2.2941     2.9770     2.9771     3.1406     3.4401     3.4781
           3.4783     3.8466     3.8467     4.0199     4.2013     4.2013     6.4488     6.4488
           6.7723     6.7723

        KC interpolated eigenvalues at k=      0.0667      0.0667      0.0667

         -71.9863   -71.9794   -43.4984   -43.4901   -43.4734   -43.4734   -43.4644   -43.4643
          -8.9865    -8.0187    -7.8313    -7.8313    -7.7492    -7.7492    -0.4413    -0.3981
           0.4840     0.4840     0.6002     0.6002     0.9103     1.5267     1.5375     1.5375
           1.9365     1.9365     2.2985     2.9773     2.9774     3.1392     3.4322     3.4787
           3.4788     3.8427     3.8428     4.0070     4.2004     4.2004     6.4414     6.4414
           6.7755     6.7755

        KC interpolated eigenvalues at k=      0.0833      0.0833      0.0833

         -71.9862   -71.9795   -43.4984   -43.4895   -43.4734   -43.4733   -43.4647   -43.4647
          -8.9833    -8.0238    -7.8318    -7.8318    -7.7488    -7.7488    -0.4449    -0.3844
           0.4814     0.4815     0.6103     0.6103     0.9171     1.5219     1.5319     1.5320
           1.9353     1.9353     2.3038     2.9775     2.9776     3.1374     3.4214     3.4794
           3.4796     3.8379     3.8379     3.9911     4.1991     4.1991     6.4322     6.4323
           6.7793     6.7793

        KC interpolated eigenvalues at k=      0.1000      0.1000      0.1000

         -71.9862   -71.9795   -43.4984   -43.4889   -43.4733   -43.4733   -43.4650   -43.4650
          -8.9793    -8.0300    -7.8324    -7.8324    -7.7482    -7.7482    -0.4491    -0.3677
           0.4792     0.4793     0.6214     0.6214     0.9250     1.5163     1.5254     1.5254
           1.9340     1.9340     2.3101     2.9775     2.9776     3.1352     3.4074     3.4804
           3.4806     3.8321     3.8322     3.9729     4.1975     4.1975     6.4217     6.4218
           6.7834     6.7834

        KC interpolated eigenvalues at k=      0.1167      0.1167      0.1167

         -71.9862   -71.9796   -43.4984   -43.4881   -43.4732   -43.4732   -43.4655   -43.4655
          -8.9746    -8.0372    -7.8331    -7.8331    -7.7476    -7.7476    -0.4537    -0.3480
           0.4776     0.4777     0.6334     0.6334     0.9339     1.5102     1.5180     1.5180
           1.9325     1.9325     2.3172     2.9773     2.9774     3.1327     3.3897     3.4815
           3.4817     3.8256     3.8257     3.9530     4.1956     4.1956     6.4101     6.4102
           6.7875     6.7876

        KC interpolated eigenvalues at k=      0.1333      0.1333      0.1333

         -71.9861   -71.9797   -43.4984   -43.4873   -43.4731   -43.4731   -43.4660   -43.4659
          -8.9693    -8.0454    -7.8338    -7.8338    -7.7469    -7.7469    -0.4588    -0.3254
           0.4767     0.4768     0.6458     0.6459     0.9435     1.5035     1.5097     1.5098
           1.9310     1.9310     2.3249     2.9767     2.9768     3.1299     3.3679     3.4829
           3.4831     3.8184     3.8185     3.9322     4.1933     4.1933     6.3977     6.3977
           6.7916     6.7917

        KC interpolated eigenvalues at k=      0.1500      0.1500      0.1500

         -71.9861   -71.9797   -43.4984   -43.4863   -43.4730   -43.4730   -43.4665   -43.4665
          -8.9633    -8.0546    -7.8347    -7.8347    -7.7462    -7.7462    -0.4641    -0.2998
           0.4767     0.4767     0.6586     0.6586     0.9536     1.4967     1.5009     1.5010
           1.9295     1.9295     2.3329     2.9757     2.9758     3.1269     3.3414     3.4845
           3.4847     3.8106     3.8107     3.9113     4.1907     4.1907     6.3846     6.3847
           6.7955     6.7956

        KC interpolated eigenvalues at k=      0.1667      0.1667      0.1667

         -71.9860   -71.9798   -43.4984   -43.4853   -43.4730   -43.4729   -43.4671   -43.4670
          -8.9567    -8.0646    -7.8355    -7.8355    -7.7454    -7.7454    -0.4696    -0.2713
           0.4774     0.4775     0.6714     0.6714     0.9640     1.4898     1.4918     1.4918
           1.9280     1.9280     2.3412     2.9741     2.9743     3.1235     3.3098     3.4864
           3.4866     3.8024     3.8025     3.8911     4.1877     4.1877     6.3712     6.3713
           6.7990     6.7991

        KC interpolated eigenvalues at k=      0.1833      0.1833      0.1833

         -71.9859   -71.9799   -43.4984   -43.4843   -43.4729   -43.4729   -43.4677   -43.4676
          -8.9496    -8.0754    -7.8365    -7.8365    -7.7446    -7.7446    -0.4752    -0.2400
           0.4791     0.4792     0.6840     0.6840     0.9744     1.4824     1.4824     1.4830
           1.9265     1.9265     2.3494     2.9719     2.9721     3.1200     3.2731     3.4885
           3.4887     3.7938     3.7939     3.8721     4.1843     4.1844     6.3577     6.3578
           6.8021     6.8022

        KC interpolated eigenvalues at k=      0.2000      0.2000      0.2000

         -71.9859   -71.9800   -43.4984   -43.4831   -43.4728   -43.4728   -43.4683   -43.4683
          -8.9418    -8.0869    -7.8374    -7.8374    -7.7438    -7.7438    -0.4807    -0.2059
           0.4818     0.4818     0.6961     0.6961     0.9846     1.4731     1.4731     1.4767
           1.9251     1.9251     2.3574     2.9690     2.9692     3.1163     3.2311     3.4909
           3.4911     3.7850     3.7851     3.8548     4.1807     4.1807     6.3441     6.3443
           6.8046     6.8047

        KC interpolated eigenvalues at k=      0.2167      0.2167      0.2167

         -71.9858   -71.9801   -43.4984   -43.4820   -43.4727   -43.4727   -43.4689   -43.4689
          -8.9336    -8.0990    -7.8383    -7.8383    -7.7430    -7.7430    -0.4862    -0.1691
           0.4854     0.4854     0.7075     0.7075     0.9943     1.4641     1.4641     1.4708
           1.9236     1.9237     2.3647     2.9654     2.9655     3.1124     3.1842     3.4935
           3.4937     3.7760     3.7761     3.8396     4.1767     4.1767     6.3308     6.3309
           6.8066     6.8067

        KC interpolated eigenvalues at k=      0.2333      0.2333      0.2333

         -71.9857   -71.9802   -43.4984   -43.4808   -43.4726   -43.4726   -43.4695   -43.4695
          -8.9250    -8.1117    -7.8393    -7.8393    -7.7421    -7.7421    -0.4914    -0.1298
           0.4899     0.4899     0.7180     0.7180     1.0033     1.4557     1.4557     1.4657
           1.9223     1.9223     2.3711     2.9610     2.9611     3.1084     3.1331     3.4965
           3.4966     3.7670     3.7671     3.8263     4.1725     4.1725     6.3177     6.3179
           6.8080     6.8081

        KC interpolated eigenvalues at k=      0.2500      0.2500      0.2500

         -71.9857   -71.9803   -43.4984   -43.4796   -43.4726   -43.4726   -43.4701   -43.4701
          -8.9159    -8.1248    -7.8403    -7.8403    -7.7413    -7.7413    -0.4965    -0.0881
           0.4954     0.4954     0.7272     0.7273     1.0115     1.4481     1.4481     1.4615
           1.9209     1.9209     2.3761     2.9558     2.9559     3.0780     3.1049     3.4997
           3.4998     3.7580     3.7581     3.8151     4.1681     4.1681     6.3051     6.3052
           6.8088     6.8090

        KC interpolated eigenvalues at k=      0.2667      0.2667      0.2667

         -71.9856   -71.9804   -43.4984   -43.4784   -43.4727   -43.4727   -43.4706   -43.4706
          -8.9065    -8.1383    -7.8412    -7.8412    -7.7405    -7.7405    -0.5012    -0.0442
           0.5017     0.5018     0.7350     0.7351     1.0186     1.4416     1.4416     1.4582
           1.9196     1.9196     2.3791     2.9500     2.9500     3.0210     3.1008     3.5031
           3.5033     3.7491     3.7492     3.8058     4.1635     4.1636     6.2930     6.2932
           6.8092     6.8093

        KC interpolated eigenvalues at k=      0.2833      0.2833      0.2833

         -71.9855   -71.9806   -43.4984   -43.4772   -43.4729   -43.4729   -43.4710   -43.4710
          -8.8969    -8.1519    -7.8421    -7.8421    -7.7397    -7.7397    -0.5056     0.0017
           0.5090     0.5090     0.7412     0.7412     1.0247     1.4362     1.4362     1.4560
           1.9183     1.9183     2.3795     2.9434     2.9435     2.9630     3.0969     3.5068
           3.5070     3.7403     3.7404     3.7981     4.1589     4.1589     6.2816     6.2817
           6.8090     6.8091

        KC interpolated eigenvalues at k=      0.3000      0.3000      0.3000

         -71.9854   -71.9807   -43.4984   -43.4761   -43.4733   -43.4733   -43.4712   -43.4711
          -8.8871    -8.1656    -7.8430    -7.8430    -7.7390    -7.7390    -0.5097     0.0491
           0.5171     0.5172     0.7455     0.7455     1.0297     1.4322     1.4322     1.4549
           1.9169     1.9170     2.3762     2.9057     2.9364     2.9365     3.0931     3.5107
           3.5108     3.7318     3.7319     3.7919     4.1542     4.1542     6.2708     6.2709
           6.8084     6.8085

        KC interpolated eigenvalues at k=      0.3167      0.3167      0.3167

         -71.9854   -71.9808   -43.4984   -43.4749   -43.4737   -43.4737   -43.4712   -43.4712
          -8.8773    -8.1792    -7.8438    -7.8438    -7.7383    -7.7383    -0.5134     0.0977
           0.5261     0.5261     0.7478     0.7479     1.0336     1.4296     1.4296     1.4548
           1.9156     1.9156     2.3682     2.8510     2.9289     2.9290     3.0894     3.5147
           3.5149     3.7235     3.7236     3.7868     4.1496     4.1496     6.2608     6.2609
           6.8074     6.8075

        KC interpolated eigenvalues at k=      0.3333      0.3333      0.3333

         -71.9853   -71.9809   -43.4984   -43.4743   -43.4743   -43.4739   -43.4712   -43.4712
          -8.8676    -8.1926    -7.8446    -7.8446    -7.7376    -7.7376    -0.5167     0.1471
           0.5358     0.5358     0.7482     0.7482     1.0365     1.4284     1.4284     1.4557
           1.9142     1.9142     2.3543     2.8011     2.9212     2.9213     3.0859     3.5189
           3.5191     3.7156     3.7157     3.7828     4.1450     4.1451     6.2516     6.2517
           6.8062     6.8062

        KC interpolated eigenvalues at k=      0.3500      0.3500      0.3500

         -71.9852   -71.9810   -43.4984   -43.4748   -43.4748   -43.4729   -43.4712   -43.4712
          -8.8580    -8.2055    -7.8453    -7.8453    -7.7370    -7.7370    -0.5196     0.1965
           0.5462     0.5463     0.7465     0.7465     1.0385     1.4285     1.4285     1.4574
           1.9128     1.9128     2.3333     2.7579     2.9134     2.9134     3.0826     3.5232
           3.5233     3.7080     3.7081     3.7796     4.1407     4.1407     6.2432     6.2433
           6.8047     6.8047

        KC interpolated eigenvalues at k=      0.3667      0.3667      0.3667

         -71.9851   -71.9811   -43.4985   -43.4753   -43.4753   -43.4719   -43.4711   -43.4711
          -8.8488    -8.2179    -7.8459    -7.8459    -7.7364    -7.7364    -0.5222     0.2454
           0.5573     0.5573     0.7428     0.7429     1.0398     1.4297     1.4298     1.4598
           1.9113     1.9113     2.3050     2.7229     2.9057     2.9057     3.0795     3.5274
           3.5276     3.7008     3.7009     3.7771     4.1366     4.1366     6.2357     6.2357
           6.8031     6.8031

        KC interpolated eigenvalues at k=      0.3833      0.3833      0.3833

         -71.9850   -71.9812   -43.4985   -43.4758   -43.4757   -43.4711   -43.4711   -43.4710
          -8.8401    -8.2295    -7.8465    -7.8465    -7.7359    -7.7359    -0.5244     0.2928
           0.5690     0.5690     0.7374     0.7374     1.0405     1.4319     1.4319     1.4628
           1.9099     1.9099     2.2703     2.6962     2.8982     2.8983     3.0768     3.5316
           3.5318     3.6941     3.6942     3.7752     4.1328     4.1329     6.2290     6.2291
           6.8014     6.8014

        KC interpolated eigenvalues at k=      0.4000      0.4000      0.4000

         -71.9850   -71.9813   -43.4985   -43.4762   -43.4762   -43.4710   -43.4710   -43.4703
          -8.8321    -8.2401    -7.8471    -7.8471    -7.7355    -7.7355    -0.5262     0.3378
           0.5812     0.5812     0.7302     0.7303     1.0408     1.4346     1.4346     1.4662
           1.9085     1.9085     2.2316     2.6769     2.8913     2.8914     3.0743     3.5357
           3.5358     3.6880     3.6881     3.7737     4.1294     4.1295     6.2233     6.2233
           6.7997     6.7998

        KC interpolated eigenvalues at k=      0.4167      0.4167      0.4167

         -71.9849   -71.9814   -43.4985   -43.4765   -43.4765   -43.4709   -43.4709   -43.4697
          -8.8249    -8.2495    -7.8475    -7.8475    -7.7351    -7.7351    -0.5278     0.3791
           0.5937     0.5938     0.7216     0.7217     1.0409     1.4376     1.4376     1.4697
           1.9072     1.9072     2.1916     2.6635     2.8851     2.8852     3.0722     3.5394
           3.5396     3.6825     3.6826     3.7726     4.1265     4.1265     6.2184     6.2184
           6.7982     6.7982

        KC interpolated eigenvalues at k=      0.4333      0.4333      0.4333

         -71.9848   -71.9815   -43.4985   -43.4768   -43.4768   -43.4709   -43.4709   -43.4691
          -8.8187    -8.2575    -7.8479    -7.8479    -7.7348    -7.7348    -0.5290     0.4155
           0.6066     0.6066     0.7119     0.7119     1.0408     1.4406     1.4406     1.4732
           1.9061     1.9061     2.1535     2.6545     2.8797     2.8798     3.0704     3.5428
           3.5429     3.6777     3.6778     3.7718     4.1240     4.1240     6.2144     6.2144
           6.7969     6.7969

        KC interpolated eigenvalues at k=      0.4500      0.4500      0.4500

         -71.9848   -71.9815   -43.4985   -43.4771   -43.4771   -43.4709   -43.4708   -43.4687
          -8.8137    -8.2640    -7.8482    -7.8482    -7.7345    -7.7345    -0.5299     0.4456
           0.6195     0.6196     0.7012     0.7012     1.0408     1.4433     1.4433     1.4763
           1.9051     1.9051     2.1203     2.6486     2.8753     2.8754     3.0690     3.5456
           3.5458     3.6738     3.6739     3.7712     4.1220     4.1220     6.2113     6.2113
           6.7957     6.7958

        KC interpolated eigenvalues at k=      0.4667      0.4667      0.4667

         -71.9848   -71.9816   -43.4985   -43.4773   -43.4772   -43.4708   -43.4708   -43.4684
          -8.8100    -8.2687    -7.8484    -7.8484    -7.7343    -7.7343    -0.5306     0.4683
           0.6323     0.6323     0.6900     0.6900     1.0407     1.4455     1.4455     1.4789
           1.9043     1.9043     2.0945     2.6450     2.8721     2.8722     3.0680     3.5477
           3.5479     3.6709     3.6710     3.7708     4.1205     4.1206     6.2091     6.2091
           6.7949     6.7949

        KC interpolated eigenvalues at k=      0.4833      0.4833      0.4833

         -71.9848   -71.9816   -43.4985   -43.4774   -43.4774   -43.4708   -43.4708   -43.4682
          -8.8077    -8.2716    -7.8485    -7.8485    -7.7342    -7.7342    -0.5310     0.4824
           0.6438     0.6438     0.6794     0.6794     1.0407     1.4468     1.4468     1.4806
           1.9039     1.9039     2.0781     2.6431     2.8702     2.8702     3.0674     3.5491
           3.5492     3.6691     3.6692     3.7706     4.1197     4.1197     6.2078     6.2078
           6.7944     6.7944

        KC interpolated eigenvalues at k=      0.5000      0.5000      0.5000

         -71.9847   -71.9816   -43.4985   -43.4774   -43.4774   -43.4708   -43.4708   -43.4682
          -8.8069    -8.2726    -7.8485    -7.8485    -7.7342    -7.7342    -0.5311     0.4872
           0.6498     0.6498     0.6736     0.6737     1.0407     1.4473     1.4473     1.4812
           1.9037     1.9037     2.0725     2.6425     2.8695     2.8696     3.0672     3.5495
           3.5497     3.6685     3.6686     3.7705     4.1194     4.1194     6.2073     6.2074
           6.7942     6.7942

        KC interpolated eigenvalues at k=      0.5000      0.4833      0.4833

         -71.9847   -71.9816   -43.4985   -43.4774   -43.4774   -43.4708   -43.4708   -43.4682
          -8.8067    -8.2718    -7.8497    -7.8489    -7.7342    -7.7340    -0.5316     0.4822
           0.6459     0.6487     0.6755     0.6793     1.0427     1.4450     1.4463     1.4835
           1.9032     1.9061     2.0765     2.6428     2.8672     2.8712     3.0690     3.5447
           3.5493     3.6678     3.6693     3.7709     4.1196     4.1202     6.2077     6.2079
           6.7930     6.7943

        KC interpolated eigenvalues at k=      0.5000      0.4667      0.4667

         -71.9848   -71.9817   -43.4985   -43.4775   -43.4774   -43.4708   -43.4706   -43.4685
          -8.8060    -8.2694    -7.8531    -7.8498    -7.7344    -7.7333    -0.5329     0.4681
           0.6374     0.6470     0.6793     0.6924     1.0486     1.4381     1.4434     1.4906
           1.9016     1.9132     2.0881     2.6438     2.8607     2.8762     3.0742     3.5304
           3.5484     3.6658     3.6713     3.7720     4.1202     4.1227     6.2087     6.2097
           6.7895     6.7945

        KC interpolated eigenvalues at k=      0.5000      0.4500      0.4500

         -71.9848   -71.9817   -43.4986   -43.4775   -43.4775   -43.4709   -43.4704   -43.4688
          -8.8049    -8.2653    -7.8587    -7.8513    -7.7347    -7.7323    -0.5350     0.4468
           0.6266     0.6462     0.6836     0.7093     1.0575     1.4271     1.4385     1.5031
           1.8990     1.9248     2.1064     2.6453     2.8507     2.8846     3.0819     3.5081
           3.5468     3.6623     3.6740     3.7734     4.1213     4.1267     6.2103     6.2127
           6.7837     6.7948

        KC interpolated eigenvalues at k=      0.5000      0.4333      0.4333

         -71.9848   -71.9818   -43.4986   -43.4776   -43.4776   -43.4709   -43.4701   -43.4693
          -8.8032    -8.2597    -7.8663    -7.8532    -7.7352    -7.7310    -0.5375     0.4205
           0.6140     0.6458     0.6876     0.7291     1.0688     1.4129     1.4319     1.5212
           1.8953     1.9407     2.1302     2.6468     2.8382     2.8968     3.0911     3.4792
           3.5446     3.6573     3.6772     3.7744     4.1227     4.1318     6.2127     6.2168
           6.7757     6.7951

        KC interpolated eigenvalues at k=      0.5000      0.4167      0.4167

         -71.9849   -71.9820   -43.4987   -43.4777   -43.4776   -43.4710   -43.4700   -43.4698
          -8.8010    -8.2526    -7.8758    -7.8557    -7.7361    -7.7295    -0.5403     0.3910
           0.6000     0.6448     0.6914     0.7515     1.0814     1.3962     1.4240     1.5451
           1.8907     1.9606     2.1578     2.6483     2.8243     2.9128     3.1007     3.4450
           3.5418     3.6510     3.6807     3.7748     4.1244     4.1377     6.2158     6.2220
           6.7656     6.7955

        KC interpolated eigenvalues at k=      0.5000      0.4000      0.4000

         -71.9849   -71.9821   -43.4988   -43.4778   -43.4777   -43.4711   -43.4707   -43.4694
          -8.7983    -8.2441    -7.8871    -7.8584    -7.7373    -7.7279    -0.5430     0.3597
           0.5848     0.6426     0.6949     0.7764     1.0948     1.3776     1.4150     1.5747
           1.8852     1.9842     2.1878     2.6494     2.8094     2.9327     3.1101     3.4067
           3.5384     3.6436     3.6843     3.7743     4.1265     4.1442     6.2197     6.2283
           6.7535     6.7959

        KC interpolated eigenvalues at k=      0.5000      0.3833      0.3833

         -71.9850   -71.9822   -43.4988   -43.4779   -43.4778   -43.4717   -43.4711   -43.4689
          -8.7949    -8.2342    -7.9001    -7.8614    -7.7389    -7.7263    -0.5454     0.3275
           0.5686     0.6390     0.6983     0.8034     1.1084     1.3575     1.4055     1.6096
           1.8790     2.0111     2.2188     2.6501     2.7943     2.9562     3.1182     3.3654
           3.5345     3.6355     3.6879     3.7730     4.1289     4.1509     6.2244     6.2357
           6.7397     6.7962

        KC interpolated eigenvalues at k=      0.5000      0.3667      0.3667

         -71.9850   -71.9824   -43.4989   -43.4781   -43.4778   -43.4726   -43.4712   -43.4684
          -8.7909    -8.2230    -7.9145    -7.8646    -7.7410    -7.7248    -0.5471     0.2954
           0.5516     0.6340     0.7015     0.8322     1.1222     1.3363     1.3957     1.6491
           1.8725     2.0410     2.2496     2.6504     2.7791     2.9829     3.1243     3.3228
           3.5299     3.6269     3.6911     3.7710     4.1313     4.1578     6.2301     6.2440
           6.7243     6.7964

        KC interpolated eigenvalues at k=      0.5000      0.3500      0.3500

         -71.9850   -71.9825   -43.4989   -43.4782   -43.4778   -43.4735   -43.4713   -43.4678
          -8.7862    -8.2106    -7.9303    -7.8678    -7.7435    -7.7235    -0.5480     0.2639
           0.5339     0.6280     0.7046     0.8621     1.1365     1.3142     1.3860     1.6917
           1.8664     2.0734     2.2788     2.6506     2.7641     3.0112     3.1269     3.2815
           3.5249     3.6182     3.6936     3.7690     4.1338     4.1646     6.2367     6.2532
           6.7074     6.7963

        KC interpolated eigenvalues at k=      0.5000      0.3333      0.3333

         -71.9850   -71.9826   -43.4989   -43.4783   -43.4777   -43.4746   -43.4713   -43.4672
          -8.7808    -8.1972    -7.9474    -7.8711    -7.7465    -7.7225    -0.5479     0.2337
           0.5159     0.6213     0.7077     0.8924     1.1513     1.2917     1.3766     1.7347
           1.8625     2.1081     2.3053     2.6512     2.7493     3.0374     3.1253     3.2463
           3.5195     3.6097     3.6945     3.7675     4.1359     4.1715     6.2443     6.2632
           6.6895     6.7959

        KC interpolated eigenvalues at k=      0.5000      0.3167      0.3167

         -71.9850   -71.9827   -43.4989   -43.4784   -43.4777   -43.4757   -43.4714   -43.4665
          -8.7747    -8.1828    -7.9657    -7.8743    -7.7500    -7.7219    -0.5468     0.2052
           0.4975     0.6142     0.7109     0.9223     1.1669     1.2694     1.3676     1.7715
           1.8668     2.1447     2.3281     2.6529     2.7345     3.0489     3.1265     3.2229
           3.5138     3.6015     3.6932     3.7673     4.1375     4.1785     6.2529     6.2740
           6.6706     6.7952

        KC interpolated eigenvalues at k=      0.5000      0.3000      0.3000

         -71.9850   -71.9828   -43.4988   -43.4785   -43.4775   -43.4767   -43.4714   -43.4658
          -8.7677    -8.1676    -7.9849    -7.8774    -7.7538    -7.7217    -0.5448     0.1788
           0.4790     0.6073     0.7145     0.9509     1.1830     1.2484     1.3592     1.7904
           1.8899     2.1829     2.3459     2.6563     2.7192     3.0302     3.1449     3.2127
           3.5080     3.5939     3.6894     3.7689     4.1384     4.1858     6.2625     6.2854
           6.6511     6.7939

        KC interpolated eigenvalues at k=      0.5000      0.2833      0.2833

         -71.9850   -71.9828   -43.4986   -43.4786   -43.4778   -43.4774   -43.4714   -43.4651
          -8.7599    -8.1517    -8.0050    -7.8804    -7.7580    -7.7220    -0.5418     0.1548
           0.4604     0.6010     0.7186     0.9766     1.1969     1.2326     1.3515     1.7912
           1.9307     2.2222     2.3580     2.6620     2.7032     2.9939     3.1705     3.2137
           3.5023     3.5871     3.6832     3.7724     4.1383     4.1936     6.2731     6.2972
           6.6313     6.7922

        KC interpolated eigenvalues at k=      0.5000      0.2667      0.2667

         -71.9850   -71.9827   -43.4984   -43.4789   -43.4786   -43.4771   -43.4713   -43.4643
          -8.7513    -8.1353    -8.0258    -7.8833    -7.7624    -7.7229    -0.5382     0.1337
           0.4419     0.5957     0.7233     0.9978     1.1975     1.2348     1.3447     1.7841
           1.9779     2.2623     2.3638     2.6675     2.6880     2.9538     3.1862     3.2303
           3.4968     3.5810     3.6751     3.7774     4.1372     4.2017     6.2845     6.3095
           6.6115     6.7898

        KC interpolated eigenvalues at k=      0.5000      0.2500      0.2500

         -71.9849   -71.9827   -43.4981   -43.4799   -43.4786   -43.4769   -43.4713   -43.4635
          -8.7419    -8.1191    -8.0466    -7.8859    -7.7672    -7.7244    -0.5341     0.1156
           0.4234     0.5920     0.7288     1.0119     1.1893     1.2524     1.3393     1.7738
           2.0248     2.3027     2.3637     2.6562     2.6898     2.9168     3.1905     3.2584
           3.4917     3.5759     3.6662     3.7834     4.1351     4.2104     6.2967     6.3221
           6.5921     6.7867

        KC interpolated eigenvalues at k=      0.5000      0.2333      0.2333

         -71.9848   -71.9825   -43.4978   -43.4809   -43.4786   -43.4766   -43.4712   -43.4627
          -8.7316    -8.1050    -8.0654    -7.8882    -7.7721    -7.7266    -0.5299     0.1006
           0.4051     0.5903     0.7351     1.0168     1.1851     1.2735     1.3363     1.7620
           2.0672     2.3407     2.3603     2.6327     2.7039     2.8866     3.1908     3.2875
           3.4872     3.5716     3.6574     3.7901     4.1321     4.2194     6.3094     6.3348
           6.5733     6.7828

        KC interpolated eigenvalues at k=      0.5000      0.2167      0.2167

         -71.9847   -71.9824   -43.4974   -43.4818   -43.4786   -43.4763   -43.4710   -43.4619
          -8.7204    -8.1049    -8.0704    -7.8904    -7.7772    -7.7295    -0.5257     0.0888
           0.3871     0.5910     0.7424     1.0124     1.1868     1.2939     1.3384     1.7494
           2.1007     2.3437     2.3871     2.6079     2.7212     2.8648     3.1893     3.3134
           3.4832     3.5679     3.6501     3.7971     4.1284     4.2287     6.3222     6.3479
           6.5556     6.7781

        KC interpolated eigenvalues at k=      0.5000      0.2000      0.2000

         -71.9846   -71.9822   -43.4969   -43.4827   -43.4786   -43.4759   -43.4709   -43.4611
          -8.7085    -8.1230    -8.0573    -7.8922    -7.7823    -7.7331    -0.5218     0.0801
           0.3694     0.5944     0.7506     1.0013     1.1919     1.3083     1.3507     1.7363
           2.1203     2.3292     2.4267     2.5883     2.7400     2.8510     3.1866     3.3340
           3.4798     3.5640     3.6460     3.8041     4.1243     4.2381     6.3344     6.3613
           6.5396     6.7726

        KC interpolated eigenvalues at k=      0.5000      0.1833      0.1833

         -71.9845   -71.9819   -43.4964   -43.4835   -43.4785   -43.4756   -43.4707   -43.4603
          -8.6958    -8.1453    -8.0401    -7.8938    -7.7874    -7.7376    -0.5185     0.0742
           0.3523     0.6008     0.7597     0.9865     1.1970     1.3166     1.3736     1.7230
           2.1217     2.3102     2.4665     2.5799     2.7593     2.8442     3.1825     3.3484
           3.4769     3.5589     3.6466     3.8108     4.1200     4.2475     6.3451     6.3753
           6.5258     6.7661

        KC interpolated eigenvalues at k=      0.5000      0.1667      0.1667

         -71.9843   -71.9817   -43.4959   -43.4843   -43.4784   -43.4752   -43.4705   -43.4595
          -8.6824    -8.1684    -8.0221    -7.8951    -7.7925    -7.7428    -0.5157     0.0708
           0.3358     0.6102     0.7693     0.9710     1.2000     1.3239     1.4018     1.7094
           2.1040     2.2869     2.5061     2.5857     2.7779     2.8434     3.1773     3.3566
           3.4743     3.5524     3.6524     3.8168     4.1160     4.2567     6.3536     6.3900
           6.5150     6.7586

        KC interpolated eigenvalues at k=      0.5000      0.1500      0.1500

         -71.9842   -71.9814   -43.4953   -43.4850   -43.4783   -43.4748   -43.4703   -43.4587
          -8.6684    -8.1917    -8.0038    -7.8961    -7.7974    -7.7488    -0.5137     0.0695
           0.3201     0.6224     0.7789     0.9568     1.1999     1.3320     1.4324     1.6958
           2.0705     2.2604     2.5453     2.6033     2.7946     2.8481     3.1709     3.3591
           3.4716     3.5447     3.6625     3.8219     4.1125     4.2655     6.3592     6.4050
           6.5077     6.7502

        KC interpolated eigenvalues at k=      0.5000      0.1333      0.1333

         -71.9841   -71.9811   -43.4947   -43.4857   -43.4782   -43.4744   -43.4701   -43.4580
          -8.6539    -8.2149    -7.9857    -7.8969    -7.8021    -7.7557    -0.5122     0.0699
           0.3055     0.6370     0.7876     0.9462     1.1973     1.3406     1.4643     1.6822
           2.0265     2.2317     2.5833     2.6284     2.8085     2.8581     3.1634     3.3571
           3.4685     3.5370     3.6753     3.8256     4.1097     4.2739     6.3617     6.4199
           6.5047     6.7408

        KC interpolated eigenvalues at k=      0.5000      0.1167      0.1167

         -71.9839   -71.9808   -43.4941   -43.4863   -43.4780   -43.4741   -43.4699   -43.4574
          -8.6392    -8.2375    -7.9677    -7.8974    -7.8065    -7.7634    -0.5114     0.0713
           0.2921     0.6533     0.7939     0.9415     1.1928     1.3485     1.4965     1.6687
           1.9772     2.2020     2.6190     2.6573     2.8195     2.8723     3.1549     3.3518
           3.4646     3.5301     3.6894     3.8278     4.1080     4.2817     6.3615     6.4338
           6.5061     6.7306

        KC interpolated eigenvalues at k=      0.5000      0.1000      0.1000

         -71.9838   -71.9806   -43.4935   -43.4868   -43.4779   -43.4737   -43.4698   -43.4568
          -8.6244    -8.2592    -7.9502    -7.8978    -7.8106    -7.7718    -0.5110     0.0734
           0.2800     0.6706     0.7965     0.9445     1.1872     1.3543     1.5283     1.6554
           1.9269     2.1722     2.6508     2.6876     2.8287     2.8887     3.1454     3.3444
           3.4599     3.5246     3.7037     3.8283     4.1072     4.2887     6.3592     6.4460
           6.5119     6.7195

        KC interpolated eigenvalues at k=      0.5000      0.0833      0.0833

         -71.9836   -71.9803   -43.4929   -43.4874   -43.4778   -43.4734   -43.4696   -43.4562
          -8.6100    -8.2797    -7.9332    -7.8980    -7.8142    -7.7809    -0.5109     0.0757
           0.2695     0.6879     0.7948     0.9558     1.1812     1.3567     1.5590     1.6425
           1.8794     2.1432     2.6781     2.7171     2.8369     2.9059     3.1353     3.3360
           3.4544     3.5208     3.7174     3.8271     4.1073     4.2948     6.3557     6.4560
           6.5214     6.7078

        KC interpolated eigenvalues at k=      0.5000      0.0667      0.0667

         -71.9835   -71.9801   -43.4924   -43.4879   -43.4777   -43.4732   -43.4695   -43.4558
          -8.5964    -8.2983    -7.9169    -7.8980    -7.8173    -7.7906    -0.5110     0.0780
           0.2608     0.7044     0.7898     0.9739     1.1752     1.3549     1.5874     1.6306
           1.8377     2.1159     2.7007     2.7436     2.8444     2.9227     3.1247     3.3275
           3.4486     3.5183     3.7300     3.8243     4.1081     4.2999     6.3518     6.4637
           6.5333     6.6957

        KC interpolated eigenvalues at k=      0.5000      0.0500      0.0500

         -71.9834   -71.9800   -43.4918   -43.4883   -43.4776   -43.4730   -43.4693   -43.4555
          -8.5843    -8.3143    -7.9019    -7.8980    -7.8198    -7.8006    -0.5112     0.0800
           0.2538     0.7194     0.7828     0.9958     1.1698     1.3488     1.6121     1.6203
           1.8043     2.0918     2.7184     2.7656     2.8511     2.9382     3.1143     3.3199
           3.4433     3.5169     3.7412     3.8205     4.1093     4.3040     6.3482     6.4693
           6.5461     6.6839

        KC interpolated eigenvalues at k=      0.5000      0.0333      0.0333

         -71.9833   -71.9798   -43.4913   -43.4888   -43.4776   -43.4728   -43.4692   -43.4552
          -8.5745    -8.3269    -7.8980    -7.8884    -7.8216    -7.8102    -0.5114     0.0815
           0.2488     0.7328     0.7748     1.0174     1.1653     1.3399     1.6125     1.6315
           1.7804     2.0725     2.7313     2.7818     2.8566     2.9511     3.1051     3.3138
           3.4389     3.5162     3.7505     3.8163     4.1104     4.3070     6.3454     6.4732
           6.5580     6.6731

        KC interpolated eigenvalues at k=      0.5000      0.0167      0.0167

         -71.9833   -71.9798   -43.4909   -43.4892   -43.4775   -43.4727   -43.4692   -43.4550
          -8.5681    -8.3350    -7.8980    -7.8782    -7.8229    -7.8180    -0.5116     0.0824
           0.2457     0.7442     0.7665     1.0339     1.1622     1.3316     1.6077     1.6439
           1.7664     2.0599     2.7390     2.7916     2.8603     2.9600     3.0985     3.3098
           3.4361     3.5159     3.7569     3.8128     4.1112     4.3088     6.3436     6.4755
           6.5669     6.6651

        KC interpolated eigenvalues at k=      0.5000      0.0000      0.0000

         -71.9833   -71.9797   -43.4907   -43.4894   -43.4775   -43.4727   -43.4692   -43.4550
          -8.5658    -8.3379    -7.8980    -7.8742    -7.8235    -7.8211    -0.5116     0.0828
           0.2447     0.7511     0.7606     1.0402     1.1610     1.3282     1.6061     1.6481
           1.7619     2.0554     2.7416     2.7948     2.8616     2.9633     3.0960     3.3085
           3.4351     3.5158     3.7592     3.8114     4.1115     4.3094     6.3430     6.4763
           6.5703     6.6621

        KC interpolated eigenvalues at k=      0.5000      0.0000      0.0167

         -71.9833   -71.9798   -43.4907   -43.4893   -43.4775   -43.4727   -43.4692   -43.4550
          -8.5659    -8.3371    -7.8989    -7.8753    -7.8239    -7.8193    -0.5106     0.0828
           0.2454     0.7501     0.7609     1.0357     1.1605     1.3300     1.5976     1.6596
           1.7613     2.0589     2.7402     2.7929     2.8630     2.9618     3.0949     3.3062
           3.4362     3.5166     3.7600     3.8115     4.1116     4.3082     6.3425     6.4760
           6.5672     6.6650

        KC interpolated eigenvalues at k=      0.5000      0.0000      0.0333

         -71.9833   -71.9798   -43.4909   -43.4892   -43.4776   -43.4727   -43.4691   -43.4552
          -8.5662    -8.3349    -7.9018    -7.8783    -7.8243    -7.8153    -0.5075     0.0829
           0.2474     0.7474     0.7616     1.0229     1.1588     1.3353     1.5832     1.6824
           1.7598     2.0693     2.7359     2.7875     2.8668     2.9574     3.0916     3.2999
           3.4391     3.5192     3.7624     3.8116     4.1118     4.3045     6.3413     6.4752
           6.5593     6.6729

        KC interpolated eigenvalues at k=      0.5000      0.0000      0.0500

         -71.9834   -71.9800   -43.4912   -43.4891   -43.4777   -43.4728   -43.4691   -43.4555
          -8.5667    -8.3312    -7.9066    -7.8823    -7.8246    -7.8097    -0.5024     0.0830
           0.2507     0.7434     0.7622     1.0034     1.1562     1.3429     1.5704     1.7081
           1.7577     2.0861     2.7291     2.7795     2.8718     2.9501     3.0862     3.2905
           3.4429     3.5235     3.7664     3.8118     4.1123     4.2984     6.3392     6.4737
           6.5485     6.6835

        KC interpolated eigenvalues at k=      0.5000      0.0000      0.0667

         -71.9834   -71.9801   -43.4915   -43.4890   -43.4778   -43.4728   -43.4690   -43.4559
          -8.5673    -8.3263    -7.9132    -7.8866    -7.8251    -7.8034    -0.4953     0.0830
           0.2554     0.7382     0.7626     0.9796     1.1525     1.3519     1.5607     1.7334
           1.7563     2.1090     2.7199     2.7697     2.8769     2.9404     3.0787     3.2790
           3.4467     3.5292     3.7718     3.8122     4.1129     4.2900     6.3362     6.4716
           6.5368     6.6954

        KC interpolated eigenvalues at k=      0.5000      0.0000      0.0833

         -71.9835   -71.9803   -43.4919   -43.4889   -43.4780   -43.4729   -43.4689   -43.4563
          -8.5679    -8.3201    -7.9212    -7.8911    -7.8258    -7.7968    -0.4863     0.0828
           0.2614     0.7318     0.7625     0.9536     1.1482     1.3613     1.5544     1.7469
           1.7662     2.1371     2.7087     2.7582     2.8811     2.9286     3.0694     3.2662
           3.4497     3.5364     3.7786     3.8127     4.1137     4.2794     6.3324     6.4684
           6.5253     6.7074

        KC interpolated eigenvalues at k=      0.5000      0.0000      0.1000

         -71.9836   -71.9806   -43.4923   -43.4888   -43.4782   -43.4731   -43.4688   -43.4569
          -8.5684    -8.3129    -7.9303    -7.8956    -7.8267    -7.7900    -0.4756     0.0822
           0.2686     0.7238     0.7621     0.9275     1.1432     1.3705     1.5511     1.7465
           1.7890     2.1698     2.6956     2.7454     2.8832     2.9158     3.0585     3.2529
           3.4518     3.5447     3.7865     3.8137     4.1147     4.2667     6.3277     6.4642
           6.5149     6.7191

        KC interpolated eigenvalues at k=      0.5000      0.0000      0.1167

         -71.9837   -71.9809   -43.4927   -43.4888   -43.4784   -43.4733   -43.4687   -43.4575
          -8.5687    -8.3047    -7.9401    -7.9002    -7.8278    -7.7834    -0.4633     0.0811
           0.2771     0.7143     0.7610     0.9033     1.1380     1.3792     1.5504     1.7450
           1.8115     2.2059     2.6808     2.7312     2.8807     2.9043     3.0464     3.2394
           3.4529     3.5540     3.7949     3.8154     4.1159     4.2521     6.3222     6.4586
           6.5063     6.7299

        KC interpolated eigenvalues at k=      0.5000      0.0000      0.1333

         -71.9838   -71.9812   -43.4931   -43.4888   -43.4787   -43.4735   -43.4685   -43.4581
          -8.5689    -8.2959    -7.9503    -7.9049    -7.8294    -7.7770    -0.4497     0.0793
           0.2868     0.7032     0.7594     0.8824     1.1326     1.3873     1.5519     1.7441
           1.8321     2.2444     2.6644     2.7158     2.8712     2.8964     3.0338     3.2261
           3.4529     3.5640     3.8026     3.8190     4.1170     4.2358     6.3159     6.4518
           6.4996     6.7397

        KC interpolated eigenvalues at k=      0.5000      0.0000      0.1500

         -71.9839   -71.9815   -43.4936   -43.4888   -43.4790   -43.4738   -43.4684   -43.4588
          -8.5687    -8.2865    -7.9609    -7.9096    -7.8312    -7.7710    -0.4351     0.0767
           0.2976     0.6907     0.7570     0.8660     1.1275     1.3946     1.5547     1.7442
           1.8504     2.2842     2.6463     2.6994     2.8575     2.8893     3.0213     3.2133
           3.4523     3.5745     3.8077     3.8259     4.1179     4.2183     6.3089     6.4443
           6.4947     6.7482

        KC interpolated eigenvalues at k=      0.5000      0.0000      0.1667

         -71.9840   -71.9819   -43.4940   -43.4888   -43.4793   -43.4741   -43.4683   -43.4595
          -8.5681    -8.2768    -7.9715    -7.9143    -7.8335    -7.7653    -0.4197     0.0733
           0.3094     0.6776     0.7538     0.8544     1.1228     1.4014     1.5582     1.7456
           1.8662     2.3239     2.6261     2.6822     2.8430     2.8795     3.0097     3.2016
           3.4511     3.5854     3.8105     3.8354     4.1180     4.2004     6.3015     6.4365
           6.4911     6.7552

        KC interpolated eigenvalues at k=      0.5000      0.0000      0.1833

         -71.9842   -71.9823   -43.4945   -43.4889   -43.4796   -43.4744   -43.4682   -43.4601
          -8.5671    -8.2670    -7.9820    -7.9189    -7.8361    -7.7601    -0.4040     0.0692
           0.3222     0.6648     0.7500     0.8472     1.1190     1.4078     1.5618     1.7483
           1.8796     2.3619     2.6036     2.6650     2.8294     2.8657     2.9995     3.1914
           3.4497     3.5963     3.8123     3.8461     4.1164     4.1833     6.2936     6.4289
           6.4885     6.7607

        KC interpolated eigenvalues at k=      0.5000      0.0000      0.2000

         -71.9843   -71.9827   -43.4949   -43.4890   -43.4799   -43.4748   -43.4683   -43.4607
          -8.5657    -8.2573    -7.9922    -7.9234    -7.8390    -7.7554    -0.3886     0.0647
           0.3359     0.6534     0.7456     0.8437     1.1162     1.4141     1.5648     1.7523
           1.8903     2.3960     2.5789     2.6490     2.8171     2.8484     2.9905     3.1831
           3.4480     3.6072     3.8137     3.8570     4.1110     4.1692     6.2857     6.4216
           6.4866     6.7646

        KC interpolated eigenvalues at k=      0.5000      0.0000      0.2167

         -71.9845   -71.9832   -43.4953   -43.4891   -43.4803   -43.4752   -43.4686   -43.4611
          -8.5637    -8.2482    -8.0019    -7.9276    -7.8422    -7.7512    -0.3740     0.0601
           0.3503     0.6443     0.7409     0.8435     1.1146     1.4202     1.5669     1.7575
           1.8986     2.4227     2.5529     2.6358     2.8053     2.8297     2.9826     3.1772
           3.4463     3.6179     3.8148     3.8674     4.0999     4.1605     6.2777     6.4149
           6.4854     6.7669

        KC interpolated eigenvalues at k=      0.5000      0.0000      0.2333

         -71.9847   -71.9836   -43.4958   -43.4893   -43.4807   -43.4755   -43.4690   -43.4613
          -8.5613    -8.2398    -8.0107    -7.9317    -7.8458    -7.7476    -0.3611     0.0563
           0.3654     0.6380     0.7360     0.8457     1.1146     1.4266     1.5675     1.7638
           1.9044     2.4361     2.5277     2.6275     2.7906     2.8150     2.9755     3.1739
           3.4443     3.6283     3.8155     3.8769     4.0838     4.1572     6.2699     6.4087
           6.4849     6.7675

        KC interpolated eigenvalues at k=      0.5000      0.0000      0.2500

         -71.9849   -71.9840   -43.4962   -43.4894   -43.4811   -43.4759   -43.4696   -43.4613
          -8.5583    -8.2325    -8.0183    -7.9355    -7.8496    -7.7445    -0.3504     0.0540
           0.3809     0.6349     0.7308     0.8502     1.1164     1.4332     1.5667     1.7708
           1.9077     2.4301     2.5063     2.6259     2.7718     2.8079     2.9693     3.1732
           3.4422     3.6382     3.8155     3.8851     4.0655     4.1570     6.2625     6.4031
           6.4849     6.7664

        KC interpolated eigenvalues at k=      0.5000      0.0000      0.2667

         -71.9851   -71.9844   -43.4966   -43.4896   -43.4814   -43.4763   -43.4704   -43.4612
          -8.5548    -8.2269    -8.0245    -7.9390    -7.8536    -7.7419    -0.3426     0.0539
           0.3968     0.6349     0.7256     0.8565     1.1200     1.4403     1.5642     1.7783
           1.9086     2.4062     2.4859     2.6297     2.7536     2.8061     2.9645     3.1748
           3.4398     3.6476     3.8145     3.8915     4.0476     4.1585     6.2556     6.3980
           6.4856     6.7637

        KC interpolated eigenvalues at k=      0.5000      0.0000      0.2833

         -71.9854   -71.9847   -43.4970   -43.4898   -43.4818   -43.4766   -43.4712   -43.4610
          -8.5508    -8.2231    -8.0288    -7.9422    -7.8578    -7.7399    -0.3382     0.0566
           0.4128     0.6378     0.7203     0.8647     1.1257     1.4477     1.5601     1.7860
           1.9072     2.3726     2.4612     2.6338     2.7402     2.8085     2.9617     3.1785
           3.4370     3.6565     3.8118     3.8956     4.0320     4.1607     6.2492     6.3933
           6.4870     6.7594

        KC interpolated eigenvalues at k=      0.5000      0.0000      0.3000

         -71.9857   -71.9850   -43.4974   -43.4900   -43.4822   -43.4769   -43.4721   -43.4608
          -8.5463    -8.2215    -8.0310    -7.9450    -7.8621    -7.7384    -0.3373     0.0623
           0.4288     0.6433     0.7150     0.8745     1.1334     1.4555     1.5545     1.7937
           1.9037     2.3346     2.4303     2.6345     2.7326     2.8142     2.9617     3.1840
           3.4338     3.6647     3.8066     3.8973     4.0201     4.1633     6.2435     6.3891
           6.4891     6.7536

        KC interpolated eigenvalues at k=      0.5000      0.0000      0.3167

         -71.9861   -71.9852   -43.4977   -43.4902   -43.4826   -43.4773   -43.4730   -43.4605
          -8.5414    -8.2221    -8.0311    -7.9476    -7.8665    -7.7374    -0.3396     0.0708
           0.4446     0.6509     0.7098     0.8860     1.1433     1.4635     1.5477     1.8012
           1.8979     2.2947     2.3940     2.6317     2.7292     2.8222     2.9652     3.1909
           3.4300     3.6723     3.7980     3.8970     4.0128     4.1661     6.2384     6.3853
           6.4921     6.7464

        KC interpolated eigenvalues at k=      0.5000      0.0000      0.3333

         -71.9864   -71.9853   -43.4981   -43.4904   -43.4830   -43.4775   -43.4739   -43.4601
          -8.5362    -8.2248    -8.0291    -7.9499    -7.8709    -7.7369    -0.3445     0.0816
           0.4599     0.6601     0.7050     0.8992     1.1550     1.4709     1.5404     1.8085
           1.8901     2.2543     2.3535     2.6277     2.7271     2.8312     2.9729     3.1990
           3.4257     3.6791     3.7858     3.8959     4.0095     4.1689     6.2339     6.3819
           6.4959     6.7380

        KC interpolated eigenvalues at k=      0.5000      0.0000      0.3500

         -71.9868   -71.9855   -43.4984   -43.4906   -43.4834   -43.4778   -43.4748   -43.4598
          -8.5307    -8.2293    -8.0255    -7.9519    -7.8753    -7.7368    -0.3515     0.0941
           0.4746     0.6702     0.7006     0.9143     1.1684     1.4761     1.5345     1.8153
           1.8803     2.2145     2.3102     2.6242     2.7247     2.8396     2.9844     3.2080
           3.4207     3.6853     3.7702     3.8950     4.0092     4.1716     6.2301     6.3788
           6.5005     6.7284

        KC interpolated eigenvalues at k=      0.5000      0.0000      0.3667

         -71.9872   -71.9856   -43.4986   -43.4908   -43.4837   -43.4781   -43.4756   -43.4595
          -8.5250    -8.2351    -8.0205    -7.9538    -7.8795    -7.7370    -0.3597     0.1074
           0.4884     0.6800     0.6976     0.9313     1.1829     1.4764     1.5330     1.8215
           1.8689     2.1761     2.2655     2.6219     2.7216     2.8467     2.9991     3.2177
           3.4152     3.6906     3.7523     3.8946     4.0107     4.1741     6.2268     6.3761
           6.5061     6.7179

        KC interpolated eigenvalues at k=      0.5000      0.0000      0.3833

         -71.9875   -71.9857   -43.4989   -43.4910   -43.4840   -43.4783   -43.4763   -43.4592
          -8.5192    -8.2418    -8.0147    -7.9555    -7.8836    -7.7376    -0.3685     0.1206
           0.5012     0.6855     0.6991     0.9503     1.1980     1.4701     1.5380     1.8252
           1.8575     2.1403     2.2207     2.6210     2.7179     2.8527     3.0157     3.2278
           3.4090     3.6946     3.7338     3.8950     4.0133     4.1765     6.2241     6.3737
           6.5125     6.7066

        KC interpolated eigenvalues at k=      0.5000      0.0000      0.4000

         -71.9878   -71.9858   -43.4991   -43.4912   -43.4843   -43.4785   -43.4770   -43.4589
          -8.5136    -8.2488    -8.0083    -7.9571    -7.8874    -7.7383    -0.3772     0.1333
           0.5127     0.6849     0.7066     0.9713     1.2123     1.4593     1.5479     1.8206
           1.8522     2.1077     2.1772     2.6213     2.7137     2.8575     3.0328     3.2381
           3.4024     3.6953     3.7178     3.8958     4.0162     4.1786     6.2218     6.3716
           6.5197     6.6949

        KC interpolated eigenvalues at k=      0.5000      0.0000      0.4167

         -71.9880   -71.9859   -43.4993   -43.4913   -43.4845   -43.4787   -43.4775   -43.4587
          -8.5083    -8.2557    -8.0019    -7.9589    -7.8908    -7.7391    -0.3853     0.1447
           0.5227     0.6828     0.7152     0.9940     1.2246     1.4471     1.5608     1.8052
           1.8560     2.0791     2.1361     2.6224     2.7094     2.8615     3.0494     3.2483
           3.3955     3.6869     3.7114     3.8968     4.0190     4.1804     6.2201     6.3699
           6.5275     6.6829

        KC interpolated eigenvalues at k=      0.5000      0.0000      0.4333

         -71.9882   -71.9860   -43.4994   -43.4914   -43.4847   -43.4790   -43.4780   -43.4585
          -8.5035    -8.2620    -7.9955    -7.9607    -7.8937    -7.7400    -0.3924     0.1545
           0.5311     0.6808     0.7227     1.0178     1.2330     1.4360     1.5753     1.7847
           1.8637     2.0547     2.0989     2.6240     2.7053     2.8647     3.0644     3.2580
           3.3886     3.6727     3.7119     3.8978     4.0216     4.1820     6.2187     6.3685
           6.5357     6.6712

        KC interpolated eigenvalues at k=      0.5000      0.0000      0.4500

         -71.9884   -71.9861   -43.4995   -43.4915   -43.4849   -43.4792   -43.4782   -43.4583
          -8.4994    -8.2674    -7.9895    -7.9628    -7.8961    -7.7407    -0.3982     0.1624
           0.5378     0.6793     0.7287     1.0413     1.2361     1.4278     1.5907     1.7627
           1.8731     2.0335     2.0680     2.6258     2.7016     2.8672     3.0771     3.2668
           3.3820     3.6594     3.7135     3.8988     4.0238     4.1832     6.2176     6.3674
           6.5438     6.6602

        KC interpolated eigenvalues at k=      0.5000      0.0000      0.4667

         -71.9885   -71.9861   -43.4996   -43.4916   -43.4850   -43.4794   -43.4784   -43.4582
          -8.4963    -8.2716    -7.9842    -7.9653    -7.8979    -7.7414    -0.4025     0.1681
           0.5426     0.6782     0.7331     1.0625     1.2343     1.4232     1.6056     1.7416
           1.8829     2.0144     2.0462     2.6274     2.6988     2.8690     3.0867     3.2741
           3.3764     3.6491     3.7150     3.8995     4.0254     4.1841     6.2169     6.3666
           6.5510     6.6508

        KC interpolated eigenvalues at k=      0.5000      0.0000      0.4833

         -71.9886   -71.9861   -43.4997   -43.4916   -43.4851   -43.4795   -43.4785   -43.4581
          -8.4944    -8.2742    -7.9799    -7.9677    -7.8990    -7.7418    -0.4052     0.1717
           0.5455     0.6776     0.7357     1.0781     1.2300     1.4214     1.6179     1.7251
           1.8913     1.9989     2.0343     2.6285     2.6969     2.8701     3.0927     3.2790
           3.3725     3.6426     3.7159     3.9000     4.0263     4.1846     6.2165     6.3661
           6.5562     6.6443

        KC interpolated eigenvalues at k=      0.5000      0.0000      0.5000

         -71.9886   -71.9861   -43.4997   -43.4917   -43.4851   -43.4795   -43.4785   -43.4581
          -8.4937    -8.2751    -7.9779    -7.9691    -7.8993    -7.7419    -0.4061     0.1728
           0.5464     0.6774     0.7366     1.0840     1.2278     1.4210     1.6231     1.7184
           1.8948     1.9927     2.0306     2.6289     2.6963     2.8705     3.0947     3.2807
           3.3711     3.6403     3.7162     3.9001     4.0267     4.1848     6.2163     6.3659
           6.5582     6.6419

        KC interpolated eigenvalues at k=      0.4833      0.0000      0.4833

         -71.9885   -71.9861   -43.4997   -43.4916   -43.4851   -43.4795   -43.4785   -43.4581
          -8.4982    -8.2707    -7.9776    -7.9695    -7.8986    -7.7419    -0.4072     0.1703
           0.5420     0.6765     0.7358     1.0807     1.2314     1.4275     1.6240     1.7127
           1.8974     1.9943     2.0356     2.6279     2.6960     2.8691     3.0963     3.2819
           3.3717     3.6406     3.7156     3.9004     4.0265     4.1850     6.2172     6.3662
           6.5580     6.6431

        KC interpolated eigenvalues at k=      0.4667      0.0000      0.4667

         -71.9884   -71.9861   -43.4996   -43.4915   -43.4850   -43.4793   -43.4784   -43.4582
          -8.5107    -8.2586    -7.9770    -7.9703    -7.8963    -7.7418    -0.4107     0.1628
           0.5298     0.6736     0.7325     1.0740     1.2387     1.4462     1.6276     1.6973
           1.9040     1.9994     2.0495     2.6248     2.6951     2.8654     3.1008     3.2856
           3.3736     3.6414     3.7142     3.9010     4.0259     4.1854     6.2198     6.3672
           6.5572     6.6467

        KC interpolated eigenvalues at k=      0.4500      0.0000      0.4500

         -71.9882   -71.9860   -43.4994   -43.4914   -43.4848   -43.4790   -43.4781   -43.4583
          -8.5291    -8.2408    -7.9765    -7.9712    -7.8928    -7.7417    -0.4165     0.1503
           0.5125     0.6684     0.7253     1.0694     1.2447     1.4732     1.6361     1.6753
           1.9126     2.0084     2.0706     2.6199     2.6938     2.8602     3.1077     3.2916
           3.3767     3.6422     3.7122     3.9018     4.0252     4.1860     6.2240     6.3690
           6.5559     6.6526

        KC interpolated eigenvalues at k=      0.4333      0.0000      0.4333

         -71.9880   -71.9859   -43.4993   -43.4912   -43.4845   -43.4785   -43.4778   -43.4584
          -8.5513    -8.2195    -7.9771    -7.9706    -7.8881    -7.7415    -0.4243     0.1334
           0.4930     0.6600     0.7141     1.0701     1.2468     1.5002     1.6497     1.6540
           1.9221     2.0206     2.0968     2.6132     2.6926     2.8543     3.1167     3.2996
           3.3809     3.6426     3.7104     3.9025     4.0248     4.1867     6.2296     6.3720
           6.5543     6.6603

        KC interpolated eigenvalues at k=      0.4167      0.0000      0.4167

         -71.9876   -71.9857   -43.4990   -43.4910   -43.4842   -43.4780   -43.4775   -43.4586
          -8.5757    -8.1962    -7.9791    -7.9685    -7.8826    -7.7413    -0.4341     0.1124
           0.4734     0.6469     0.7012     1.0763     1.2450     1.5186     1.6228     1.6857
           1.9324     2.0351     2.1264     2.6045     2.6926     2.8490     3.1269     3.3093
           3.3862     3.6419     3.7097     3.9027     4.0249     4.1873     6.2362     6.3766
           6.5524     6.6696

        KC interpolated eigenvalues at k=      0.4000      0.0000      0.4000

         -71.9873   -71.9856   -43.4988   -43.4907   -43.4839   -43.4773   -43.4770   -43.4588
          -8.6014    -8.1719    -7.9815    -7.9654    -7.8764    -7.7411    -0.4455     0.0881
           0.4551     0.6282     0.6893     1.0865     1.2399     1.5249     1.5969     1.7293
           1.9438     2.0509     2.1580     2.5938     2.6956     2.8450     3.1380     3.3204
           3.3925     3.6399     3.7107     3.9020     4.0262     4.1877     6.2436     6.3830
           6.5501     6.6800

        KC interpolated eigenvalues at k=      0.3833      0.0000      0.3833

         -71.9869   -71.9854   -43.4985   -43.4905   -43.4834   -43.4766   -43.4765   -43.4591
          -8.6277    -8.1472    -7.9841    -7.9615    -7.8696    -7.7409    -0.4581     0.0613
           0.4388     0.6050     0.6792     1.0986     1.2321     1.5198     1.5751     1.7777
           1.9565     2.0672     2.1902     2.5818     2.7026     2.8430     3.1496     3.3323
           3.3997     3.6366     3.7135     3.9004     4.0287     4.1878     6.2514     6.3917
           6.5476     6.6911

        KC interpolated eigenvalues at k=      0.3667      0.0000      0.3667

         -71.9864   -71.9852   -43.4982   -43.4902   -43.4829   -43.4760   -43.4758   -43.4594
          -8.6542    -8.1226    -7.9867    -7.9571    -7.8623    -7.7406    -0.4716     0.0326
           0.4247     0.5796     0.6704     1.1103     1.2229     1.5044     1.5602     1.8241
           1.9706     2.0830     2.2220     2.5702     2.7141     2.8440     3.1612     3.3446
           3.4077     3.6329     3.7179     3.8977     4.0326     4.1875     6.2594     6.4028
           6.5448     6.7028

        KC interpolated eigenvalues at k=      0.3500      0.0000      0.3500

         -71.9860   -71.9850   -43.4979   -43.4899   -43.4824   -43.4755   -43.4750   -43.4597
          -8.6806    -8.0984    -7.9892    -7.9522    -7.8547    -7.7404    -0.4854     0.0028
           0.4129     0.5540     0.6624     1.1187     1.2139     1.4823     1.5509     1.8636
           1.9859     2.0967     2.2527     2.5619     2.7296     2.8488     3.1727     3.3568
           3.4163     3.6298     3.7236     3.8940     4.0380     4.1868     6.2674     6.4164
           6.5418     6.7145

        KC interpolated eigenvalues at k=      0.3333      0.0000      0.3333

         -71.9856   -71.9847   -43.4976   -43.4897   -43.4818   -43.4749   -43.4742   -43.4601
          -8.7065    -8.0748    -7.9916    -7.9468    -7.8469    -7.7401    -0.4990    -0.0277
           0.4034     0.5297     0.6547     1.1197     1.2078     1.4586     1.5443     1.8940
           2.0012     2.1061     2.2815     2.5600     2.7478     2.8590     3.1837     3.3686
           3.4253     3.6281     3.7302     3.8897     4.0446     4.1855     6.2754     6.4323
           6.5386     6.7261

        KC interpolated eigenvalues at k=      0.3167      0.0000      0.3167

         -71.9854   -71.9843   -43.4974   -43.4894   -43.4812   -43.4743   -43.4733   -43.4605
          -8.7319    -8.0520    -7.9937    -7.9409    -7.8390    -7.7399    -0.5120    -0.0583
           0.3961     0.5077     0.6472     1.1104     1.2065     1.4361     1.5389     1.9157
           2.0147     2.1080     2.3078     2.5673     2.7665     2.8762     3.1941     3.3796
           3.4346     3.6289     3.7375     3.8850     4.0522     4.1838     6.2835     6.4500
           6.5355     6.7372

        KC interpolated eigenvalues at k=      0.3000      0.0000      0.3000

         -71.9852   -71.9838   -43.4972   -43.4892   -43.4806   -43.4737   -43.4724   -43.4609
          -8.7566    -8.0302    -7.9957    -7.9346    -7.8309    -7.7398    -0.5238    -0.0888
           0.3907     0.4887     0.6400     1.0916     1.2076     1.4171     1.5345     1.9309
           2.0249     2.1002     2.3311     2.5843     2.7838     2.9017     3.2039     3.3896
           3.4441     3.6328     3.7455     3.8803     4.0608     4.1816     6.2919     6.4689
           6.5326     6.7476

        KC interpolated eigenvalues at k=      0.2833      0.0000      0.2833

         -71.9850   -71.9834   -43.4970   -43.4891   -43.4800   -43.4732   -43.4715   -43.4614
          -8.7804    -8.0097    -7.9971    -7.9279    -7.8229    -7.7397    -0.5339    -0.1191
           0.3873     0.4730     0.6331     1.0657     1.2070     1.4034     1.5310     1.9413
           2.0313     2.0822     2.3511     2.6097     2.7990     2.9343     3.2130     3.3985
           3.4541     3.6399     3.7544     3.8757     4.0700     4.1790     6.3006     6.4876
           6.5312     6.7572

        KC interpolated eigenvalues at k=      0.2667      0.0000      0.2667

         -71.9850   -71.9829   -43.4968   -43.4890   -43.4793   -43.4727   -43.4707   -43.4618
          -8.8033    -8.0001    -7.9886    -7.9210    -7.8151    -7.7397    -0.5419    -0.1489
           0.3857     0.4609     0.6264     1.0348     1.2015     1.3967     1.5283     1.9480
           2.0341     2.0557     2.3675     2.6406     2.8130     2.9717     3.2214     3.4064
           3.4648     3.6500     3.7644     3.8714     4.0798     4.1761     6.3098     6.5017
           6.5351     6.7657

        KC interpolated eigenvalues at k=      0.2500      0.0000      0.2500

         -71.9849   -71.9824   -43.4967   -43.4889   -43.4787   -43.4722   -43.4698   -43.4623
          -8.8252    -8.0012    -7.9704    -7.9137    -7.8074    -7.7397    -0.5476    -0.1780
           0.3858     0.4525     0.6201     0.9999     1.1903     1.3969     1.5264     1.9512
           2.0234     2.0338     2.3800     2.6742     2.8264     3.0106     3.2295     3.4135
           3.4762     3.6628     3.7762     3.8678     4.0900     4.1728     6.3195     6.5061
           6.5491     6.7730

        KC interpolated eigenvalues at k=      0.2333      0.0000      0.2333

         -71.9849   -71.9820   -43.4967   -43.4889   -43.4781   -43.4719   -43.4690   -43.4627
          -8.8459    -8.0024    -7.9529    -7.9063    -7.7999    -7.7399    -0.5507    -0.2062
           0.3877     0.4477     0.6142     0.9619     1.1739     1.4029     1.5254     1.9483
           1.9906     2.0308     2.3884     2.7084     2.8400     3.0482     3.2376     3.4203
           3.4881     3.6776     3.7903     3.8650     4.1003     4.1694     6.3297     6.5044
           6.5692     6.7790

        KC interpolated eigenvalues at k=      0.2167      0.0000      0.2167

         -71.9850   -71.9816   -43.4967   -43.4890   -43.4775   -43.4716   -43.4683   -43.4631
          -8.8654    -8.0036    -7.9366    -7.8988    -7.7928    -7.7402    -0.5510    -0.2334
           0.3913     0.4463     0.6088     0.9214     1.1538     1.4130     1.5252     1.9270
           1.9716     2.0258     2.3926     2.7417     2.8539     3.0820     3.2463     3.4269
           3.4999     3.6938     3.8072     3.8632     4.1108     4.1660     6.3406     6.5007
           6.5911     6.7836

        KC interpolated eigenvalues at k=      0.2000      0.0000      0.2000

         -71.9850   -71.9812   -43.4968   -43.4891   -43.4769   -43.4714   -43.4676   -43.4634
          -8.8837    -8.0046    -7.9214    -7.8912    -7.7862    -7.7406    -0.5487    -0.2594
           0.3965     0.4482     0.6039     0.8792     1.1314     1.4255     1.5256     1.8885
           1.9666     2.0191     2.3927     2.7735     2.8681     3.1102     3.2563     3.4335
           3.5107     3.7109     3.8263     3.8635     4.1212     4.1628     6.3519     6.4964
           6.6133     6.7869

        KC interpolated eigenvalues at k=      0.1833      0.0000      0.1833

         -71.9851   -71.9808   -43.4968   -43.4892   -43.4764   -43.4714   -43.4670   -43.4636
          -8.9007    -8.0055    -7.9074    -7.8837    -7.7800    -7.7412    -0.5436    -0.2839
           0.4032     0.4529     0.5995     0.8358     1.1075     1.4393     1.5268     1.8456
           1.9643     2.0113     2.3890     2.8032     2.8824     3.1317     3.2685     3.4400
           3.5197     3.7283     3.8429     3.8704     4.1313     4.1600     6.3636     6.4917
           6.6350     6.7888

        KC interpolated eigenvalues at k=      0.1667      0.0000      0.1667

         -71.9852   -71.9805   -43.4970   -43.4894   -43.4759   -43.4714   -43.4664   -43.4638
          -8.9163    -8.0063    -7.8945    -7.8762    -7.7744    -7.7419    -0.5361    -0.3069
           0.4114     0.4601     0.5956     0.7920     1.0829     1.4538     1.5284     1.8020
           1.9621     2.0026     2.3820     2.8308     2.8967     3.1463     3.2833     3.4463
           3.5262     3.7456     3.8494     3.8909     4.1407     4.1584     6.3755     6.4871
           6.6558     6.7894

        KC interpolated eigenvalues at k=      0.1500      0.0000      0.1500

         -71.9854   -71.9803   -43.4971   -43.4896   -43.4755   -43.4716   -43.4659   -43.4639
          -8.9305    -8.0070    -7.8827    -7.8690    -7.7693    -7.7427    -0.5263    -0.3281
           0.4208     0.4694     0.5921     0.7485     1.0579     1.4683     1.5305     1.7592
           1.9596     1.9935     2.3723     2.8560     2.9105     3.1549     3.3003     3.4521
           3.5299     3.7625     3.8509     3.9182     4.1479     4.1595     6.3876     6.4825
           6.6755     6.7889

        KC interpolated eigenvalues at k=      0.1333      0.0000      0.1333

         -71.9855   -71.9801   -43.4973   -43.4898   -43.4751   -43.4718   -43.4654   -43.4640
          -8.9434    -8.0075    -7.8721    -7.8620    -7.7649    -7.7436    -0.5147    -0.3474
           0.4311     0.4805     0.5891     0.7062     1.0329     1.4824     1.5329     1.7181
           1.9567     1.9843     2.3607     2.8790     2.9236     3.1589     3.3189     3.4575
           3.5308     3.7788     3.8513     3.9465     4.1517     4.1649     6.3996     6.4781
           6.6937     6.7873

        KC interpolated eigenvalues at k=      0.1167      0.0000      0.1167

         -71.9857   -71.9799   -43.4975   -43.4901   -43.4747   -43.4721   -43.4650   -43.4640
          -8.9548    -8.0080    -7.8626    -7.8555    -7.7611    -7.7446    -0.5017    -0.3647
           0.4418     0.4929     0.5864     0.6660     1.0084     1.4958     1.5355     1.6795
           1.9537     1.9753     2.3479     2.8999     2.9356     3.1597     3.3382     3.4622
           3.5292     3.7940     3.8514     3.9729     4.1550     4.1724     6.4112     6.4740
           6.7103     6.7849

        KC interpolated eigenvalues at k=      0.1000      0.0000      0.1000

         -71.9858   -71.9797   -43.4977   -43.4903   -43.4744   -43.4724   -43.4647   -43.4640
          -8.9647    -8.0084    -7.8543    -7.8494    -7.7579    -7.7456    -0.4881    -0.3799
           0.4526     0.5056     0.5838     0.6294     0.9846     1.5082     1.5381     1.6442
           1.9505     1.9668     2.3349     2.9186     2.9463     3.1582     3.3577     3.4663
           3.5253     3.8080     3.8515     3.9951     4.1602     4.1797     6.4222     6.4702
           6.7251     6.7819

        KC interpolated eigenvalues at k=      0.0833      0.0000      0.0833

         -71.9859   -71.9796   -43.4979   -43.4905   -43.4741   -43.4727   -43.4644   -43.4639
          -8.9731    -8.0088    -7.8471    -7.8440    -7.7553    -7.7467    -0.4744    -0.3929
           0.4630     0.5172     0.5802     0.5992     0.9620     1.5193     1.5406     1.6129
           1.9474     1.9590     2.3224     2.9351     2.9555     3.1554     3.3769     3.4698
           3.5194     3.8205     3.8516     4.0121     4.1679     4.1863     6.4324     6.4669
           6.7378     6.7786

        KC interpolated eigenvalues at k=      0.0667      0.0000      0.0667

         -71.9861   -71.9795   -43.4980   -43.4907   -43.4739   -43.4730   -43.4642   -43.4639
          -8.9800    -8.0090    -7.8412    -7.8393    -7.7533    -7.7478    -0.4615    -0.4036
           0.4723     0.5232     0.5707     0.5849     0.9414     1.5289     1.5429     1.5863
           1.9446     1.9521     2.3110     2.9493     2.9631     3.1519     3.3955     3.4726
           3.5119     3.8313     3.8516     4.0237     4.1773     4.1920     6.4414     6.4641
           6.7484     6.7753

        KC interpolated eigenvalues at k=      0.0500      0.0000      0.0500

         -71.9862   -71.9795   -43.4982   -43.4909   -43.4737   -43.4732   -43.4640   -43.4638
          -8.9854    -8.0092    -7.8365    -7.8355    -7.7519    -7.7487    -0.4503    -0.4120
           0.4803     0.5168     0.5671     0.5818     0.9236     1.5367     1.5447     1.5649
           1.9422     1.9465     2.3015     2.9608     2.9690     3.1484     3.4131     3.4748
           3.5029     3.8400     3.8517     4.0308     4.1869     4.1965     6.4488     6.4619
           6.7568     6.7722

        KC interpolated eigenvalues at k=      0.0333      0.0000      0.0333

         -71.9862   -71.9794   -43.4983   -43.4910   -43.4736   -43.4734   -43.4639   -43.4638
          -8.9893    -8.0094    -7.8331    -7.8327    -7.7509    -7.7494    -0.4416    -0.4181
           0.4863     0.5042     0.5721     0.5803     0.9097     1.5421     1.5459     1.5499
           1.9403     1.9423     2.2943     2.9694     2.9732     3.1453     3.4293     3.4763
           3.4929     3.8465     3.8517     4.0348     4.1952     4.1998     6.4543     6.4603
           6.7628     6.7698

        KC interpolated eigenvalues at k=      0.0167      0.0000      0.0167

         -71.9863   -71.9794   -43.4983   -43.4911   -43.4735   -43.4735   -43.4638   -43.4638
          -8.9916    -8.0094    -7.8310    -7.8309    -7.7503    -7.7499    -0.4359    -0.4218
           0.4901     0.4948     0.5772     0.5795     0.9007     1.5389     1.5465     1.5473
           1.9391     1.9396     2.2899     2.9748     2.9758     3.1432     3.4431     3.4772
           3.4829     3.8504     3.8517     4.0368     4.2006     4.2019     6.4578     6.4593
           6.7664     6.7682

        KC interpolated eigenvalues at k=      0.0000      0.0000      0.0000

         -71.9863   -71.9794   -43.4984   -43.4911   -43.4735   -43.4735   -43.4638   -43.4638
          -8.9924    -8.0095    -7.8303    -7.8303    -7.7501    -7.7501    -0.4340    -0.4230
           0.4914     0.4914     0.5792     0.5793     0.8976     1.5359     1.5476     1.5476
           1.9387     1.9388     2.2884     2.9766     2.9767     3.1425     3.4498     3.4773
           3.4775     3.8517     3.8518     4.0373     4.2025     4.2025     6.4590     6.4590
           6.7676     6.7677

     ENDING BAND STRUCTURE INTERPOLATION


     Writing all to output data dir /home/nicola/CODES/q-e-kcw/tempdir/cri3_kcw.save/ :
     XML data file, pseudopotentials, collected wavefunctions

     KCW          :      8.28s CPU      9.37s WALL

     INITIALIZATION: 

     init_vloc    :      0.02s CPU      0.02s WALL (       1 calls)
     init_us_1    :      0.00s CPU      0.00s WALL (       1 calls)





     h_psi        :      0.86s CPU      0.91s WALL (       8 calls)

     h_psi        :      0.86s CPU      0.91s WALL (       8 calls)
     add_vuspsi   :      0.22s CPU      0.22s WALL (       8 calls)



      General routines
     calbec       :      0.22s CPU      0.22s WALL (       8 calls)
     fft          :      0.23s CPU      0.23s WALL (       5 calls)
     ffts         :      3.30s CPU      3.51s WALL (    2688 calls)
     fftw         :      0.38s CPU      0.42s WALL (     672 calls)
     davcio       :      0.03s CPU      0.45s WALL (      72 calls)


     KCW          :      8.28s CPU      9.42s WALL


   This run was terminated on:  20:55: 0  16Sep2025            

=------------------------------------------------------------------------------=
   JOB DONE.
=------------------------------------------------------------------------------=
